GEOID,AGE_GROUP,SEX,2029
11,35-39,FEMALE,212.2921944393022
15,55-59,MALE,1718.9668100154154
30,35-39,FEMALE,315.36780473890633
48,35-39,MALE,13700.284018244467
26,0-4,FEMALE,1546.6340510362243
16,50-54,MALE,1276.233297044968
08,10-14,MALE,176.75541081972582
38,20-24,FEMALE,78.22127061765437
06,50-54,FEMALE,15611.132274900692
32,60-64,FEMALE,4442.813925268537
40,80-84,FEMALE,14291.907593191829
54,85+,FEMALE,16679.015756939712
22,80-84,MALE,14788.978012194855
26,85+,MALE,57304.29519472301
50,20-24,MALE,101.35809496474253
10,45-49,FEMALE,341.5680418678319
44,40-44,MALE,482.2433577744835
11,35-39,MALE,394.82326692061656
41,10-14,FEMALE,52.82836744128004
46,65-69,FEMALE,1381.5648443886469
22,75-79,FEMALE,14514.263776512742
30,85+,FEMALE,8677.260515720765
54,85+,MALE,11630.357496823137
23,70-74,MALE,4935.349921840081
27,75-79,MALE,16295.464031225474
04,60-64,MALE,15415.260422362117
06,0-4,MALE,4848.26275089531
46,70-74,MALE,2750.1305930761373
28,45-49,MALE,2426.0722447279904
38,50-54,FEMALE,303.0590775779253
34,0-4,MALE,1199.5023934297267
39,65-69,MALE,35134.39527609961
08,40-44,FEMALE,1524.5827437128148
18,30-34,FEMALE,1659.6964778814959
53,15-19,MALE,741.0606572265297
18,50-54,FEMALE,4125.748698603112
06,20-24,FEMALE,2538.2740293576035
25,5-9,FEMALE,63.392658610220174
48,50-54,MALE,25949.354611838717
47,5-9,FEMALE,141.50156004131435
05,0-4,MALE,805.5896071009472
01,65-69,FEMALE,11942.542258854448
49,65-69,FEMALE,3273.6485000164225
09,60-64,MALE,6647.897317472265
01,55-59,MALE,9816.797191826074
09,0-4,FEMALE,343.4774810838243
25,25-29,FEMALE,648.2678833757972
08,15-19,MALE,794.96195315592
16,40-44,FEMALE,474.97541968378044
11,10-14,FEMALE,9.131556579109112
24,70-74,MALE,14926.286973877683
11,30-34,MALE,383.76047439242404
15,80-84,MALE,4264.479263436808
15,25-29,MALE,262.25796818533655
44,30-34,FEMALE,159.79319284324976
13,15-19,MALE,1528.5034311191166
48,80-84,MALE,73986.98809982493
26,5-9,FEMALE,146.63508523564272
31,35-39,FEMALE,381.05826947472394
29,20-24,MALE,1840.8073372713661
54,10-14,FEMALE,30.31218879664742
30,0-4,MALE,180.80597413974547
13,40-44,FEMALE,3762.2041987913594
09,10-14,FEMALE,43.898414206473674
56,65-69,FEMALE,1041.672546186007
16,70-74,FEMALE,3960.315406870949
12,35-39,MALE,11560.922658761167
10,50-54,MALE,903.8801589349442
26,25-29,MALE,3113.6799550679852
04,70-74,FEMALE,16177.796958512607
23,15-19,MALE,110.43483010539425
54,50-54,FEMALE,1640.3448012064446
21,35-39,FEMALE,1700.2458740896484
28,25-29,FEMALE,549.0040069957876
25,45-49,MALE,2815.1962035091738
30,10-14,MALE,43.77974512647903
38,20-24,MALE,196.02434816306004
54,5-9,MALE,30.476223787964194
56,80-84,MALE,2000.8376208836094
55,65-69,FEMALE,9148.187613483637
11,25-29,FEMALE,92.57476875391617
13,40-44,MALE,5898.183401748378
31,35-39,MALE,660.3908238432068
45,25-29,FEMALE,878.5988678466863
49,10-14,FEMALE,81.69475284317002
23,20-24,MALE,264.46022778448264
15,0-4,MALE,230.62050094778135
08,55-59,FEMALE,3704.608445437538
12,25-29,FEMALE,2969.0854028609015
27,65-69,FEMALE,7524.7192850639485
29,85+,FEMALE,50350.454480867986
54,65-69,MALE,6804.085398120319
13,0-4,FEMALE,2049.8489987187936
11,5-9,MALE,11.120791074178044
05,10-14,MALE,129.46454282188174
42,75-79,MALE,47654.58608198343
53,75-79,MALE,22681.97049562006
48,85+,FEMALE,162344.44830145594
17,20-24,MALE,2935.813086018665
51,60-64,FEMALE,11259.34600941189
02,45-49,MALE,415.5306035867506
28,50-54,FEMALE,2466.6991254620834
20,65-69,FEMALE,5084.214389453897
26,50-54,FEMALE,5471.821691240143
28,15-19,FEMALE,203.99800024222168
04,50-54,FEMALE,3922.0339385613493
29,0-4,FEMALE,989.540683886915
23,0-4,MALE,191.99155500003536
06,55-59,FEMALE,25111.051840568784
15,80-84,FEMALE,3387.0247929044235
08,75-79,FEMALE,12732.568378631351
36,40-44,MALE,8024.71947939012
09,0-4,MALE,498.2931507201523
26,55-59,FEMALE,9342.4444165649
50,25-29,MALE,162.81754649150594
23,30-34,FEMALE,253.21914662716833
20,80-84,MALE,9539.556436411776
50,20-24,FEMALE,41.19363424086168
17,50-54,FEMALE,6006.672693067663
12,60-64,MALE,51942.11238695668
51,30-34,MALE,3251.0844325453945
22,15-19,MALE,935.6927788047294
17,65-69,FEMALE,20323.8519017558
30,35-39,MALE,533.7455896467811
09,10-14,MALE,52.233330885005735
12,40-44,FEMALE,6725.499712115108
17,5-9,FEMALE,196.1764584024856
31,25-29,MALE,469.7980697239975
32,80-84,MALE,10838.16839734399
10,85+,FEMALE,8137.894877678109
41,10-14,MALE,83.72265856742757
19,40-44,FEMALE,720.1012552961229
48,65-69,FEMALE,44891.82295728253
56,0-4,MALE,92.08912527423934
31,30-34,MALE,598.3227479768912
09,40-44,MALE,1574.7110825949353
22,45-49,MALE,3665.986393047887
38,60-64,MALE,1382.713763836649
55,15-19,FEMALE,242.0335164625493
34,0-4,FEMALE,918.6862452819116
40,25-29,MALE,1435.8481662254935
54,30-34,MALE,1153.8495616024136
44,55-59,FEMALE,851.5101860281886
47,15-19,MALE,1117.2916754381845
51,5-9,FEMALE,123.2116587505211
16,85+,FEMALE,13167.448016929866
37,60-64,FEMALE,16296.492977398528
17,85+,FEMALE,98397.98891667453
12,40-44,MALE,11770.270831690788
50,15-19,MALE,49.72099789540178
32,5-9,MALE,63.016109126491045
42,5-9,MALE,241.14103213894336
20,45-49,FEMALE,998.548557963075
13,55-59,MALE,17025.57339767976
54,70-74,MALE,8021.714004306808
35,75-79,MALE,7625.5009450771
44,15-19,MALE,53.49326787062928
17,20-24,FEMALE,986.428964357059
22,70-74,FEMALE,12259.636994254146
44,75-79,MALE,3467.5097862065354
36,5-9,MALE,285.1027931102659
13,50-54,FEMALE,7195.1212193760475
54,55-59,MALE,4002.225610202215
17,10-14,MALE,320.6911789820101
26,5-9,MALE,205.946909736835
10,30-34,MALE,514.4677210333067
24,65-69,MALE,13731.650328872696
56,10-14,MALE,31.47406553408291
41,35-39,MALE,1810.4263582736135
39,45-49,FEMALE,4615.661046776751
04,15-19,MALE,1103.5879649622566
25,55-59,FEMALE,4753.942933478266
24,5-9,FEMALE,98.87736423767605
54,45-49,FEMALE,1023.1167962258248
56,70-74,FEMALE,1392.7138080561238
54,65-69,FEMALE,4718.627829462637
04,5-9,FEMALE,100.07542722192608
30,55-59,FEMALE,868.5348824765597
21,40-44,MALE,3279.7721649706555
36,75-79,MALE,55892.55226128043
42,60-64,MALE,28579.247095669532
27,70-74,MALE,13907.194663983857
05,65-69,MALE,9884.419256223162
45,30-34,FEMALE,1435.8082915303435
10,5-9,FEMALE,13.85289442963411
37,0-4,FEMALE,1951.3423940197597
27,55-59,FEMALE,3486.0474699087267
53,10-14,MALE,197.0071781148938
56,50-54,MALE,471.69405342912694
46,35-39,FEMALE,284.28057697346986
27,60-64,FEMALE,5844.164140636267
05,15-19,FEMALE,172.98203316078175
04,80-84,MALE,25997.924768501012
41,80-84,MALE,14947.076250690334
54,55-59,FEMALE,2572.9546112716016
34,25-29,FEMALE,924.452824736922
09,5-9,FEMALE,29.839859145214934
18,20-24,MALE,1890.0000640674978
49,55-59,MALE,2717.4374424072475
10,35-39,FEMALE,327.8884318970116
35,75-79,FEMALE,6157.673170856748
33,50-54,MALE,1021.8645874671097
42,85+,MALE,82200.57380737318
15,30-34,FEMALE,174.13708146326346
53,55-59,MALE,8657.664285013445
36,10-14,MALE,368.0288453764042
12,75-79,MALE,81406.76528463539
17,0-4,MALE,2119.888017314296
26,10-14,FEMALE,184.29357591936753
37,85+,FEMALE,77433.80534148893
17,70-74,FEMALE,26639.873815619118
28,55-59,MALE,5967.090714275118
40,45-49,FEMALE,1958.197875247382
56,20-24,FEMALE,51.9563553722722
48,50-54,FEMALE,15762.999940171245
27,30-34,FEMALE,888.5352780212108
33,45-49,MALE,626.469633577326
10,75-79,MALE,3948.7129543450806
13,75-79,MALE,33638.0771494471
34,15-19,MALE,589.2656958184741
01,25-29,FEMALE,792.0708087358638
49,15-19,FEMALE,168.1581289824686
26,10-14,MALE,268.01550314491874
30,65-69,FEMALE,1895.803323894571
04,45-49,MALE,4429.247837096168
25,30-34,FEMALE,1098.3877304256443
18,15-19,FEMALE,359.965155156794
55,5-9,MALE,111.96988359281289
30,40-44,MALE,597.6805352580564
42,5-9,FEMALE,160.401312575036
17,65-69,MALE,30276.89136159538
47,60-64,FEMALE,13343.622686635164
42,60-64,FEMALE,18309.710842556364
36,65-69,MALE,42164.50172237037
49,45-49,MALE,1492.7038425894557
29,30-34,MALE,3107.7559168650814
25,65-69,FEMALE,9340.677953570776
53,70-74,MALE,19134.975068942782
22,10-14,MALE,194.6895604778652
40,60-64,MALE,11155.85295102939
17,15-19,MALE,1532.669916239454
23,5-9,FEMALE,10.97994038424719
05,30-34,FEMALE,758.8323523674751
29,55-59,MALE,9825.79831415809
39,50-54,FEMALE,7210.7437093922035
41,40-44,MALE,2011.4384260585307
36,70-74,FEMALE,36649.11690907837
18,60-64,MALE,16438.793235663117
37,20-24,FEMALE,1146.2831115921986
37,80-84,MALE,34573.85148172084
20,60-64,MALE,6172.365024584565
32,25-29,MALE,1071.8029252841247
53,35-39,FEMALE,1642.6652046745064
37,50-54,MALE,10380.767695611838
23,10-14,MALE,35.194692905838735
55,60-64,FEMALE,7511.555719607912
35,50-54,MALE,2338.2178655251887
32,70-74,MALE,10028.454740054201
47,55-59,MALE,13772.952926210155
11,45-49,MALE,389.2992891527475
49,15-19,MALE,442.73053122901155
48,65-69,MALE,66895.97619926445
19,85+,MALE,20122.38482614996
55,20-24,FEMALE,427.0642714181405
04,10-14,FEMALE,162.52633889922666
09,80-84,MALE,11236.019189348533
26,70-74,FEMALE,25487.09357430176
12,10-14,MALE,554.3490694227409
19,35-39,FEMALE,563.7446385401312
05,15-19,MALE,517.6069565914764
36,55-59,FEMALE,14591.311415141881
28,30-34,MALE,1682.2828182986232
51,50-54,FEMALE,4276.170558790427
01,75-79,FEMALE,18485.53341701117
21,25-29,FEMALE,774.3403350942356
47,50-54,FEMALE,5683.674960961051
15,75-79,FEMALE,2964.644344880565
56,45-49,FEMALE,216.66557911457957
25,55-59,MALE,7931.863309519435
37,60-64,MALE,24647.929122811183
05,35-39,MALE,1708.0042337899638
11,80-84,FEMALE,1387.6353970920868
53,0-4,FEMALE,879.2042708972092
15,85+,FEMALE,12023.090418959038
32,85+,MALE,14746.850687206172
38,10-14,MALE,31.17558781225246
40,70-74,FEMALE,11311.229876036217
21,0-4,FEMALE,796.007811608834
44,20-24,FEMALE,68.09996259767362
05,40-44,FEMALE,1262.2513797323559
13,10-14,MALE,398.6286894704523
05,75-79,FEMALE,10758.967108755533
46,35-39,MALE,448.2242717162069
06,15-19,FEMALE,1410.2287768513015
53,10-14,FEMALE,127.55699081745414
35,65-69,MALE,5628.744759503462
28,15-19,MALE,645.0803487944777
55,25-29,FEMALE,636.4110987045389
13,65-69,FEMALE,19686.85723354899
19,30-34,FEMALE,434.80294107959224
05,10-14,FEMALE,79.53960755354464
55,85+,FEMALE,50625.356306813206
11,55-59,MALE,1053.3479387956102
22,55-59,FEMALE,5332.855141651622
19,80-84,MALE,10755.243610417823
23,5-9,MALE,14.545864053019361
32,30-34,FEMALE,667.6782597193265
47,35-39,MALE,4795.467116148922
20,50-54,FEMALE,1440.6778274916096
15,65-69,FEMALE,1743.2846288034987
47,25-29,FEMALE,1372.3473293466104
34,40-44,MALE,3874.8564776254034
56,40-44,MALE,332.0169717860542
08,5-9,FEMALE,59.919739042550674
33,0-4,MALE,139.62631366233222
12,20-24,FEMALE,1743.1374764689158
18,55-59,FEMALE,6659.66721149412
53,80-84,MALE,22220.05909163473
06,0-4,FEMALE,3865.3188761072665
02,40-44,FEMALE,293.1255734691661
40,40-44,MALE,2676.5018583875417
29,60-64,FEMALE,10180.798871210092
40,15-19,MALE,580.8923285590677
51,10-14,FEMALE,141.94076715817192
17,80-84,MALE,37285.319523683684
06,70-74,FEMALE,61719.90307369559
08,80-84,FEMALE,13985.436667918284
37,5-9,MALE,222.50047717581776
44,25-29,FEMALE,112.36620324428327
56,25-29,FEMALE,73.45100266244842
28,45-49,FEMALE,1760.2884029615693
30,45-49,MALE,632.0261955280038
18,10-14,MALE,227.5762187532203
16,80-84,FEMALE,5857.024758712529
29,25-29,FEMALE,956.7360565828196
35,80-84,FEMALE,6686.872715924819
34,80-84,FEMALE,26760.17988923571
35,25-29,MALE,1211.6127361781955
23,55-59,FEMALE,1224.9906480290524
05,20-24,FEMALE,339.1960055808954
33,55-59,MALE,1784.4481039509662
22,30-34,FEMALE,1357.8197574046078
30,15-19,FEMALE,88.14304996975734
29,75-79,FEMALE,19496.526241627012
15,70-74,FEMALE,2341.81356597992
02,75-79,FEMALE,1348.5807829064013
25,80-84,MALE,20753.823789872327
26,85+,FEMALE,83085.3644379433
16,75-79,MALE,6463.374455720827
22,5-9,FEMALE,91.26799098743284
24,60-64,FEMALE,8191.387019889378
35,45-49,MALE,1830.3412092646088
13,85+,FEMALE,66227.32615923052
08,35-39,MALE,3050.5461414540714
42,20-24,MALE,2762.762140532689
08,40-44,MALE,2927.105894597257
42,0-4,FEMALE,1738.1357962870602
19,70-74,FEMALE,7108.802569960394
23,75-79,MALE,5926.088248879822
23,70-74,FEMALE,3627.9456809740373
12,0-4,FEMALE,3193.746735388752
13,70-74,MALE,29639.454941229138
31,15-19,MALE,224.09649169832244
24,80-84,FEMALE,17842.59203382424
13,35-39,MALE,5460.962757414322
10,25-29,MALE,376.863488408759
44,60-64,FEMALE,1329.3862204497225
16,80-84,MALE,6481.2020682857565
50,50-54,MALE,504.81848111388103
35,60-64,FEMALE,3049.132443543945
44,15-19,FEMALE,28.60642383968131
12,5-9,FEMALE,316.6767980490476
33,80-84,FEMALE,4612.265405637219
31,65-69,MALE,4390.8757102163645
09,25-29,FEMALE,333.19926548943204
01,55-59,FEMALE,6479.087119061395
35,15-19,MALE,396.0001886275745
06,45-49,FEMALE,10156.624926750595
29,5-9,MALE,139.16486671494317
49,20-24,FEMALE,254.68016164016382
39,30-34,MALE,5787.888161372911
11,25-29,MALE,320.03013371562787
18,65-69,MALE,19221.60784845888
53,25-29,FEMALE,793.1075305002973
36,85+,FEMALE,161048.32196851002
02,85+,MALE,2012.0768949777434
21,15-19,FEMALE,267.2088779425801
51,65-69,FEMALE,14032.93381747416
53,5-9,MALE,99.93838133520447
50,60-64,MALE,1309.6108685487034
38,0-4,MALE,158.94585219913583
26,75-79,MALE,36482.907417120376
33,55-59,FEMALE,1063.9274645941168
41,70-74,FEMALE,9651.799525000999
24,15-19,MALE,668.995210263122
13,60-64,MALE,25459.034197236873
27,25-29,FEMALE,520.042540814331
01,15-19,MALE,852.3622042584442
18,20-24,FEMALE,736.0501044765429
06,60-64,FEMALE,38877.115754312
21,45-49,MALE,3671.0487959774787
28,10-14,MALE,146.04278211018774
46,65-69,MALE,2144.955762954961
24,25-29,MALE,2190.5057244449804
39,15-19,MALE,1284.2468001569216
23,85+,FEMALE,13802.694854473537
20,40-44,FEMALE,913.3240877781896
36,25-29,FEMALE,1915.5759048107966
50,60-64,FEMALE,817.5797739120387
39,75-79,MALE,44250.074629130584
38,5-9,MALE,15.715322996348931
38,55-59,FEMALE,499.95298110351484
10,65-69,MALE,2794.3955606666323
51,80-84,FEMALE,26591.950706377942
41,65-69,FEMALE,6795.94016573039
53,80-84,FEMALE,20815.089608849226
05,60-64,MALE,8877.021416871285
19,55-59,MALE,3998.7535830457327
02,20-24,FEMALE,101.15823217770689
54,10-14,MALE,55.16561311752603
13,0-4,MALE,2502.2166994456184
48,80-84,FEMALE,73966.29335959646
11,60-64,FEMALE,953.6216293889361
22,65-69,MALE,14450.07260784733
46,60-64,MALE,1742.5839395940316
27,25-29,MALE,1466.3858350227374
56,50-54,FEMALE,293.10337476141814
15,20-24,FEMALE,68.97270450695034
10,80-84,FEMALE,3686.1062090377936
08,65-69,MALE,11070.306973866484
26,70-74,MALE,32250.178648033696
05,70-74,FEMALE,8685.91196665224
12,20-24,MALE,4996.563517148097
11,45-49,FEMALE,258.26514439498516
36,85+,MALE,104393.45537596766
06,25-29,FEMALE,3745.7752223997386
23,0-4,FEMALE,167.67346090008974
20,30-34,FEMALE,541.0875581797204
05,55-59,FEMALE,3699.9355604414204
51,25-29,MALE,2479.6400549056916
09,20-24,MALE,610.9619964186247
49,50-54,FEMALE,1234.1725009505553
16,5-9,MALE,40.511007487697185
36,50-54,FEMALE,8273.762636200898
20,35-39,FEMALE,661.4750153654863
46,25-29,FEMALE,134.18489977527068
29,20-24,FEMALE,669.291761730717
26,0-4,MALE,1914.3820403472073
22,40-44,FEMALE,2056.6061743892897
51,0-4,FEMALE,1309.690280310138
08,25-29,MALE,2222.1588117681727
38,40-44,MALE,374.6343549241535
11,80-84,MALE,1211.2756603687267
37,15-19,MALE,1479.443882420273
54,15-19,MALE,176.6496178284096
50,80-84,FEMALE,2244.880482456268
33,25-29,FEMALE,161.21792718389196
56,85+,MALE,3084.541668676058
42,35-39,MALE,6340.666785631469
24,20-24,MALE,1554.3037090043485
55,45-49,MALE,2743.1980387858594
49,25-29,MALE,931.7921215596755
54,35-39,FEMALE,734.6883918498405
02,40-44,MALE,467.4867572848548
48,10-14,MALE,963.6916081908607
18,35-39,FEMALE,1918.0623508133258
41,85+,FEMALE,32870.52623005436
48,45-49,MALE,17349.757461881116
56,75-79,MALE,2156.8781745391047
01,20-24,MALE,1625.664766294497
18,5-9,MALE,167.7865256473902
21,75-79,FEMALE,16460.760745098374
16,20-24,FEMALE,143.776893403362
09,35-39,MALE,1612.6911081107155
16,15-19,FEMALE,113.96011857293595
21,65-69,FEMALE,10688.002596463832
18,75-79,FEMALE,20884.75643756395
50,80-84,MALE,2381.9296069962265
16,10-14,FEMALE,49.49680164060528
04,10-14,MALE,225.01800963917577
53,25-29,MALE,2340.650591077912
47,10-14,FEMALE,142.6044639926014
19,70-74,MALE,9868.954430997994
35,85+,MALE,11517.425209521913
46,15-19,MALE,127.46427511471578
06,45-49,MALE,18396.215946069573
39,0-4,MALE,2640.9968485802597
31,60-64,MALE,3505.4033789101736
05,80-84,MALE,11366.378029027434
51,85+,FEMALE,62662.89482681511
42,20-24,FEMALE,929.8644852101181
08,50-54,FEMALE,2389.301601118793
26,30-34,FEMALE,2193.9718264071207
30,75-79,MALE,4457.066778124259
55,70-74,FEMALE,12747.070120812092
31,0-4,MALE,417.00864859240147
26,65-69,MALE,28792.75088602816
45,50-54,FEMALE,3780.5905086107805
37,75-79,MALE,37178.185382623255
27,55-59,MALE,5896.43380206359
10,30-34,FEMALE,253.9523587987868
04,45-49,FEMALE,2527.2358303167207
26,60-64,FEMALE,15063.91739136575
36,30-34,MALE,6508.155758155197
21,10-14,FEMALE,111.1457221675692
46,80-84,MALE,2885.7393030535995
19,75-79,MALE,10964.664075536726
55,80-84,MALE,19953.566364378716
23,10-14,FEMALE,18.03789970301748
19,80-84,FEMALE,10303.335912124225
37,10-14,FEMALE,200.20724936545145
35,65-69,FEMALE,3806.080723099213
20,65-69,MALE,7510.931383778479
53,75-79,FEMALE,18840.14464938691
09,80-84,FEMALE,11066.570347399298
19,25-29,FEMALE,300.08957886186397
38,40-44,FEMALE,211.9898732682026
48,30-34,MALE,12014.604278356337
01,5-9,MALE,144.31214498054413
24,45-49,FEMALE,1907.0688403725476
44,35-39,MALE,444.5490425608185
50,35-39,MALE,285.9018073625996
22,5-9,MALE,131.42464081778172
25,50-54,MALE,4668.815289418679
55,35-39,MALE,2397.482223323361
01,80-84,MALE,18668.986383710493
33,50-54,FEMALE,575.4394203666305
36,55-59,MALE,24235.788331006355
06,10-14,MALE,757.0168645119969
39,0-4,FEMALE,2105.21772496709
11,20-24,MALE,223.47020367713947
32,50-54,MALE,3066.3347022531157
24,35-39,FEMALE,1575.5339553962165
24,75-79,MALE,17513.79318547756
16,65-69,MALE,4045.0273975938676
40,85+,FEMALE,29332.413741266133
50,70-74,MALE,1964.8442450728692
56,20-24,MALE,161.769245773596
10,65-69,FEMALE,1981.9085996468966
36,80-84,MALE,55305.04753161407
10,0-4,MALE,191.5161711301581
06,35-39,MALE,16548.978575257155
39,40-44,FEMALE,3858.8345252308277
36,25-29,MALE,4727.940095410622
25,45-49,FEMALE,1616.083665569433
24,40-44,FEMALE,1736.997839630094
35,70-74,MALE,6575.582040330513
45,0-4,FEMALE,1002.6086658091331
08,70-74,MALE,12728.865122960406
45,15-19,MALE,849.4787090721387
04,55-59,FEMALE,6260.205463440463
01,50-54,MALE,6092.39825182367
30,50-54,MALE,906.861512656298
49,40-44,FEMALE,856.2748012673574
34,30-34,MALE,3322.1855279543756
29,70-74,MALE,19928.15378875919
21,30-34,FEMALE,1280.5030452814278
22,50-54,FEMALE,3151.241655680901
02,65-69,MALE,1690.7790122572794
38,30-34,MALE,362.30371442807217
39,50-54,MALE,11145.270621878615
19,25-29,MALE,752.1221587193974
28,55-59,FEMALE,4128.549065590174
02,15-19,MALE,130.7454417028063
48,55-59,FEMALE,24292.041900438013
16,15-19,MALE,239.84412577705706
29,75-79,MALE,22331.05416918413
17,15-19,FEMALE,512.5796938635978
40,65-69,MALE,12663.010889483283
49,0-4,MALE,676.7818298801831
17,30-34,FEMALE,2137.1247473537605
27,35-39,MALE,2029.8040030404366
56,55-59,MALE,748.7137485068527
25,80-84,FEMALE,20802.536225461372
29,80-84,MALE,21851.341765491597
46,10-14,MALE,35.07541784258407
54,25-29,FEMALE,373.047828095279
09,25-29,MALE,969.5666911193372
23,40-44,FEMALE,396.0347877523737
01,70-74,FEMALE,15024.709760047022
21,20-24,FEMALE,507.88070707618715
54,5-9,FEMALE,22.08674524420253
56,30-34,MALE,255.43604233256107
11,15-19,MALE,120.87098906041427
41,15-19,FEMALE,170.209861172158
55,10-14,MALE,155.5276249945162
55,40-44,FEMALE,1452.81236423001
27,0-4,MALE,868.8304371628363
13,80-84,FEMALE,32300.985255770247
39,55-59,MALE,18842.38732367838
32,0-4,FEMALE,402.26098918750597
45,45-49,MALE,3774.3359932540916
51,40-44,FEMALE,2322.979830839986
41,60-64,FEMALE,5103.086416815716
10,80-84,MALE,3748.3225849647242
48,40-44,MALE,15013.36732706144
45,55-59,MALE,9410.028347595682
13,25-29,FEMALE,1614.311669831047
41,0-4,FEMALE,374.00447074841577
16,60-64,MALE,3257.308530112766
04,40-44,FEMALE,2119.8244701327126
09,65-69,FEMALE,4986.340048712762
44,50-54,MALE,769.3525213212348
47,75-79,MALE,27488.612000343237
20,5-9,FEMALE,59.75447706430661
15,35-39,FEMALE,244.53657763369057
25,10-14,FEMALE,68.7346324361437
33,30-34,MALE,538.7157913643232
31,70-74,FEMALE,4049.9864098030735
37,0-4,MALE,2476.3147440858093
41,30-34,MALE,1683.3367643674878
41,70-74,MALE,12538.711252148165
36,40-44,FEMALE,4041.5184276195996
06,10-14,FEMALE,571.5905679284785
55,35-39,FEMALE,1250.8401621654234
33,85+,MALE,8387.409451917463
44,5-9,FEMALE,9.199365287958175
04,75-79,FEMALE,21261.352812962876
09,70-74,MALE,8444.059278723458
45,30-34,MALE,2874.646220302056
40,65-69,FEMALE,9143.790022398616
20,40-44,MALE,1429.9232718722703
12,5-9,MALE,397.18703708938267
34,85+,MALE,49157.10866845354
56,45-49,MALE,337.7391670644166
32,50-54,FEMALE,1819.1890806000388
12,25-29,MALE,7424.352450814176
27,35-39,FEMALE,1023.2567465618348
31,20-24,MALE,388.6483180605688
13,45-49,MALE,6715.230064900146
41,5-9,MALE,59.443618322295784
06,35-39,FEMALE,7120.924202513902
23,60-64,FEMALE,2001.7521270612021
30,25-29,MALE,357.8014515970949
34,30-34,FEMALE,1475.3399944454231
36,5-9,FEMALE,263.4497191546486
10,70-74,FEMALE,2607.994825289554
50,15-19,FEMALE,24.07311629861593
42,25-29,MALE,4172.387193833439
50,10-14,MALE,9.344962394165192
35,35-39,FEMALE,886.3995617739419
30,65-69,MALE,2862.922327664987
25,40-44,FEMALE,1423.2043052847093
39,55-59,FEMALE,11983.44258571772
04,40-44,MALE,4235.4536913704405
12,80-84,FEMALE,76137.05402516921
16,70-74,MALE,5108.89149223506
20,25-29,MALE,931.049452929181
28,35-39,FEMALE,1107.6922383883114
41,35-39,FEMALE,938.6013136643459
09,15-19,FEMALE,105.5838091613725
24,75-79,FEMALE,16055.477837811635
26,65-69,FEMALE,19562.413489541676
21,70-74,MALE,16550.861886600767
30,70-74,FEMALE,2655.9765685923085
09,45-49,FEMALE,880.0477994284637
24,15-19,FEMALE,237.01074013524936
15,60-64,FEMALE,1387.714846066844
40,10-14,MALE,183.7109462747465
11,0-4,FEMALE,106.42373357349142
39,20-24,FEMALE,1067.0370774199064
22,0-4,FEMALE,1015.8316462671007
17,40-44,MALE,5794.307748461447
49,35-39,MALE,1317.5524147390436
10,70-74,MALE,3235.7385913509875
19,35-39,MALE,1068.1926195086153
46,20-24,MALE,229.0989231502587
26,35-39,MALE,4640.867749347762
39,80-84,MALE,41446.630757027204
04,35-39,FEMALE,2028.8473013893756
56,35-39,FEMALE,134.0486043459552
29,85+,MALE,34344.42525631985
08,55-59,MALE,6342.350621112392
13,65-69,MALE,27529.931818656663
15,65-69,MALE,3017.5992840980434
40,50-54,MALE,4482.896449260839
25,35-39,FEMALE,1440.9860195482534
22,30-34,MALE,2716.254219383193
49,45-49,FEMALE,969.1683337902498
45,10-14,MALE,187.68747089045777
56,75-79,FEMALE,1634.091227429165
23,35-39,FEMALE,368.0482239414857
56,25-29,MALE,193.8846569552658
29,15-19,MALE,980.7368113517879
30,15-19,MALE,185.65227817671055
48,70-74,FEMALE,56360.94791591392
44,35-39,FEMALE,240.5216338438298
29,45-49,FEMALE,2359.8026730131414
29,55-59,FEMALE,6321.76941846992
12,30-34,FEMALE,4861.646615894079
20,35-39,MALE,1217.6578130705602
45,60-64,FEMALE,9355.425561042404
48,25-29,MALE,9717.745268265284
02,70-74,MALE,1837.9036817162096
15,30-34,MALE,404.3422218199573
51,55-59,MALE,11301.89260976878
15,60-64,MALE,2578.032941610948
45,55-59,FEMALE,6266.540387387924
27,20-24,MALE,1048.2957224174602
44,55-59,MALE,1410.4800596113025
19,65-69,MALE,7950.940511918681
51,35-39,FEMALE,1992.6516281461572
10,45-49,MALE,579.7245502808178
02,20-24,MALE,291.8912459830923
24,65-69,FEMALE,9684.006059632286
17,60-64,MALE,25914.18993300766
47,65-69,MALE,22136.460767062814
28,85+,FEMALE,22712.430530023994
40,85+,MALE,20190.236490836476
46,30-34,MALE,377.17309813202013
22,55-59,MALE,8285.69409416879
41,45-49,MALE,2200.7463969413125
35,55-59,FEMALE,1998.446001269401
23,80-84,FEMALE,5664.974990244895
42,10-14,MALE,328.14161107908143
16,35-39,FEMALE,399.1257149876435
22,75-79,MALE,16757.506981741444
13,10-14,FEMALE,242.49354650558726
20,60-64,FEMALE,4216.00213779793
33,70-74,MALE,4071.8975866348073
09,50-54,MALE,2547.751301763274
33,75-79,MALE,4985.562608596709
20,55-59,MALE,3786.1048875854044
34,35-39,FEMALE,1820.6912574592875
23,20-24,FEMALE,73.25663469933347
11,20-24,FEMALE,51.875114009735654
06,5-9,FEMALE,427.5753531274046
27,85+,FEMALE,46352.97638981982
40,30-34,FEMALE,965.6347548324611
44,85+,FEMALE,10683.89016959931
01,85+,MALE,25487.401749016844
48,45-49,FEMALE,10485.554695534554
30,30-34,FEMALE,259.3879304564383
19,85+,FEMALE,30702.54706655256
51,65-69,MALE,19799.059396572407
27,5-9,MALE,94.93659608807981
12,55-59,MALE,33283.29001969688
46,85+,FEMALE,7592.7821647543915
45,10-14,FEMALE,115.91903229334919
46,60-64,FEMALE,1122.4048889554617
04,30-34,MALE,4077.5256406640183
27,85+,MALE,32440.253505048677
32,0-4,MALE,538.4348080162634
55,80-84,FEMALE,18397.114305180636
38,10-14,FEMALE,18.23286919467972
36,70-74,MALE,47592.499271130626
21,5-9,FEMALE,92.6371110275469
18,40-44,FEMALE,2269.4545526893835
28,5-9,MALE,104.45227280179125
23,25-29,FEMALE,164.09995513801422
06,70-74,MALE,83226.35574970685
05,50-54,FEMALE,2337.0558486572654
30,0-4,FEMALE,133.8500624309319
25,70-74,MALE,16308.287944586038
54,70-74,FEMALE,6299.748030055115
06,85+,MALE,182973.83969253756
05,5-9,FEMALE,62.199699839434615
45,5-9,MALE,129.94295134112423
53,30-34,MALE,3015.5940690831267
53,55-59,FEMALE,5385.700742298928
35,0-4,MALE,338.12682908161463
22,85+,MALE,21209.69824009721
55,20-24,MALE,1175.2259629296632
01,30-34,MALE,2824.164322521608
49,60-64,MALE,3919.2653905594216
41,55-59,MALE,5415.380563701294
29,45-49,MALE,3879.7004231080673
42,80-84,MALE,46615.89240657174
36,45-49,FEMALE,5058.587396474158
51,0-4,MALE,1608.076422207982
34,60-64,FEMALE,10565.738700854754
33,10-14,FEMALE,22.213721699782084
10,20-24,FEMALE,96.9563379177169
51,5-9,MALE,149.99237541280064
09,20-24,FEMALE,212.54557507313692
02,55-59,FEMALE,572.750736502555
38,80-84,MALE,2261.2406666853512
39,75-79,FEMALE,39040.189893309005
54,40-44,MALE,1540.1054002699298
45,15-19,FEMALE,279.5793592367105
09,40-44,FEMALE,789.1641720401622
47,45-49,MALE,5798.535864186131
15,50-54,MALE,1078.8889929428633
02,80-84,FEMALE,1305.02356151905
26,35-39,FEMALE,2622.4452259594505
37,40-44,MALE,5853.116287110414
19,30-34,MALE,963.2380626225099
13,25-29,MALE,3848.8459615695797
56,10-14,FEMALE,13.02801245795715
31,60-64,FEMALE,2278.332670876101
53,35-39,MALE,3345.3079327545875
32,85+,FEMALE,17367.830283515417
13,85+,MALE,41906.16085346541
06,40-44,FEMALE,8335.354109196764
18,45-49,FEMALE,2675.3661672865405
20,5-9,MALE,54.209978896018484
10,20-24,MALE,245.3921247941006
24,20-24,FEMALE,455.16027062782575
08,80-84,MALE,14849.605348465022
21,25-29,MALE,1747.8785408049503
21,10-14,MALE,165.85427633679703
11,65-69,FEMALE,1029.030964078314
40,10-14,FEMALE,111.27042821153152
11,70-74,MALE,1400.367030426131
46,75-79,FEMALE,2169.397341931269
41,75-79,FEMALE,12593.3630183278
16,45-49,FEMALE,551.8013578507952
46,50-54,MALE,676.0927829017872
19,60-64,MALE,6661.301526319037
18,50-54,MALE,6543.1842716223955
09,15-19,MALE,261.7971093620974
40,70-74,MALE,13817.318889992559
04,20-24,FEMALE,726.0863619293227
54,75-79,FEMALE,7658.679448991645
32,55-59,MALE,5080.716823008165
31,80-84,MALE,6017.654578744864
42,45-49,MALE,6562.195836353687
55,65-69,MALE,14493.913775423418
02,70-74,FEMALE,1250.2122047505168
50,25-29,FEMALE,65.99608236449026
15,15-19,MALE,86.34744651617444
28,0-4,FEMALE,707.4013962792088
55,45-49,FEMALE,1635.6320405123752
56,5-9,FEMALE,7.490567341295958
09,85+,MALE,21776.56896286318
18,10-14,FEMALE,152.58255728987578
18,55-59,MALE,10417.261722375482
24,35-39,MALE,3150.8149413684578
37,30-34,MALE,5500.733299293761
10,55-59,MALE,1538.3079336925027
11,5-9,FEMALE,8.93730506024591
12,45-49,MALE,12570.032593144717
09,55-59,FEMALE,2612.686867016036
29,80-84,FEMALE,21557.527853226908
22,65-69,FEMALE,9940.40833765196
01,30-34,FEMALE,1457.4968965374628
53,45-49,MALE,3586.4465222432673
27,80-84,MALE,16897.805546464955
32,35-39,MALE,1662.7139136141523
09,75-79,FEMALE,9089.076010252658
49,25-29,FEMALE,396.91876186764745
24,0-4,MALE,1152.728879063098
48,10-14,FEMALE,653.5105558636812
33,45-49,FEMALE,347.1876764031759
11,55-59,FEMALE,677.7020678357438
53,60-64,FEMALE,8595.455809642888
49,80-84,FEMALE,7320.591350087539
40,0-4,MALE,981.3992297102988
36,60-64,MALE,36289.48096260005
30,60-64,MALE,2349.4183960086048
05,50-54,MALE,3486.650509097842
44,70-74,MALE,2988.7664832041046
05,35-39,FEMALE,1042.7526525865342
54,20-24,MALE,464.240052007238
53,85+,MALE,37060.51508991814
20,85+,FEMALE,24284.25201040476
32,25-29,FEMALE,444.8572574557247
06,75-79,FEMALE,79028.76672198325
21,20-24,MALE,1250.5690655974272
38,70-74,MALE,2037.4383394151746
26,80-84,MALE,35220.04439457801
02,0-4,FEMALE,130.05654299742002
34,55-59,MALE,11528.561717008977
04,20-24,MALE,2269.1895796580948
54,35-39,MALE,1361.8579328826352
36,15-19,MALE,1174.9092346414707
48,0-4,MALE,6560.079144347641
19,45-49,MALE,1565.0417483708154
21,80-84,FEMALE,16927.956381736527
17,0-4,FEMALE,1675.4588851085932
19,50-54,FEMALE,1411.504688557779
30,40-44,FEMALE,326.20259232243643
18,85+,MALE,35731.64911370995
15,5-9,MALE,20.08824250247441
23,65-69,FEMALE,2637.646896717269
41,60-64,MALE,8125.755688018904
53,5-9,FEMALE,107.46093776000055
49,70-74,MALE,5713.223851970547
22,80-84,FEMALE,15348.501593229637
34,45-49,FEMALE,2459.762494229116
44,85+,MALE,6515.912457030198
16,50-54,FEMALE,784.018384135227
46,55-59,FEMALE,672.6203555348117
22,45-49,FEMALE,2190.5114489147936
33,20-24,MALE,204.05987698919344
50,10-14,FEMALE,7.099667665713145
08,5-9,MALE,92.37203711981734
35,45-49,FEMALE,1025.6178007217995
47,25-29,MALE,3193.099549628624
27,40-44,MALE,2147.497466150025
37,45-49,FEMALE,4195.122690293386
36,10-14,FEMALE,256.6339431070959
44,30-34,MALE,405.7161485040532
36,45-49,MALE,8738.95754694762
32,45-49,MALE,2063.7057030386077
49,70-74,FEMALE,4590.706901792539
48,15-19,MALE,4172.267405453455
15,45-49,FEMALE,379.2962819785595
39,35-39,MALE,6378.144125843612
54,20-24,FEMALE,175.3467202432479
28,75-79,FEMALE,10570.070931752154
21,45-49,FEMALE,2393.0448768256447
44,75-79,FEMALE,3016.056914867099
42,25-29,FEMALE,1634.140891859208
34,35-39,MALE,3759.2593904792325
41,20-24,FEMALE,268.6840058629762
17,75-79,FEMALE,33097.26612372795
17,10-14,FEMALE,206.84603520362054
04,50-54,MALE,6612.342878382791
42,45-49,FEMALE,4129.932254565857
19,45-49,FEMALE,950.487896650755
38,0-4,FEMALE,104.08162799096618
04,25-29,FEMALE,1122.8365125091025
13,30-34,MALE,4954.508018745011
28,25-29,MALE,1319.0336612055926
38,15-19,FEMALE,40.96237427864974
47,85+,FEMALE,51216.654736738
23,35-39,MALE,788.3071397864954
16,25-29,FEMALE,210.30115391526323
01,40-44,FEMALE,2158.1589864194966
51,15-19,MALE,951.6635594738899
36,65-69,FEMALE,27922.373608082307
15,70-74,MALE,3739.6913767345677
55,0-4,MALE,977.3227066801942
09,60-64,FEMALE,4104.003030395516
32,75-79,FEMALE,9324.301756488672
51,75-79,MALE,27177.38423034498
25,70-74,FEMALE,12772.305205488718
17,55-59,FEMALE,10099.033241189263
50,75-79,MALE,2370.876195642729
33,35-39,MALE,629.515233649186
20,70-74,FEMALE,6816.882599630144
28,5-9,FEMALE,78.7947840923962
26,20-24,MALE,2074.1836339716956
06,20-24,MALE,7983.967085412323
32,10-14,MALE,89.31165379965631
48,70-74,MALE,71669.96393287851
12,50-54,FEMALE,12088.338134250804
13,35-39,FEMALE,3224.9994426016974
19,65-69,FEMALE,5259.0899540315195
44,80-84,FEMALE,3466.716676753169
42,70-74,FEMALE,31332.404738391175
11,65-69,MALE,1565.7743682406835
02,55-59,MALE,969.0296333597347
37,55-59,MALE,16868.129055062724
21,35-39,MALE,2967.550210270176
31,15-19,FEMALE,98.80418695380264
40,5-9,FEMALE,87.14460463674726
10,40-44,FEMALE,333.77621668154165
28,0-4,MALE,954.232171427912
02,25-29,MALE,324.1598725974898
01,0-4,MALE,1377.1430187439998
13,60-64,FEMALE,16872.21167418186
21,70-74,FEMALE,13443.318412813052
48,35-39,FEMALE,7281.861519130545
05,40-44,MALE,2007.2862942974443
02,30-34,MALE,471.2275377474116
29,50-54,FEMALE,3656.278229980665
31,70-74,MALE,5250.053617492918
13,30-34,FEMALE,2561.2132804866524
26,45-49,MALE,5593.523757709018
40,35-39,MALE,2271.031957730956
45,5-9,FEMALE,100.52236178861186
47,40-44,FEMALE,2931.1744696333753
53,40-44,MALE,3516.0501452780463
27,40-44,FEMALE,1293.656733619678
17,80-84,FEMALE,37485.69607286788
23,55-59,MALE,2158.0506385880462
53,0-4,MALE,1097.7728632931721
15,45-49,MALE,693.8549871532928
41,55-59,FEMALE,3219.324646564101
41,15-19,MALE,418.7076011740255
18,0-4,FEMALE,1278.284498859566
39,85+,FEMALE,103136.0820728392
20,20-24,MALE,761.8114122243201
31,20-24,FEMALE,160.55679671031683
46,25-29,MALE,298.92932890394167
29,65-69,MALE,18286.562781158696
44,65-69,FEMALE,1712.9419243094626
18,5-9,FEMALE,114.50722490741859
50,30-34,MALE,285.9100216165514
22,20-24,FEMALE,569.8086371842659
04,15-19,FEMALE,420.82457619725426
54,40-44,FEMALE,843.0772547876168
31,85+,FEMALE,15613.655529674994
54,75-79,MALE,9244.14056853617
46,85+,MALE,5169.2089265803215
22,50-54,MALE,5072.480294283328
45,35-39,MALE,3170.772187354944
12,85+,FEMALE,193259.08133341506
51,30-34,FEMALE,1598.4340157474685
11,40-44,FEMALE,228.29516404789797
48,0-4,FEMALE,5196.785902368011
06,30-34,MALE,15007.352449643065
36,0-4,MALE,2498.956441314477
33,5-9,FEMALE,10.88863723191037
04,65-69,FEMALE,11978.74517734743
54,80-84,MALE,7992.348856907515
29,35-39,MALE,3371.562820551371
16,75-79,FEMALE,4997.938552080664
12,0-4,MALE,4079.5248288176485
10,25-29,FEMALE,133.65334031621393
15,5-9,FEMALE,16.150104104610364
09,55-59,MALE,4404.591863887414
16,30-34,FEMALE,293.57804122619876
46,0-4,MALE,218.61521926179873
06,80-84,MALE,95563.88924885393
37,85+,MALE,50171.30334274264
47,0-4,MALE,1712.485842703656
28,60-64,FEMALE,6266.198512749299
18,85+,FEMALE,54333.05452454325
35,10-14,MALE,78.09508268299597
37,55-59,FEMALE,10889.016600575349
29,50-54,MALE,5860.986942735271
38,85+,MALE,4554.1663531145405
55,55-59,MALE,7218.517846938693
34,75-79,MALE,25967.007929061256
06,5-9,MALE,495.41349071129514
02,50-54,FEMALE,347.34043702889323
17,30-34,MALE,5038.946347430371
01,70-74,MALE,18929.08318366145
05,0-4,FEMALE,674.9722334695484
18,60-64,FEMALE,10779.029385093163
01,80-84,FEMALE,19533.670815791607
33,65-69,MALE,3589.3547651838835
21,55-59,FEMALE,5919.64458156943
22,10-14,FEMALE,138.79899531898457
16,35-39,MALE,712.4674661771132
46,5-9,MALE,19.015986306467017
38,55-59,MALE,896.2739820059858
41,20-24,MALE,890.3368073490149
50,65-69,FEMALE,999.9182328904323
53,45-49,FEMALE,2137.858550997292
55,30-34,FEMALE,1061.69990420447
38,65-69,FEMALE,1057.9338518829877
22,25-29,FEMALE,759.8992469365508
31,0-4,FEMALE,316.742232840351
21,40-44,FEMALE,1985.5960636404343
02,45-49,FEMALE,310.9878710455094
37,65-69,MALE,27914.800570616062
20,45-49,MALE,1535.0131797977383
09,30-34,MALE,1373.1632023996142
17,5-9,MALE,215.65380482310502
50,50-54,FEMALE,265.2005138868534
17,25-29,FEMALE,1447.9980046111157
34,60-64,MALE,16754.079539857878
20,10-14,MALE,107.13823998879366
34,50-54,FEMALE,4001.0594236821635
06,65-69,MALE,75083.76973096882
29,25-29,MALE,2518.8129878916757
27,65-69,MALE,11524.461248701611
50,55-59,FEMALE,471.07196799852113
15,50-54,FEMALE,591.0167873066473
19,5-9,FEMALE,44.49801483512195
37,25-29,MALE,4354.12066676647
24,0-4,FEMALE,973.5463552940766
02,35-39,MALE,546.1853963347627
48,25-29,FEMALE,3712.894165136581
27,45-49,MALE,2328.574503707037
47,10-14,MALE,225.30237674372233
33,70-74,FEMALE,2976.8437379745346
24,10-14,MALE,150.22837067842403
20,55-59,FEMALE,2418.3605012040907
32,40-44,MALE,1782.0724577274657
12,70-74,FEMALE,49521.455316662
51,80-84,MALE,26523.877274125116
27,80-84,FEMALE,15968.055048815915
51,10-14,MALE,206.10245891568454
49,35-39,FEMALE,692.6386521212155
25,60-64,MALE,11814.121849415482
11,85+,FEMALE,3539.1206006790107
17,35-39,MALE,5432.139016902091
29,60-64,MALE,15893.574435141927
38,45-49,MALE,430.6902266124331
48,20-24,MALE,7805.787316034019
19,0-4,FEMALE,378.5421433316805
54,50-54,MALE,2532.998819898077
08,25-29,FEMALE,766.8700832900579
29,5-9,FEMALE,97.31961555732255
10,55-59,FEMALE,948.8639801198485
46,30-34,FEMALE,203.56257764269674
09,50-54,FEMALE,1473.511099982164
33,10-14,MALE,20.031026643270728
25,65-69,MALE,14056.976283326787
35,30-34,MALE,1733.7869215205899
40,60-64,FEMALE,7368.216027646356
36,35-39,MALE,7715.759100795399
17,85+,MALE,64712.25099764816
50,85+,FEMALE,5747.799979736392
26,45-49,FEMALE,3403.07421224215
51,70-74,FEMALE,18126.57998193626
09,75-79,MALE,10374.833514064656
22,35-39,MALE,3250.9666065468805
28,80-84,FEMALE,11026.306742377095
30,5-9,FEMALE,21.06449355204432
48,75-79,MALE,80401.20460218874
15,55-59,FEMALE,889.1160182758518
24,55-59,FEMALE,5466.324710617078
32,35-39,FEMALE,895.1751683655093
02,60-64,MALE,1487.9186936468323
49,85+,MALE,12511.490246910782
12,75-79,FEMALE,65601.66484319637
02,30-34,FEMALE,306.1640172717221
47,80-84,MALE,25335.12416751899
36,35-39,FEMALE,3672.8562125260178
54,60-64,FEMALE,3928.0279802864475
11,40-44,MALE,405.559038545012
36,20-24,FEMALE,1085.5805217129553
54,30-34,FEMALE,620.0635954352555
02,35-39,FEMALE,301.41362084956984
01,50-54,FEMALE,4147.869052618624
08,30-34,MALE,2858.727411207628
53,20-24,FEMALE,552.6026128738227
08,70-74,FEMALE,9807.713610730936
29,15-19,FEMALE,338.72012803338464
02,0-4,MALE,176.97418713601311
26,60-64,MALE,23710.52457081055
41,50-54,MALE,3371.9139603413073
31,65-69,FEMALE,2818.655440098605
30,10-14,FEMALE,31.981228040175917
38,60-64,FEMALE,820.0655149508859
08,60-64,MALE,9382.45642017668
04,55-59,MALE,10414.45803490132
29,35-39,FEMALE,1761.6960098301602
10,15-19,MALE,116.76184711449197
31,55-59,MALE,2206.150118173483
45,80-84,FEMALE,19687.041729525416
28,65-69,MALE,10578.607833223843
50,5-9,FEMALE,5.015782852567855
49,10-14,MALE,116.5795209767343
29,0-4,MALE,1279.546526891003
46,40-44,FEMALE,261.32445369728435
20,15-19,FEMALE,185.26400722078012
01,60-64,MALE,15292.46242940628
02,75-79,MALE,1902.2213486555843
17,50-54,MALE,10338.691832142085
20,75-79,FEMALE,8225.05895832971
56,40-44,FEMALE,160.6819335914259
13,50-54,MALE,10510.57325060584
33,85+,FEMALE,12186.566049849826
49,60-64,FEMALE,2607.515724472342
55,5-9,FEMALE,86.38134064487303
44,0-4,FEMALE,99.94176605106156
12,60-64,FEMALE,32286.671230237524
30,20-24,MALE,277.8186573933996
34,10-14,FEMALE,119.75892949378141
32,55-59,FEMALE,2902.963582900424
33,65-69,FEMALE,2325.874740802137
54,0-4,FEMALE,255.52357274698664
23,40-44,MALE,773.198625267692
50,5-9,MALE,6.5969308984829755
29,30-34,FEMALE,1479.2431891838796
54,45-49,MALE,1705.528343332967
35,10-14,FEMALE,45.2902856342
44,40-44,FEMALE,245.90213392826203
10,10-14,FEMALE,19.776280665209732
12,55-59,FEMALE,20432.673512321704
36,15-19,FEMALE,491.4744535668472
54,15-19,FEMALE,92.49088649417405
32,65-69,MALE,8883.619059607621
16,65-69,FEMALE,2760.880263753247
01,15-19,FEMALE,277.1531648628958
26,25-29,FEMALE,1380.4131776937493
30,25-29,FEMALE,147.076969497286
37,50-54,FEMALE,6642.8189819251575
38,50-54,MALE,514.4947091517112
38,70-74,FEMALE,1390.0589182411215
20,80-84,FEMALE,9252.318768669254
50,0-4,MALE,56.83590932739012
16,30-34,MALE,652.0487190827205
28,70-74,FEMALE,8932.319163486112
42,30-34,MALE,5542.226377010937
06,85+,FEMALE,252671.1992113124
22,0-4,MALE,1246.8411645569365
20,25-29,FEMALE,343.5027707865145
08,45-49,FEMALE,1704.6379060856912
44,10-14,FEMALE,12.392512742774596
08,15-19,FEMALE,300.27722393909403
22,20-24,MALE,1690.242588204719
33,20-24,FEMALE,96.97914434280052
35,70-74,FEMALE,5078.17530894905
02,80-84,MALE,1677.2954509202186
34,40-44,FEMALE,1938.1027278857287
35,80-84,MALE,7174.386927782445
05,45-49,MALE,2244.6007484301053
42,65-69,FEMALE,23435.542945828252
44,5-9,MALE,12.16596120875111
55,0-4,FEMALE,851.3146485434999
04,70-74,MALE,21066.696169452232
10,85+,MALE,5823.615502753548
10,35-39,MALE,566.9814052136492
22,85+,FEMALE,32018.255093566935
29,10-14,MALE,224.88632072219932
35,85+,FEMALE,15060.412776463934
37,35-39,MALE,5712.177781643406
21,60-64,MALE,13473.677219607838
28,30-34,FEMALE,880.2068318474813
12,85+,MALE,146242.11505332944
55,40-44,MALE,2399.924047616749
19,40-44,MALE,1287.352992385302
45,65-69,FEMALE,11103.167504409883
46,5-9,FEMALE,13.378911622229666
22,60-64,FEMALE,8300.630059458845
13,15-19,FEMALE,601.8042487772752
44,25-29,MALE,250.9646110991129
53,30-34,FEMALE,1353.8812368903637
19,20-24,FEMALE,193.80989027878582
42,85+,FEMALE,126718.09237452415
25,15-19,MALE,390.18957512749
37,10-14,MALE,321.06550508836915
12,65-69,MALE,58748.42934626427
36,60-64,FEMALE,22343.570437777562
47,70-74,MALE,24233.69587720397
47,80-84,FEMALE,25629.180374733787
19,75-79,FEMALE,8909.340002848881
46,75-79,MALE,3040.460223780165
26,40-44,MALE,4989.019913647895
01,75-79,MALE,20895.791714359642
41,30-34,FEMALE,729.3191689530692
42,50-54,FEMALE,6630.487576942303
33,15-19,FEMALE,30.979517147575667
18,0-4,MALE,1627.0254371190226
19,15-19,MALE,320.5795643461067
37,35-39,FEMALE,3099.3969154572505
15,10-14,MALE,40.51733987741579
06,65-69,FEMALE,46735.93061074764
56,35-39,MALE,315.74766362627815
34,70-74,MALE,21419.574801481205
01,85+,FEMALE,39568.7705173487
04,0-4,MALE,1322.3820920673677
33,60-64,FEMALE,1707.1661621154476
12,30-34,MALE,9950.751304679108
23,45-49,MALE,762.1702832657872
44,45-49,MALE,480.86935278271966
12,70-74,MALE,65413.11782123696
56,70-74,MALE,1939.9845928227746
55,15-19,MALE,592.6395514582387
46,0-4,FEMALE,202.63951499937153
21,55-59,MALE,8838.200588247702
38,65-69,MALE,1761.479218116457
50,45-49,FEMALE,180.19128519282555
11,75-79,MALE,1346.0724885491456
39,25-29,MALE,4343.773142186411
05,20-24,MALE,912.7547391830352
05,5-9,MALE,86.60698984868169
36,0-4,FEMALE,1952.7993172663626
25,0-4,FEMALE,521.7125275356472
11,75-79,FEMALE,1315.5923319954902
13,5-9,FEMALE,182.14242575450825
49,75-79,MALE,6948.171924001052
19,55-59,FEMALE,2402.5680115697446
08,85+,MALE,24861.016583871427
25,85+,FEMALE,59726.72922196958
56,65-69,MALE,1647.7756358581582
37,80-84,FEMALE,35542.00898798796
34,10-14,MALE,158.047113876836
16,25-29,MALE,531.7067513180727
32,20-24,FEMALE,276.2600886931508
35,40-44,MALE,1929.6471610342585
53,60-64,MALE,13613.425113185367
15,40-44,FEMALE,302.371248017818
37,70-74,FEMALE,25471.158014238918
27,75-79,FEMALE,13361.949693912684
37,20-24,MALE,3104.8022471047225
31,75-79,FEMALE,4989.072239212833
20,75-79,MALE,10031.064504752587
20,70-74,MALE,8932.254588368389
40,0-4,FEMALE,769.717205180099
45,0-4,MALE,1187.8508496750114
28,65-69,FEMALE,7436.8106789265075
23,50-54,MALE,1228.49435738404
51,85+,MALE,42422.5650772738
41,5-9,FEMALE,38.57958160215369
10,5-9,MALE,17.2599088949555
05,55-59,MALE,5591.797437706438
30,60-64,FEMALE,1514.3133399168084
25,50-54,FEMALE,2713.355448819339
55,50-54,FEMALE,2552.0137959105086
56,55-59,FEMALE,512.3080001236191
16,5-9,FEMALE,36.181737563582786
28,40-44,FEMALE,1414.6720177580405
01,40-44,MALE,3652.373847361425
29,40-44,FEMALE,2079.6498006384168
42,55-59,MALE,18375.448066337496
47,20-24,FEMALE,851.2033861238496
49,30-34,FEMALE,558.6491424311487
53,65-69,FEMALE,10655.430821522234
06,60-64,MALE,66605.30933319418
06,80-84,FEMALE,92193.18058045954
34,20-24,FEMALE,514.4228456645808
49,75-79,FEMALE,6043.198864165469
01,65-69,MALE,17305.596160382825
06,25-29,MALE,11488.409428153376
15,35-39,MALE,517.9182622174552
33,35-39,FEMALE,322.26101487149043
47,70-74,FEMALE,19665.257540604223
55,25-29,MALE,1650.0378714368946
27,20-24,FEMALE,405.4913184182947
32,65-69,FEMALE,5337.9817439576855
22,35-39,FEMALE,1686.8377942164188
41,40-44,FEMALE,1048.4957056914598
11,70-74,FEMALE,1214.0976631330054
53,20-24,MALE,1545.3157834303047
45,40-44,MALE,3356.851741618575
05,85+,FEMALE,23558.533133666082
20,0-4,FEMALE,485.5501424213078
02,5-9,MALE,27.07927537101213
28,50-54,MALE,3753.4693600047244
23,25-29,MALE,383.9092687291819
48,15-19,FEMALE,1519.9497169508438
10,10-14,MALE,25.181192582619612
25,85+,MALE,39081.23969483734
35,60-64,MALE,5027.090202732498
38,45-49,FEMALE,231.04818001262515
39,45-49,MALE,7248.156725841301
06,55-59,MALE,45694.23839984953
15,10-14,FEMALE,22.596425326541056
53,85+,FEMALE,50966.87066646083
33,0-4,FEMALE,103.84590437731917
38,35-39,FEMALE,181.77062253190596
44,10-14,MALE,17.810979453853932
04,30-34,FEMALE,1797.5974417548728
28,20-24,FEMALE,415.1515579822948
37,25-29,FEMALE,1772.8248162302807
48,5-9,MALE,619.2379644281837
33,75-79,FEMALE,4229.990820742092
29,40-44,MALE,3693.082050718972
54,25-29,MALE,796.7098351329755
08,0-4,FEMALE,689.3444485524683
55,75-79,MALE,20001.04385934093
21,60-64,FEMALE,8874.938882855173
02,5-9,FEMALE,11.023373922863806
35,5-9,FEMALE,36.332632294488306
21,80-84,MALE,16301.268455262081
34,15-19,FEMALE,247.187135977486
02,10-14,MALE,37.22062423714537
56,0-4,FEMALE,83.16798927932923
16,0-4,FEMALE,273.1579598629532
48,85+,MALE,111148.45940229621
42,80-84,FEMALE,46263.53356739136
39,30-34,FEMALE,2945.9278829837262
49,5-9,FEMALE,55.13033237503297
17,25-29,MALE,4220.084115157514
10,50-54,FEMALE,545.5379158381119
38,30-34,FEMALE,176.1650510960389
41,25-29,MALE,1175.8275091099927
47,85+,MALE,34052.97498343863
24,25-29,FEMALE,807.6667440756063
40,75-79,MALE,15214.333910416186
11,50-54,FEMALE,413.87023980113304
29,10-14,FEMALE,123.96874728072467
08,85+,FEMALE,35338.66803188535
33,40-44,MALE,574.7738202411238
19,0-4,MALE,570.0827396090172
02,10-14,FEMALE,18.879009903758565
33,40-44,FEMALE,277.8310409283705
56,60-64,MALE,1267.11201518006
28,75-79,MALE,12142.307002102367
08,45-49,MALE,2941.767684915921
31,45-49,MALE,894.083975397411
16,45-49,MALE,919.0161511652047
08,0-4,MALE,827.9606239649759
46,15-19,FEMALE,75.77231080411273
50,70-74,FEMALE,1475.9841202671598
11,85+,MALE,2072.600000645097
37,70-74,MALE,31696.884009834386
02,50-54,MALE,664.2549164534153
46,55-59,MALE,1107.0272492138909
01,35-39,FEMALE,1827.8492504938445
45,85+,MALE,26494.67831915099
18,35-39,MALE,3477.4499366523905
35,20-24,FEMALE,274.37563687688004
02,65-69,FEMALE,1012.3317822396543
27,50-54,FEMALE,2098.5294359594063
49,40-44,MALE,1359.2854295902562
31,75-79,MALE,6296.5942375804625
15,0-4,FEMALE,170.42533726920476
33,5-9,MALE,23.942484746904526
04,65-69,MALE,18215.080119458147
10,15-19,FEMALE,41.792462682677325
50,40-44,MALE,310.7512951935883
30,55-59,MALE,1387.1794239232893
40,50-54,FEMALE,2861.560512411245
23,45-49,FEMALE,456.070110049043
11,10-14,MALE,23.5064040714699
08,30-34,FEMALE,1194.7899971559652
39,10-14,FEMALE,224.44176028389825
25,15-19,FEMALE,159.5812078124975
26,55-59,MALE,15132.740747764781
18,75-79,MALE,24178.90607818529
42,15-19,MALE,1262.6980451709098
39,5-9,MALE,231.51004158807945
31,5-9,FEMALE,33.64645246450246
45,65-69,MALE,16308.339507917433
01,10-14,FEMALE,89.27226993995191
38,25-29,FEMALE,100.93570923376147
35,15-19,FEMALE,145.65264636391947
49,55-59,FEMALE,1785.8210247903128
45,85+,FEMALE,39385.90039221739
23,75-79,FEMALE,4904.019204457314
48,75-79,FEMALE,68379.3461480877
24,30-34,MALE,2852.236455312396
21,15-19,MALE,590.8843787197557
42,70-74,MALE,40835.67966160338
04,25-29,MALE,3264.2179373703275
18,45-49,MALE,4390.966117457412
11,15-19,FEMALE,28.07574063636876
04,75-79,MALE,26265.42821699893
41,65-69,MALE,9961.260307218367
48,20-24,FEMALE,2695.413680781089
46,45-49,MALE,504.0584329518824
05,70-74,MALE,11177.974956305077
28,85+,MALE,14141.003485699357
39,20-24,MALE,2788.3487492291947
50,65-69,MALE,1624.6831279538733
53,40-44,FEMALE,1930.3682897951978
23,85+,MALE,9608.505167494943
44,0-4,MALE,143.56330185303665
15,75-79,MALE,4337.483141486279
37,5-9,FEMALE,183.15944142359336
18,25-29,FEMALE,1045.2943249654
21,65-69,MALE,14714.65502754216
01,0-4,FEMALE,1035.4975154893336
25,75-79,FEMALE,17871.380024113383
19,10-14,FEMALE,61.72452827212702
54,60-64,MALE,5688.381887591528
50,55-59,MALE,835.7612285503567
30,80-84,FEMALE,3705.3753294389003
15,20-24,MALE,197.4774858307199
27,10-14,FEMALE,99.518763808769
06,50-54,MALE,28082.196767781556
27,10-14,MALE,138.40709745464184
45,70-74,FEMALE,14502.634381537153
38,75-79,FEMALE,1661.5315626685003
08,65-69,FEMALE,7271.318148651218
01,25-29,MALE,2196.2436162287654
10,60-64,MALE,2380.1749996828685
35,55-59,MALE,3461.9279787588785
32,45-49,FEMALE,1222.4447558529353
28,35-39,MALE,1877.7326058138635
31,40-44,FEMALE,421.3646432955684
01,20-24,FEMALE,609.520893546105
17,70-74,MALE,33730.48124229307
32,15-19,FEMALE,154.27259114476612
17,75-79,MALE,38347.36309514247
30,75-79,FEMALE,3149.9324272538042
11,0-4,MALE,122.50524710283702
30,50-54,FEMALE,548.7569358592996
19,60-64,FEMALE,4052.996140019207
24,5-9,MALE,87.64152430618188
41,75-79,MALE,15290.012108218763
41,50-54,FEMALE,2048.25713571578
24,70-74,FEMALE,12494.339567088406
44,20-24,MALE,160.67077630159338
01,60-64,FEMALE,10036.713684973287
24,10-14,FEMALE,106.0998398890687
50,45-49,MALE,308.4820075089839
30,20-24,FEMALE,100.40029426170892
41,45-49,FEMALE,1261.528857744283
06,15-19,MALE,3510.4183975213027
13,45-49,FEMALE,4516.455452678919
55,75-79,FEMALE,16023.166994323847
32,5-9,FEMALE,52.242752008249205
34,55-59,FEMALE,7025.599688890962
32,75-79,MALE,11769.354593413787
51,35-39,MALE,3699.7706277268203
12,45-49,FEMALE,7761.239099756777
50,75-79,FEMALE,1924.1970330063575
35,40-44,FEMALE,950.203879908787
13,55-59,FEMALE,11256.375259181232
35,0-4,FEMALE,273.59067817652283
51,50-54,MALE,6662.37191993302
05,65-69,FEMALE,6761.291065562418
09,65-69,MALE,7487.899668662035
06,30-34,FEMALE,5863.188261595319
33,30-34,FEMALE,264.4152172779243
09,30-34,FEMALE,583.1010941097917
27,15-19,FEMALE,279.6216051398451
39,85+,MALE,67376.81837174617
38,25-29,MALE,266.0287804713794
29,70-74,FEMALE,15949.400776516484
31,10-14,FEMALE,40.167791661539304
05,80-84,FEMALE,11547.14548580373
16,60-64,FEMALE,2146.0037483278948
35,5-9,MALE,38.607919593682574
47,30-34,MALE,4382.189497612493
21,85+,MALE,22751.57547141112
42,0-4,MALE,2167.9015108246012
42,15-19,FEMALE,455.681167000784
17,55-59,MALE,16841.527074334623
39,70-74,MALE,39293.39527514876
45,45-49,FEMALE,2463.371356332869
16,10-14,MALE,72.24260493217294
51,55-59,FEMALE,7328.145225484745
02,85+,FEMALE,2510.4633223208093
47,0-4,FEMALE,1232.826888294326
02,60-64,FEMALE,792.7876017649534
49,80-84,MALE,7304.716779726464
04,60-64,FEMALE,9435.601620140858
36,30-34,FEMALE,2969.355377048335
45,50-54,MALE,5731.883487922805
49,50-54,MALE,1899.9308449266368
44,70-74,FEMALE,2196.0988863125754
18,25-29,MALE,2649.5050637887466
01,35-39,MALE,3242.035341212429
45,20-24,MALE,1739.2377874644872
31,25-29,FEMALE,191.34936048277595
34,45-49,MALE,4429.191777071475
23,50-54,FEMALE,709.5276852041638
13,70-74,FEMALE,24773.293953542678
15,25-29,FEMALE,100.40951776998243
31,55-59,FEMALE,1357.9541385783762
08,20-24,FEMALE,513.0570935910887
20,15-19,MALE,447.92093642702275
55,70-74,MALE,17563.488756259787
35,50-54,FEMALE,1367.1090446914152
27,60-64,MALE,9544.28004495413
39,60-64,MALE,29365.438296950422
47,65-69,FEMALE,15589.056914937333
21,85+,FEMALE,34069.78054874081
42,30-34,FEMALE,2468.5564918546356
40,80-84,MALE,14146.259165829113
31,5-9,MALE,40.993091037241555
42,55-59,FEMALE,11404.10601767118
47,30-34,FEMALE,2209.3839555614463
21,0-4,MALE,931.4363865760877
32,70-74,FEMALE,7168.938494549231
40,25-29,FEMALE,660.8345718918433
35,35-39,MALE,1910.1687545915036
24,60-64,MALE,12241.607508114193
56,60-64,FEMALE,823.6284440895412
41,0-4,MALE,517.3451118256343
45,20-24,FEMALE,602.8601461099195
19,15-19,FEMALE,142.78583143640643
27,45-49,FEMALE,1430.6849233276628
38,80-84,FEMALE,1975.5492651858665
48,55-59,MALE,40098.882242900196
18,40-44,MALE,3690.1561357375344
30,5-9,MALE,26.82122591314298
28,80-84,MALE,10506.93500538876
54,80-84,FEMALE,7906.748388217407
20,50-54,MALE,2232.854746094816
38,5-9,FEMALE,11.441146749934251
37,30-34,FEMALE,2661.494963823704
51,40-44,MALE,3812.6519561334826
17,35-39,FEMALE,2672.4033231345165
56,85+,FEMALE,4075.4854953811237
10,75-79,FEMALE,3225.2743694231117
55,10-14,FEMALE,110.35635861384392
22,60-64,MALE,12669.02791509582
26,20-24,FEMALE,820.9977948641296
51,60-64,MALE,17452.7333541183
32,30-34,MALE,1452.250510026572
49,65-69,MALE,4798.560144639779
45,75-79,MALE,21647.181983961724
26,15-19,MALE,937.5104266127607
42,40-44,MALE,6111.020362546737
08,20-24,MALE,1506.4440216925332
05,30-34,MALE,1445.3207846617067
48,5-9,FEMALE,503.3549197002929
41,85+,MALE,24333.95426843605
11,30-34,FEMALE,150.7017018195525
42,40-44,FEMALE,3542.0438528412114
37,15-19,FEMALE,527.3061507089219
46,70-74,FEMALE,1899.0202324412708
26,40-44,FEMALE,2833.056589426583
31,30-34,FEMALE,284.69953165168226
33,80-84,MALE,5058.82104869293
19,10-14,MALE,99.53980125627322
04,85+,FEMALE,51473.96968420541
40,30-34,MALE,2012.8232588436663
33,60-64,MALE,2857.9178947496707
54,0-4,MALE,357.8997244598103
34,50-54,MALE,6988.522582370143
30,45-49,FEMALE,372.79035812324605
05,60-64,FEMALE,5898.21565052551
53,15-19,FEMALE,331.504719339707
50,0-4,FEMALE,39.476808726517234
34,25-29,MALE,2457.693173207171
16,85+,MALE,10204.072249838711
39,5-9,FEMALE,169.48284007289632
48,60-64,MALE,59189.755995074964
46,40-44,MALE,473.93080300144675
34,20-24,MALE,1415.4569053647906
47,75-79,FEMALE,24351.988830722577
55,30-34,MALE,2190.795147198242
24,30-34,FEMALE,1237.4733065577805
26,50-54,MALE,8918.470262257242
20,30-34,MALE,1167.6360966182147
51,75-79,FEMALE,23682.66689103122
34,65-69,FEMALE,12883.741881621878
18,70-74,MALE,21533.95304943409
40,55-59,MALE,7083.262840547463
12,80-84,MALE,83800.72815378912
35,20-24,MALE,798.7405480834261
42,50-54,MALE,10588.917943111745
04,80-84,FEMALE,23660.424955538605
35,30-34,FEMALE,856.0456198011776
27,30-34,MALE,1828.0214643875672
13,5-9,MALE,256.0601431033127
06,40-44,MALE,17055.368706245525
08,60-64,FEMALE,5719.0280316397775
26,80-84,FEMALE,34554.063875220745
30,30-34,MALE,516.6842628581176
09,35-39,FEMALE,718.0104501711645
37,75-79,FEMALE,33096.18111022733
39,80-84,FEMALE,42464.59106291251
45,35-39,FEMALE,1781.7326002375885
44,45-49,FEMALE,259.42284213463904
23,60-64,MALE,3465.854864415139
25,75-79,MALE,20593.673504805934
55,85+,MALE,35730.32421639221
19,20-24,MALE,582.8278686970859
50,30-34,FEMALE,106.46222219251378
24,85+,MALE,29045.32257425808
53,50-54,MALE,5576.89208318702
32,10-14,FEMALE,58.800989846190525
10,60-64,FEMALE,1539.799157349976
05,75-79,MALE,12459.495665576018
49,5-9,MALE,69.78245884056922
12,15-19,MALE,2297.5992761422103
26,75-79,FEMALE,31270.569127823906
34,75-79,FEMALE,22537.05352067927
25,20-24,FEMALE,358.9452981690981
09,70-74,FEMALE,6502.362026061735
09,45-49,MALE,1592.9943844206173
25,35-39,MALE,2835.3599703160257
25,25-29,MALE,1675.959330735351
27,50-54,MALE,3504.8787626449175
56,15-19,MALE,97.91696290975747
48,30-34,FEMALE,5321.707334918607
56,30-34,FEMALE,122.39793053198787
31,50-54,MALE,1320.7130491781663
27,15-19,MALE,511.71762442300724
56,15-19,FEMALE,37.11815263495778
04,5-9,MALE,144.21874708402666
23,15-19,FEMALE,50.06685963457184
22,70-74,MALE,15422.623782546705
35,25-29,FEMALE,505.4427007156413
49,0-4,FEMALE,544.4576681980782
45,40-44,FEMALE,2078.5552862286263
26,30-34,MALE,4427.847299429646
45,25-29,MALE,2291.5531890693806
47,35-39,FEMALE,2606.278523295539
32,20-24,MALE,747.9288724618551
44,65-69,MALE,2522.701375126497
30,80-84,MALE,4199.320815331648
51,20-24,FEMALE,685.1077791552459
24,50-54,FEMALE,3098.4612665293434
55,50-54,MALE,4285.189603957808
16,40-44,MALE,781.0390023519836
27,5-9,FEMALE,82.35784779687854
44,60-64,MALE,2026.499188708141
50,35-39,FEMALE,169.9751482000339
45,60-64,MALE,14476.66041708686
11,60-64,MALE,1478.7062943889462
47,60-64,MALE,20098.94916719681
39,65-69,FEMALE,24156.08427065859
55,55-59,FEMALE,4503.602841877248
39,70-74,FEMALE,31400.308706312175
34,65-69,MALE,19391.490958511506
05,45-49,FEMALE,1518.0271634009725
17,60-64,FEMALE,16048.045492305599
25,0-4,MALE,710.1856339743166
31,40-44,MALE,742.7878470296614
34,70-74,FEMALE,17066.738444739887
25,30-34,MALE,2403.1174414217116
17,45-49,MALE,6831.13428710964
28,10-14,FEMALE,90.67141999790744
37,40-44,FEMALE,3488.074155065528
40,35-39,FEMALE,1309.5375602686772
18,80-84,FEMALE,23245.833335518793
51,70-74,MALE,22283.456449656656
25,10-14,MALE,93.61170193764448
40,20-24,MALE,1042.2528607646634
39,35-39,FEMALE,3574.3855804240934
39,10-14,MALE,403.9614123387606
45,75-79,FEMALE,18160.286690628862
46,20-24,FEMALE,90.00260760321245
47,5-9,MALE,163.88176393686396
32,15-19,MALE,360.07973292256514
56,5-9,MALE,10.381186269582113
01,5-9,FEMALE,111.0916834259249
29,65-69,FEMALE,12425.89119839614
16,55-59,MALE,2065.0277138171737
39,40-44,MALE,6642.592373394626
47,55-59,FEMALE,8835.16063162231
19,5-9,MALE,73.99201595832156
44,50-54,FEMALE,483.12209068953916
31,45-49,FEMALE,576.4180416918533
12,15-19,FEMALE,898.7762066304355
28,60-64,MALE,9329.61835122527
34,80-84,MALE,26437.232226356944
42,65-69,MALE,35167.7824303615
28,70-74,MALE,11267.656300435552
36,80-84,FEMALE,55372.14156566115
47,40-44,MALE,5192.7777203243095
23,30-34,MALE,607.7595802117345
05,25-29,MALE,1098.9688091623884
18,65-69,FEMALE,13035.88588316496
18,30-34,MALE,3323.1211501802945
25,40-44,MALE,2821.9768065256067
51,15-19,FEMALE,342.22542055032073
38,15-19,MALE,99.21768230998146
25,5-9,MALE,68.37988340287887
39,25-29,FEMALE,1854.574424695972
08,50-54,MALE,4265.7139030559065
38,35-39,MALE,388.57992964881703
34,5-9,FEMALE,87.63841342735032
47,20-24,MALE,2371.825993422517
47,15-19,FEMALE,425.654611987126
04,85+,MALE,41458.04704371153
40,75-79,FEMALE,13401.436264993612
17,45-49,FEMALE,3894.9887671043625
33,25-29,MALE,383.82348310173586
18,70-74,FEMALE,17392.700952854182
20,20-24,FEMALE,240.0820926746045
02,15-19,FEMALE,72.78703870803923
40,55-59,FEMALE,4502.369768884562
08,10-14,FEMALE,127.19658178221763
10,40-44,MALE,541.4692473933089
34,5-9,MALE,103.06379321725849
51,25-29,FEMALE,1077.4068289761533
32,60-64,MALE,7179.389732753562
21,5-9,MALE,104.29247354428932
36,50-54,MALE,14155.051894993565
20,0-4,MALE,600.461909768007
55,60-64,MALE,11957.742526084401
01,45-49,FEMALE,2716.9389652228033
01,10-14,MALE,224.69659725716642
42,10-14,FEMALE,191.17243538884145
24,80-84,MALE,17314.839035102297
38,75-79,MALE,2317.520690167301
24,40-44,MALE,3118.1687556809393
48,40-44,FEMALE,8590.415734594115
40,20-24,FEMALE,403.80632179762387
25,60-64,FEMALE,7375.127887727184
12,35-39,FEMALE,6159.633186994933
27,70-74,FEMALE,10309.035867536226
31,10-14,MALE,63.669713577371155
09,5-9,MALE,38.59842984814618
32,40-44,FEMALE,1006.961967340807
53,70-74,FEMALE,14761.517326221594
30,85+,MALE,7055.984151485119
47,45-49,FEMALE,3646.794522673976
15,40-44,MALE,604.1444001898847
30,70-74,MALE,3723.6179668224854
47,50-54,MALE,8589.043636037228
51,45-49,MALE,4236.039233243702
21,75-79,MALE,18766.5948370181
16,55-59,FEMALE,1361.1366233382407
41,80-84,FEMALE,13789.320558526215
50,40-44,FEMALE,151.55920101418096
24,50-54,MALE,4890.634618461183
49,85+,FEMALE,15691.086564496934
06,75-79,MALE,96866.76575407283
51,20-24,MALE,1951.474752910128
13,20-24,MALE,3111.579953136388
21,50-54,FEMALE,3647.4812087794708
13,20-24,FEMALE,1046.3314133099216
28,40-44,MALE,2257.0670701646172
46,80-84,FEMALE,2409.9283328711217
08,75-79,MALE,15087.540018764306
49,30-34,MALE,1126.3430697059239
48,60-64,FEMALE,37199.55667644466
18,15-19,MALE,996.1522410214122
12,65-69,FEMALE,37662.47061237951
36,20-24,MALE,3071.5554724145104
49,20-24,MALE,765.1972950054555
22,25-29,MALE,2107.889779116154
16,0-4,MALE,327.40186555570546
22,15-19,FEMALE,320.45829366114106
21,50-54,MALE,5755.4568828421625
20,10-14,FEMALE,60.979749574080245
26,15-19,FEMALE,397.7956430573845
40,40-44,FEMALE,1636.713680197357
09,85+,FEMALE,33208.72746908665
13,75-79,FEMALE,30477.88659310803
37,65-69,FEMALE,19539.28392966504
24,45-49,MALE,3252.8915638787557
04,35-39,MALE,4418.8464289697895
56,80-84,FEMALE,1727.5213251378898
45,70-74,MALE,18014.920928343454
01,45-49,MALE,4029.7616971951584
33,15-19,MALE,86.3203011731528
53,50-54,FEMALE,3351.2115529920866
38,85+,FEMALE,6517.837900168223
15,85+,MALE,8565.27456768333
28,20-24,MALE,1130.1278778886601
18,80-84,MALE,22433.99443989139
21,30-34,MALE,2574.357972545985
45,80-84,MALE,19499.194495481384
23,65-69,MALE,3843.536067197927
23,80-84,MALE,5924.633800633497
20,85+,MALE,16914.84966543516
42,35-39,FEMALE,3198.0521532085872
10,0-4,FEMALE,164.36760716805952
11,50-54,MALE,564.5683651436672
12,10-14,FEMALE,363.4075885584272
44,80-84,MALE,3490.986511448801
51,45-49,FEMALE,2737.559602298964
40,15-19,FEMALE,272.5758063180969
41,25-29,FEMALE,440.4281004428225
16,20-24,MALE,475.5579627146266
08,35-39,FEMALE,1398.5052033567908
15,15-19,FEMALE,32.15201389720067
39,15-19,FEMALE,474.25815310889993
50,85+,MALE,4081.147679191194
34,85+,FEMALE,75720.4121218382
12,50-54,MALE,19845.785876611957
04,0-4,FEMALE,1052.2348464967204
39,60-64,FEMALE,18956.828783620826
46,10-14,FEMALE,22.984200626682064
53,65-69,MALE,16092.63433238359
27,0-4,FEMALE,707.8804545860519
42,75-79,FEMALE,40326.60138795329
02,25-29,FEMALE,183.47231205754125
37,45-49,MALE,6417.264475697277
40,45-49,MALE,2966.133714052191
22,40-44,MALE,3575.2881427552775
17,40-44,FEMALE,3099.8640461718214
24,55-59,MALE,8331.077226150122
31,50-54,FEMALE,836.9167992920565
25,20-24,MALE,1000.1108013353218
24,85+,FEMALE,44118.696262119294
46,50-54,FEMALE,440.00398406457555
05,85+,MALE,16147.73283338423
05,25-29,FEMALE,462.84815513223435
46,45-49,FEMALE,347.88403561150886
32,80-84,FEMALE,9655.43372733605
13,80-84,MALE,30865.365591298636
31,85+,MALE,10835.646173102425
19,50-54,MALE,2373.5913188636273
40,5-9,MALE,117.89623863288712
31,80-84,FEMALE,5648.058869465921
36,75-79,FEMALE,47879.423372432604
