GEOID,AGE_GROUP,SEX,POPULATION_REMAINDER
01,0-4,FEMALE,0.14088826056104153
01,10-14,FEMALE,-0.3444428779621376
01,15-19,FEMALE,0.3866162953490857
01,20-24,FEMALE,0.350377413444221
01,25-29,FEMALE,0.1960336681950139
01,30-34,FEMALE,-0.011044012280763127
01,35-39,FEMALE,0.4602100615593372
01,40-44,FEMALE,-0.1885225170699414
01,45-49,FEMALE,0.3976432141789701
01,5-9,FEMALE,-0.35678986468701623
01,50-54,FEMALE,0.1524268282810226
01,55-59,FEMALE,0.33896194215049036
01,60-64,FEMALE,-0.0373911056376528
01,65-69,FEMALE,0.4603700961160939
01,70-74,FEMALE,-0.08140286948764697
01,75-79,FEMALE,0.11281762240105309
01,80-84,FEMALE,0.4603086331335362
01,85+,FEMALE,0.08583774461294524
01,0-4,MALE,0.041958913643611595
01,10-14,MALE,0.02681128852418624
01,15-19,MALE,-0.46932192028907593
01,20-24,MALE,0.3729539033374749
01,25-29,MALE,-0.37577663181582466
01,30-34,MALE,-0.3155039833509363
01,35-39,MALE,0.4529667547903955
01,40-44,MALE,-0.23449318853090517
01,45-49,MALE,0.048766417341539636
01,5-9,MALE,-0.352104307821719
01,50-54,MALE,-0.1515052029863
01,55-59,MALE,0.387979415099835
01,60-64,MALE,-0.36638273872085847
01,65-69,MALE,-0.44521149902720936
01,70-74,MALE,-0.13928109291009605
01,75-79,MALE,0.1304215170966927
01,80-84,MALE,0.2039573261863552
01,85+,MALE,0.2235520827525761
02,0-4,FEMALE,0.011025979876649217
02,10-14,FEMALE,-0.2024344432156795
02,15-19,FEMALE,-0.49518130082287826
02,20-24,FEMALE,0.45032097530929605
02,25-29,FEMALE,-0.015068071992573095
02,30-34,FEMALE,-0.002668059507414
02,35-39,FEMALE,-0.17571698582105455
02,40-44,FEMALE,0.3506975992168009
02,45-49,FEMALE,-0.1822744319542835
02,5-9,FEMALE,-0.28349828058708226
02,50-54,FEMALE,0.4919926256607141
02,55-59,FEMALE,-0.4053616285418684
02,60-64,FEMALE,0.10604494534345577
02,65-69,FEMALE,0.3756149707369332
02,70-74,FEMALE,0.42742163209913997
02,75-79,FEMALE,0.4620046241579985
02,80-84,FEMALE,-0.14964361014608585
02,85+,FEMALE,-0.24880770617164671
02,0-4,MALE,0.35806149249219743
02,10-14,MALE,0.2109374253122951
02,15-19,MALE,0.4942052634887659
02,20-24,MALE,-0.019221616732465918
02,25-29,MALE,-0.0613431395686348
02,30-34,MALE,-0.3821366464253515
02,35-39,MALE,0.49465375990985194
02,40-44,MALE,0.05996820793734514
02,45-49,MALE,0.3040107463566528
02,5-9,MALE,-0.2645850310109381
02,50-54,MALE,0.48289148416370153
02,55-59,MALE,-0.1708074542475515
02,60-64,MALE,-0.3204898740077624
02,65-69,MALE,-0.46821253179587075
02,70-74,MALE,-0.42893705858477915
02,75-79,MALE,-0.0036958871241949964
02,80-84,MALE,-0.06867904285536497
02,85+,MALE,0.43378416054656554
04,0-4,FEMALE,-0.49386650657106657
04,10-14,FEMALE,-0.18801290378905833
04,15-19,FEMALE,0.06864634915837087
04,20-24,FEMALE,-0.47217287396779284
04,25-29,FEMALE,0.31790123289101757
04,30-34,FEMALE,0.3730436135956552
04,35-39,FEMALE,-0.18699523180839606
04,40-44,FEMALE,-0.18583876005141065
04,45-49,FEMALE,-0.47063443885417655
04,5-9,FEMALE,0.17050441325409338
04,50-54,FEMALE,-0.05052109633106738
04,55-59,FEMALE,0.08370048040524125
04,60-64,FEMALE,-0.12287855189060792
04,65-69,FEMALE,-0.3291164773982018
04,70-74,FEMALE,0.37497445489862
04,75-79,FEMALE,-0.13437839614925906
04,80-84,FEMALE,0.002351539646042511
04,85+,FEMALE,-0.19114965928019956
04,0-4,MALE,-0.053099100186955184
04,10-14,MALE,0.42887859695474617
04,15-19,MALE,-0.4886329092842061
04,20-24,MALE,-0.21466454851906747
04,25-29,MALE,0.3164378876972478
04,30-34,MALE,-0.0876552672998514
04,35-39,MALE,-0.2362410217174329
04,40-44,MALE,0.3885737325181253
04,45-49,MALE,-0.11077082811971195
04,5-9,MALE,-0.3226782794808969
04,50-54,MALE,-0.2973194489313755
04,55-59,MALE,0.3879200587689411
04,60-64,MALE,0.2422224175534211
04,65-69,MALE,-0.4568638884520624
04,70-74,MALE,-0.30787257256451994
04,75-79,MALE,-0.3963473303010687
04,80-84,MALE,-0.037923641328234226
04,85+,MALE,-0.30265785474330187
05,0-4,FEMALE,-0.06629826358403079
05,10-14,FEMALE,-0.31243740078934934
05,15-19,FEMALE,-0.3504635788194719
05,20-24,FEMALE,0.38332423799147364
05,25-29,FEMALE,0.38055022149637807
05,30-34,FEMALE,-0.0917695041425759
05,35-39,FEMALE,-0.3897953158739256
05,40-44,FEMALE,-0.22836408618604764
05,45-49,FEMALE,0.2680200610193424
05,5-9,FEMALE,-0.10638421949261101
05,50-54,FEMALE,0.2209945695940405
05,55-59,FEMALE,-0.25630718855245505
05,60-64,FEMALE,0.042503348377067596
05,65-69,FEMALE,-0.005629264283925295
05,70-74,FEMALE,0.06957583331677597
05,75-79,FEMALE,-0.07848691640538163
05,80-84,FEMALE,0.022365633441950195
05,85+,FEMALE,-0.08207846290315501
05,0-4,MALE,-0.10923495459428523
05,10-14,MALE,0.04308670163300121
05,15-19,MALE,0.05939391216088552
05,20-24,MALE,0.11493179821991362
05,25-29,MALE,0.4126681529014604
05,30-34,MALE,0.04451962863095105
05,35-39,MALE,0.2816499658219982
05,40-44,MALE,-0.30672480346402153
05,45-49,MALE,-0.03574872517492622
05,5-9,MALE,0.2967962300099316
05,50-54,MALE,0.11176874142256565
05,55-59,MALE,0.03730484530387912
05,60-64,MALE,0.3337870609102538
05,65-69,MALE,0.3722118887671968
05,70-74,MALE,-0.106941727353842
05,75-79,MALE,-0.20055207319092005
05,80-84,MALE,0.37219400561298244
05,85+,MALE,0.20906260913761798
06,0-4,FEMALE,0.14322763215750456
06,10-14,FEMALE,0.08259385311976075
06,15-19,FEMALE,0.0014464275445789099
06,20-24,FEMALE,-0.1861678259447217
06,25-29,FEMALE,0.4711647010408342
06,30-34,FEMALE,-0.318390185944736
06,35-39,FEMALE,0.3586052437312901
06,40-44,FEMALE,0.10731956688687205
06,45-49,FEMALE,-0.21661502169445157
06,5-9,FEMALE,0.38360867090523243
06,50-54,FEMALE,-0.0947009555529803
06,55-59,FEMALE,0.36437452444806695
06,60-64,FEMALE,0.4467207579873502
06,65-69,FEMALE,0.3317416568752378
06,70-74,FEMALE,0.3761879149824381
06,75-79,FEMALE,-0.4899289351888001
06,80-84,FEMALE,0.3271432095207274
06,85+,FEMALE,0.14622423565015197
06,0-4,MALE,-0.15357779967598617
06,10-14,MALE,0.4941748804412782
06,15-19,MALE,0.09415441285818815
06,20-24,MALE,-0.4985319459810853
06,25-29,MALE,-0.4345083727966994
06,30-34,MALE,0.487152848392725
06,35-39,MALE,0.4153624896425754
06,40-44,MALE,-0.1620148243382573
06,45-49,MALE,-0.42543085012584925
06,5-9,MALE,0.2556683758739382
06,50-54,MALE,0.2177860140800476
06,55-59,MALE,0.15208108024671674
06,60-64,MALE,0.18394318502396345
06,65-69,MALE,-0.34421178698539734
06,70-74,MALE,-0.35412186896428466
06,75-79,MALE,-0.42972855386324227
06,80-84,MALE,0.3729955027811229
06,85+,MALE,-0.37493924144655466
08,0-4,FEMALE,0.004587689589243382
08,10-14,FEMALE,0.14280167368997354
08,15-19,FEMALE,-0.4735462900425773
08,20-24,FEMALE,0.07771603444416542
08,25-29,FEMALE,-0.4572739067225484
08,30-34,FEMALE,0.02898078813450411
08,35-39,FEMALE,0.31482252990826964
08,40-44,FEMALE,0.16448850405868143
08,45-49,FEMALE,-0.219261177117005
08,5-9,FEMALE,-0.4558040064148372
08,50-54,FEMALE,-0.05549877614248544
08,55-59,FEMALE,-0.13200806791428477
08,60-64,FEMALE,0.149456618266413
08,65-69,FEMALE,-0.20662711706245318
08,70-74,FEMALE,0.01345478682196699
08,75-79,FEMALE,0.01788582355948165
08,80-84,FEMALE,0.09431666997261345
08,85+,FEMALE,-0.40682785731041804
08,0-4,MALE,-0.34612251733778976
08,10-14,MALE,-0.07897340691124555
08,15-19,MALE,0.4071420860127546
08,20-24,MALE,-0.3163043460517656
08,25-29,MALE,-0.41756326402537525
08,30-34,MALE,-0.27635613895836286
08,35-39,MALE,0.07628560203011148
08,40-44,MALE,0.4884881474135909
08,45-49,MALE,0.2719768234528601
08,5-9,MALE,0.46090215862204786
08,50-54,MALE,0.2567155867291149
08,55-59,MALE,-0.3360818136134185
08,60-64,MALE,0.14380408861325122
08,65-69,MALE,0.02434774866560474
08,70-74,MALE,0.2153151579259429
08,75-79,MALE,-0.3088212329894304
08,80-84,MALE,-0.07222721402649768
08,85+,MALE,0.4389012063620612
09,0-4,FEMALE,-0.2046580637252191
09,10-14,FEMALE,-0.4977969365208992
09,15-19,FEMALE,-0.05914753871184075
09,20-24,FEMALE,0.05463255985523574
09,25-29,FEMALE,-0.0039003107958706096
09,30-34,FEMALE,-0.29626026886398904
09,35-39,FEMALE,0.29122250055661425
09,40-44,FEMALE,0.17699433579400647
09,45-49,FEMALE,0.15375739807495847
09,5-9,FEMALE,0.49942274657223606
09,50-54,FEMALE,-0.2850663620047271
09,55-59,FEMALE,-0.34297283097112086
09,60-64,FEMALE,-0.08120053508901037
09,65-69,FEMALE,-0.24637523348792456
09,70-74,FEMALE,-0.010341200977563858
09,75-79,FEMALE,0.17127470401464961
09,80-84,FEMALE,-0.0411831135279499
09,85+,FEMALE,0.143260649201693
09,0-4,MALE,0.388931305227743
09,10-14,MALE,0.002737129165325314
09,15-19,MALE,0.14106924006773625
09,20-24,MALE,-0.09140106666018255
09,25-29,MALE,0.008327029732754454
09,30-34,MALE,-0.42946893521002494
09,35-39,MALE,0.3240484658017522
09,40-44,MALE,-0.2616147574444767
09,45-49,MALE,0.029714770178543404
09,5-9,MALE,-0.20340258291253122
09,50-54,MALE,-0.21755736354680266
09,55-59,MALE,0.1818379080068553
09,60-64,MALE,-0.10792385225067846
09,65-69,MALE,0.21255193567776587
09,70-74,MALE,0.11566619422228541
09,75-79,MALE,0.32013624004321173
09,80-84,MALE,0.43593023950234056
09,85+,MALE,0.2781810147280339
10,0-4,FEMALE,-0.2449719875367009
10,10-14,FEMALE,-0.30515222328540403
10,15-19,FEMALE,-0.2068593579751905
10,20-24,FEMALE,0.43184322763409
10,25-29,FEMALE,-0.41851352796220453
10,30-34,FEMALE,-0.00286833661084529
10,35-39,FEMALE,-0.14965366682008607
10,40-44,FEMALE,-0.10590722276174347
10,45-49,FEMALE,-0.4314615239891282
10,5-9,FEMALE,0.450458935014467
10,50-54,FEMALE,-0.09905600311685703
10,55-59,FEMALE,-0.13870215784481843
10,60-64,FEMALE,0.4959459345336654
10,65-69,FEMALE,0.4311544532465632
10,70-74,FEMALE,0.4317996172758285
10,75-79,FEMALE,-0.06988018241463578
10,80-84,FEMALE,0.18656784458289621
10,85+,FEMALE,0.4168987086159177
10,0-4,MALE,-0.0542216317699058
10,10-14,MALE,0.14028814316770877
10,15-19,MALE,0.22766436051097116
10,20-24,MALE,0.09138750929196249
10,25-29,MALE,0.07645734535253723
10,30-34,MALE,-0.05530797168466961
10,35-39,MALE,0.11727879964382737
10,40-44,MALE,0.04240314205526374
10,45-49,MALE,0.15719733224614174
10,5-9,MALE,0.31571430682379287
10,50-54,MALE,-0.26524855044772266
10,55-59,MALE,0.29613921781492536
10,60-64,MALE,0.4929426375310868
10,65-69,MALE,-0.20094865751161706
10,70-74,MALE,-0.010631471548549598
10,75-79,MALE,0.09093930217204615
10,80-84,MALE,0.2958074901034706
10,85+,MALE,-0.2658504305363749
11,0-4,FEMALE,0.3442946039049275
11,10-14,FEMALE,-0.2851591247808756
11,15-19,FEMALE,0.002819536607603368
11,20-24,FEMALE,-0.48520085400377866
11,25-29,FEMALE,-0.3200376575496193
11,30-34,FEMALE,0.48027946070396865
11,35-39,FEMALE,-0.34247533340749214
11,40-44,FEMALE,0.1092955284184427
11,45-49,FEMALE,-0.11116745383333182
11,5-9,FEMALE,-0.05139250085721869
11,50-54,FEMALE,0.40436976173623407
11,55-59,FEMALE,-0.03381924276254722
11,60-64,FEMALE,0.4712708715487679
11,65-69,FEMALE,-0.06267311175179202
11,70-74,FEMALE,0.35782859217033547
11,75-79,FEMALE,-0.3194997706268623
11,80-84,FEMALE,0.4004986400814232
11,85+,FEMALE,0.2258275757849333
11,0-4,MALE,-0.4611903927743697
11,10-14,MALE,-0.3484387006083125
11,15-19,MALE,0.4815081454398751
11,20-24,MALE,-0.01975088523431623
11,25-29,MALE,-0.1841449149960681
11,30-34,MALE,-0.18587788509830716
11,35-39,MALE,0.25276594438219036
11,40-44,MALE,-0.23241424898151308
11,45-49,MALE,0.3865709046694974
11,5-9,MALE,0.4196490089507279
11,50-54,MALE,-0.09579687265613757
11,55-59,MALE,0.03579206959329895
11,60-64,MALE,0.03782059696277429
11,65-69,MALE,-0.06089160834926588
11,70-74,MALE,0.340882352902554
11,75-79,MALE,0.25941296818928095
11,80-84,MALE,-0.20253174135905283
11,85+,MALE,0.4599517062524683
12,0-4,FEMALE,-0.4586891767103225
12,10-14,FEMALE,0.2766648455290124
12,15-19,FEMALE,-0.44298055034596473
12,20-24,FEMALE,0.2147108071949333
12,25-29,FEMALE,0.4170334563823417
12,30-34,FEMALE,-0.1389490170404315
12,35-39,FEMALE,-0.18235348886810243
12,40-44,FEMALE,-0.36784190183971077
12,45-49,FEMALE,0.34572020976338536
12,5-9,FEMALE,-0.23892779764719307
12,50-54,FEMALE,-0.2265411018161103
12,55-59,FEMALE,0.4917114619165659
12,60-64,FEMALE,0.14275080943480134
12,65-69,FEMALE,0.3563430787762627
12,70-74,FEMALE,-0.046001299167983234
12,75-79,FEMALE,0.07810969150159508
12,80-84,FEMALE,0.14594333455897868
12,85+,FEMALE,0.11517525999806821
12,0-4,MALE,0.20411088422406465
12,10-14,MALE,-0.2727657350478694
12,15-19,MALE,-0.03528002300299704
12,20-24,MALE,-0.4052276450674981
12,25-29,MALE,0.3106495349202305
12,30-34,MALE,0.17173240089323372
12,35-39,MALE,-0.050752929295413196
12,40-44,MALE,0.16986364033073187
12,45-49,MALE,-0.2359527301741764
12,5-9,MALE,0.3057428894098848
12,50-54,MALE,-0.33388483442831784
12,55-59,MALE,0.319174001342617
12,60-64,MALE,0.028511540731415153
12,65-69,MALE,0.46321790548972785
12,70-74,MALE,-0.0752330191899091
12,75-79,MALE,-0.3049960501957685
12,80-84,MALE,-0.39969147031661123
12,85+,MALE,0.028663682285696268
13,0-4,FEMALE,0.4286943562619854
13,10-14,FEMALE,0.30348156319814734
13,15-19,FEMALE,-0.352749923360534
13,20-24,FEMALE,-0.09053123707417399
13,25-29,FEMALE,-0.46239263471215963
13,30-34,FEMALE,0.30018350039608777
13,35-39,FEMALE,0.35542745620477945
13,40-44,FEMALE,0.41161841951543465
13,45-49,FEMALE,-0.01615573652088642
13,5-9,FEMALE,-0.4651852381648496
13,50-54,FEMALE,0.13195936765987426
13,55-59,FEMALE,-0.30554299330106005
13,60-64,FEMALE,0.033816098410170525
13,65-69,FEMALE,-0.3563832167419605
13,70-74,FEMALE,0.14972314704209566
13,75-79,FEMALE,-0.37532481708331034
13,80-84,FEMALE,0.1031995386001654
13,85+,FEMALE,0.2823701234883629
13,0-4,MALE,0.4504289998440072
13,10-14,MALE,-0.1913882548105903
13,15-19,MALE,0.03780449595069513
13,20-24,MALE,0.14048340788576752
13,25-29,MALE,0.4349103175336495
13,30-34,MALE,-0.08589848905103281
13,35-39,MALE,0.23879229690646753
13,40-44,MALE,-0.4958823760971427
13,45-49,MALE,-0.05918610596563667
13,5-9,MALE,-0.4616252993873786
13,50-54,MALE,0.4328543720766902
13,55-59,MALE,-0.312284623098094
13,60-64,MALE,-0.22533344489056617
13,65-69,MALE,0.26493872178252786
13,70-74,MALE,-0.08195856644306332
13,75-79,MALE,0.24791896669194102
13,80-84,MALE,0.06877802807139233
13,85+,MALE,-0.32456512202043086
15,0-4,FEMALE,-0.203493183827959
15,10-14,FEMALE,0.04146275013044942
15,15-19,FEMALE,-0.48521989039727487
15,20-24,FEMALE,0.3127837854262907
15,25-29,FEMALE,-0.15853191937640077
15,30-34,FEMALE,-0.3819094629398023
15,35-39,FEMALE,0.3146021619468229
15,40-44,FEMALE,0.14605745305743767
15,45-49,FEMALE,0.09137666583774262
15,5-9,FEMALE,0.39655092763132416
15,50-54,FEMALE,0.08353404099761974
15,55-59,FEMALE,-0.1234283338781097
15,60-64,FEMALE,0.43816754910949385
15,65-69,FEMALE,0.17440018604975194
15,70-74,FEMALE,-0.16861204120505136
15,75-79,FEMALE,-0.12079338662442751
15,80-84,FEMALE,0.32827097036351915
15,85+,FEMALE,-0.08872713200253202
15,0-4,MALE,0.2548706316083553
15,10-14,MALE,-0.0698136335995514
15,15-19,MALE,0.1659479042464227
15,20-24,MALE,0.17740280735961278
15,25-29,MALE,-0.11899741965680732
15,30-34,MALE,-0.3926554121353547
15,35-39,MALE,-0.15671430604561465
15,40-44,MALE,0.48713625438540475
15,45-49,MALE,0.32405629139975645
15,5-9,MALE,-0.01278702202034765
15,50-54,MALE,-0.4669634195888648
15,55-59,MALE,-0.1936475063484977
15,60-64,MALE,0.15563671587733552
15,65-69,MALE,0.18882175605540397
15,70-74,MALE,0.32209321694244863
15,75-79,MALE,-0.30577425929368474
15,80-84,MALE,-0.17148564629314933
15,85+,MALE,-0.2373688482257421
16,0-4,FEMALE,0.22081734057428548
16,10-14,FEMALE,-0.44953583474853076
16,15-19,FEMALE,0.4104567330068676
16,20-24,FEMALE,-0.06694850330677582
16,25-29,FEMALE,0.4146639518585289
16,30-34,FEMALE,-0.48178747246129205
16,35-39,FEMALE,-0.42279495534603484
16,40-44,FEMALE,0.11833242472494021
16,45-49,FEMALE,-0.2244731840037275
16,5-9,FEMALE,0.0675439667829778
16,50-54,FEMALE,0.2843321302352706
16,55-59,FEMALE,0.3432062376232352
16,60-64,FEMALE,-0.4215611664549215
16,65-69,FEMALE,0.3078649600793142
16,70-74,FEMALE,-0.3095727281179279
16,75-79,FEMALE,0.15675315872067586
16,80-84,FEMALE,-0.13803992758039385
16,85+,FEMALE,-0.16916973258776125
16,0-4,MALE,0.2600955236121081
16,10-14,MALE,0.38580910544988
16,15-19,MALE,-0.16168583586113527
16,20-24,MALE,0.1858281501190504
16,25-29,MALE,0.07605598366353661
16,30-34,MALE,-0.029169343993999064
16,35-39,MALE,-0.447024158325803
16,40-44,MALE,0.26874652472906746
16,45-49,MALE,0.3296987455105409
16,5-9,MALE,0.35103575800167164
16,50-54,MALE,-0.12344029016094282
16,55-59,MALE,-0.4348276798555162
16,60-64,MALE,-0.10218604234978557
16,65-69,MALE,0.40506087243556976
16,70-74,MALE,0.34651364720775746
16,75-79,MALE,0.401778621977428
16,80-84,MALE,0.15388803754467517
16,85+,MALE,0.18374612333718687
17,0-4,FEMALE,-0.0010286574834026396
17,10-14,FEMALE,-0.4526599440141581
17,15-19,FEMALE,0.019679481076309457
17,20-24,FEMALE,0.3168302726408001
17,25-29,FEMALE,0.3083093610475771
17,30-34,FEMALE,0.01989794199471362
17,35-39,FEMALE,-0.2101605914067477
17,40-44,FEMALE,-0.06571584305493161
17,45-49,FEMALE,-0.3008345277630724
17,5-9,FEMALE,-0.4702850035391748
17,50-54,FEMALE,-0.24279965844471008
17,55-59,FEMALE,0.1517849089577794
17,60-64,FEMALE,0.2257734919548966
17,65-69,FEMALE,-0.15571761509636417
17,70-74,FEMALE,0.1321058491594158
17,75-79,FEMALE,-0.3293525035260245
17,80-84,FEMALE,-0.48373715800698847
17,85+,FEMALE,0.35466277902014554
17,0-4,MALE,-0.11909933743299916
17,10-14,MALE,0.31912200202350505
17,15-19,MALE,0.027968865586444736
17,20-24,MALE,-0.36376888840459287
17,25-29,MALE,0.4698135112412274
17,30-34,MALE,0.0671084807254374
17,35-39,MALE,-0.43176721467170864
17,40-44,MALE,0.39246297284262255
17,45-49,MALE,0.3991870986064896
17,5-9,MALE,-0.3994923555001151
17,50-54,MALE,-0.3319447465473786
17,55-59,MALE,0.2937046524020843
17,60-64,MALE,0.1088431469979696
17,65-69,MALE,-0.17670911212917417
17,70-74,MALE,0.2226894916384481
17,75-79,MALE,-0.05803664377890527
17,80-84,MALE,-0.16843591420911252
17,85+,MALE,-0.4853758836397901
18,0-4,FEMALE,-0.19537564052734524
18,10-14,FEMALE,-0.013354965311009437
18,15-19,FEMALE,0.34553479091846384
18,20-24,FEMALE,0.14399890849017538
18,25-29,FEMALE,0.05263258927152492
18,30-34,FEMALE,0.3382166500960011
18,35-39,FEMALE,-0.3934699563833419
18,40-44,FEMALE,-0.06534738594200462
18,45-49,FEMALE,0.11931691368226893
18,5-9,FEMALE,-0.22753918421221897
18,50-54,FEMALE,-0.22624382833600976
18,55-59,FEMALE,0.18640954641159624
18,60-64,FEMALE,0.124036947672721
18,65-69,FEMALE,0.18690571814659052
18,70-74,FEMALE,-0.39116389557602815
18,75-79,FEMALE,-0.2131583608861547
18,80-84,FEMALE,-0.18934192176675424
18,85+,FEMALE,0.08442765241488814
18,0-4,MALE,0.28097692533629015
18,10-14,MALE,-0.01401621280820109
18,15-19,MALE,-0.09689150069607422
18,20-24,MALE,-0.4975301093654707
18,25-29,MALE,-0.36988409963669255
18,30-34,MALE,0.2552129261312075
18,35-39,MALE,-0.01801955484552309
18,40-44,MALE,-0.4490974227664992
18,45-49,MALE,-0.19479544612113386
18,5-9,MALE,-0.28415659780148417
18,50-54,MALE,-0.272304238344077
18,55-59,MALE,-0.10718751471722499
18,60-64,MALE,0.2898544690106064
18,65-69,MALE,0.32379102875711396
18,70-74,MALE,-0.4848222279397305
18,75-79,MALE,-0.3561566972057335
18,80-84,MALE,-0.4801387286570389
18,85+,MALE,0.4652898995555006
19,0-4,FEMALE,0.10369628228363581
19,10-14,FEMALE,0.23547676835733
19,15-19,FEMALE,-0.4387502782337833
19,20-24,FEMALE,0.421369750140002
19,25-29,FEMALE,0.05776787352806423
19,30-34,FEMALE,0.4058993162034312
19,35-39,FEMALE,0.12364055543730501
19,40-44,FEMALE,0.013205405412008986
19,45-49,FEMALE,0.2572834451275412
19,5-9,FEMALE,0.3652452476817416
19,50-54,FEMALE,0.17263454917701893
19,55-59,FEMALE,0.27035158486978617
19,60-64,FEMALE,0.35200702131260186
19,65-69,FEMALE,0.007438694548909552
19,70-74,FEMALE,-0.4477882342180237
19,75-79,FEMALE,-0.4068850267212838
19,80-84,FEMALE,0.1250909716472961
19,85+,FEMALE,0.3822955970390467
19,0-4,MALE,-0.41621824783214834
19,10-14,MALE,0.3397352504398441
19,15-19,MALE,-0.16673107705719303
19,20-24,MALE,0.41581827361369506
19,25-29,MALE,0.022657074470771477
19,30-34,MALE,0.0005825980479130521
19,35-39,MALE,-0.2918908847204875
19,40-44,MALE,0.3001988832256757
19,45-49,MALE,-0.19504606189730112
19,5-9,MALE,0.2681110033154255
19,50-54,MALE,-0.19521692105627153
19,55-59,MALE,-0.14869805170746986
19,60-64,MALE,-0.36139338987413794
19,65-69,MALE,0.16511702349816915
19,70-74,MALE,0.19541567875421606
19,75-79,MALE,-0.022414064966142178
19,80-84,MALE,0.2834693076729309
19,85+,MALE,0.09147791669238359
20,0-4,FEMALE,0.3650727416097652
20,10-14,FEMALE,0.2220273189159343
20,15-19,FEMALE,-0.1724989847280085
20,20-24,FEMALE,-0.2624922351387795
20,25-29,FEMALE,0.4883675815653987
20,30-34,FEMALE,0.07546820527932141
20,35-39,FEMALE,-0.4852907424501609
20,40-44,FEMALE,-0.4005900260672206
20,45-49,FEMALE,-0.056473052012734115
20,5-9,FEMALE,-0.19788779494410846
20,50-54,FEMALE,0.25296905999130104
20,55-59,FEMALE,0.08194292681582738
20,60-64,FEMALE,0.44178363439277746
20,65-69,FEMALE,-0.4868760869576363
20,70-74,FEMALE,0.4532573249307461
20,75-79,FEMALE,-0.12357550435990561
20,80-84,FEMALE,0.29525331902550533
20,85+,FEMALE,0.45509492413839325
20,0-4,MALE,-0.3461937474057777
20,10-14,MALE,-0.2891602983145276
20,15-19,MALE,0.46516534604597837
20,20-24,MALE,-0.1730122151057003
20,25-29,MALE,-0.35595692676724866
20,30-34,MALE,0.4413703673199052
20,35-39,MALE,-0.44680882419925183
20,40-44,MALE,0.4625384004757507
20,45-49,MALE,-0.28056462200765964
20,5-9,MALE,0.0558900288597215
20,50-54,MALE,0.17389652629208285
20,55-59,MALE,0.38943687503342517
20,60-64,MALE,0.02995233947876841
20,65-69,MALE,-0.4499497963261092
20,70-74,MALE,0.3386246180598391
20,75-79,MALE,0.17502562489244156
20,80-84,MALE,-0.4824597542756237
20,85+,MALE,0.3438242887496017
21,0-4,FEMALE,0.1303883791406406
21,10-14,FEMALE,0.3761751408019336
21,15-19,FEMALE,-0.2274907181999879
21,20-24,FEMALE,-0.25348699191818014
21,25-29,FEMALE,-0.20159277168568224
21,30-34,FEMALE,-0.46752512207604013
21,35-39,FEMALE,-0.22366216345108114
21,40-44,FEMALE,0.335348862077808
21,45-49,FEMALE,-0.16027291971840896
21,5-9,FEMALE,0.05001577535585966
21,50-54,FEMALE,0.4867944666184485
21,55-59,FEMALE,0.4191950726963114
21,60-64,FEMALE,-0.005008364780223928
21,65-69,FEMALE,-0.43050598401168827
21,70-74,FEMALE,0.06795507803326473
21,75-79,FEMALE,-0.05546349899668712
21,80-84,FEMALE,-0.351563739211997
21,85+,FEMALE,0.09575337283604313
21,0-4,MALE,0.0735209931153804
21,10-14,MALE,-0.3333410930936225
21,15-19,MALE,-0.0392459510039771
21,20-24,MALE,0.42811065416026395
21,25-29,MALE,-0.18336525073391385
21,30-34,MALE,0.4986320010793861
21,35-39,MALE,0.36077712738187984
21,40-44,MALE,0.24861690649413504
21,45-49,MALE,-0.3336668282863684
21,5-9,MALE,-0.04021680407458916
21,50-54,MALE,-0.2706775006954558
21,55-59,MALE,0.24224185047205538
21,60-64,MALE,0.07449155970243737
21,65-69,MALE,-0.38814505326445214
21,70-74,MALE,-0.426503068083548
21,75-79,MALE,-0.48158753165625967
21,80-84,MALE,-0.4543898658885155
21,85+,MALE,-0.4784938279481139
22,0-4,FEMALE,0.2503299092495581
22,10-14,FEMALE,0.32342543844424654
22,15-19,FEMALE,0.4968055048666429
22,20-24,FEMALE,0.3255860889039468
22,25-29,FEMALE,-0.32566659565782174
22,30-34,FEMALE,-0.30362990479625296
22,35-39,FEMALE,-0.2155926049745176
22,40-44,FEMALE,-0.16706050519132987
22,45-49,FEMALE,0.459383383160457
22,5-9,FEMALE,-0.3389794971444644
22,50-54,FEMALE,0.26274957531131804
22,55-59,FEMALE,-0.43763284804299474
22,60-64,FEMALE,0.13026003097184002
22,65-69,FEMALE,-0.23180280928499997
22,70-74,FEMALE,0.2570956318231765
22,75-79,FEMALE,0.4742432039056439
22,80-84,FEMALE,-0.4904996432887856
22,85+,FEMALE,0.23078501348209102
22,0-4,MALE,0.02360407631203998
22,10-14,MALE,0.09264747373526916
22,15-19,MALE,-0.4806223256600788
22,20-24,MALE,-0.3905158150009811
22,25-29,MALE,0.3322803567862138
22,30-34,MALE,0.08701085968641564
22,35-39,MALE,-0.042660190534661524
22,40-44,MALE,-0.07504437075112946
22,45-49,MALE,-0.1933673679450294
22,5-9,MALE,0.06104726002376992
22,50-54,MALE,-0.08351823105476797
22,55-59,MALE,0.20797489836695604
22,60-64,MALE,0.35002801108930726
22,65-69,MALE,-0.2991404501663055
22,70-74,MALE,0.08347882534144446
22,75-79,MALE,0.4079915618931409
22,80-84,MALE,-0.14265417828573845
22,85+,MALE,-0.3048317320935894
23,0-4,FEMALE,-0.08386602919199504
23,10-14,FEMALE,-0.3750199580244953
23,15-19,FEMALE,0.3309167956431338
23,20-24,FEMALE,0.284973476522282
23,25-29,FEMALE,-0.05748160915754852
23,30-34,FEMALE,0.09231902983810869
23,35-39,FEMALE,0.42129382017446915
23,40-44,FEMALE,-0.1059098893601913
23,45-49,FEMALE,0.17298194548493484
23,5-9,FEMALE,-0.28460948171778
23,50-54,FEMALE,0.3224306256524869
23,55-59,FEMALE,-0.012230694694153499
23,60-64,FEMALE,0.47444626138167223
23,65-69,FEMALE,-0.039346786950773094
23,70-74,FEMALE,0.42681628315040143
23,75-79,FEMALE,-0.3932034795070649
23,80-84,FEMALE,0.3037682782887714
23,85+,FEMALE,0.262927217874676
23,0-4,MALE,0.3826039701489208
23,10-14,MALE,0.4632592804482556
23,15-19,MALE,0.3129791412393388
23,20-24,MALE,0.09890689700841904
23,25-29,MALE,-0.49407315204371116
23,30-34,MALE,0.2039009870859445
23,35-39,MALE,0.36201406591862906
23,40-44,MALE,-0.37391289301012876
23,45-49,MALE,-0.06281049121753313
23,5-9,MALE,0.20813478018681053
23,50-54,MALE,0.47013389811036177
23,55-59,MALE,0.3090395621911739
23,60-64,MALE,-0.2454964280113927
23,65-69,MALE,-0.21165261573332828
23,70-74,MALE,0.3269837138141156
23,75-79,MALE,0.37448055084678344
23,80-84,MALE,-0.4287307491322281
23,85+,MALE,0.19734889108804055
24,0-4,FEMALE,-0.11045105995435733
24,10-14,FEMALE,-0.0852116710448172
24,15-19,FEMALE,0.0687590156449005
24,20-24,FEMALE,-0.07036423546378501
24,25-29,FEMALE,-0.010615816921927035
24,30-34,FEMALE,-0.07280567995621823
24,35-39,FEMALE,-0.04022946744225919
24,40-44,FEMALE,-0.4533728707174305
24,45-49,FEMALE,0.3155672260618303
24,5-9,FEMALE,0.008229710481828079
24,50-54,FEMALE,-0.2841429218533449
24,55-59,FEMALE,0.022489806840894744
24,60-64,FEMALE,0.02552367528551258
24,65-69,FEMALE,-0.13686626611161046
24,70-74,FEMALE,0.42394475016044453
24,75-79,FEMALE,0.04956495651276782
24,80-84,FEMALE,-0.22762879510992207
24,85+,FEMALE,0.33750597600010224
24,0-4,MALE,-0.25047456317406613
24,10-14,MALE,0.08611732987628784
24,15-19,MALE,-0.19141020727693103
24,20-24,MALE,-0.12050351555808447
24,25-29,MALE,-0.347368162299972
24,30-34,MALE,-0.010841885552508757
24,35-39,MALE,-0.3886888542037923
24,40-44,MALE,0.01899953215615824
24,45-49,MALE,0.05518061149632558
24,5-9,MALE,-0.38559190681553446
24,50-54,MALE,-0.10242240788647905
24,55-59,MALE,-0.4170325550949201
24,60-64,MALE,-0.31156090716831386
24,65-69,MALE,-0.4270083564624656
24,70-74,MALE,-0.2948783218744211
24,75-79,MALE,-0.10497385042253882
24,80-84,MALE,-0.02881802391493693
24,85+,MALE,-0.289368683937937
25,0-4,FEMALE,0.3190791005908977
25,10-14,FEMALE,0.28604034648742527
25,15-19,FEMALE,0.19886061086435802
25,20-24,FEMALE,-0.44993309007259086
25,25-29,FEMALE,-0.4683108474710025
25,30-34,FEMALE,0.416707071068231
25,35-39,FEMALE,0.45952680421760306
25,40-44,FEMALE,-0.49939985934179276
25,45-49,FEMALE,0.23889581629191525
25,5-9,FEMALE,0.06266640323156025
25,50-54,FEMALE,-0.33413919509621337
25,55-59,FEMALE,0.2572080083191395
25,60-64,FEMALE,-0.32148236394277774
25,65-69,FEMALE,0.23399909061845392
25,70-74,FEMALE,0.276848563546082
25,75-79,FEMALE,-0.03385742675163783
25,80-84,FEMALE,0.4945643034297973
25,85+,FEMALE,0.20328101300401613
25,0-4,MALE,-0.28769794093386736
25,10-14,MALE,0.49988446474890225
25,15-19,MALE,-0.20640163077041507
25,20-24,MALE,-0.36533806976513006
25,25-29,MALE,0.08583747642114758
25,30-34,MALE,0.27481910862843506
25,35-39,MALE,-0.37522665146389045
25,40-44,MALE,0.029849030659534037
25,45-49,MALE,0.14273019702523015
25,5-9,MALE,-0.28607003537763376
25,50-54,MALE,0.44510032850666903
25,55-59,MALE,0.2937561427243054
25,60-64,MALE,-0.23929013972519897
25,65-69,MALE,0.07163296118960716
25,70-74,MALE,-0.38101081977947615
25,75-79,MALE,0.46384462458081543
25,80-84,MALE,0.18198111644596793
25,85+,MALE,0.4731835960119497
26,0-4,FEMALE,-0.23174595102318563
26,10-14,FEMALE,0.030969874758739024
26,15-19,FEMALE,-0.2413700104225427
26,20-24,FEMALE,0.3043931230495218
26,25-29,FEMALE,-0.4461135983001441
26,30-34,FEMALE,-0.48676063391030766
26,35-39,FEMALE,0.015131689375266433
26,40-44,FEMALE,-0.4041552862909157
26,45-49,FEMALE,0.19749536234303378
26,5-9,FEMALE,0.1383004680101294
26,50-54,FEMALE,0.28664740646490827
26,55-59,FEMALE,-0.2709035246516578
26,60-64,FEMALE,0.1303522810630966
26,65-69,FEMALE,-0.06271323806140572
26,70-74,FEMALE,-0.016580585215706378
26,75-79,FEMALE,0.007232033996842802
26,80-84,FEMALE,0.2220248462690506
26,85+,FEMALE,0.21334564976859838
26,0-4,MALE,0.42579414875945076
26,10-14,MALE,0.18453810815117322
26,15-19,MALE,0.4970303373411298
26,20-24,MALE,0.07087964180391282
26,25-29,MALE,-0.03970726655097678
26,30-34,MALE,0.4907206200005021
26,35-39,MALE,0.24730624025687575
26,40-44,MALE,0.41122127618291415
26,45-49,MALE,0.16828567162156105
26,5-9,MALE,-0.03637376968981698
26,50-54,MALE,0.11079580249497667
26,55-59,MALE,-0.47300271166022867
26,60-64,MALE,-0.34736474900273606
26,65-69,MALE,0.3361359631526284
26,70-74,MALE,0.16727728967089206
26,75-79,MALE,0.2384795390535146
26,80-84,MALE,0.20576862076995894
26,85+,MALE,0.3157179593690671
27,0-4,FEMALE,0.19374471038463525
27,10-14,FEMALE,-0.18418370764993597
27,15-19,FEMALE,0.1280168401717674
27,20-24,FEMALE,-0.23481011659896467
27,25-29,FEMALE,-0.3890587652422255
27,30-34,FEMALE,0.4275994248891948
27,35-39,FEMALE,0.3997061555273831
27,40-44,FEMALE,0.23067828663624823
27,45-49,FEMALE,0.35417154149035923
27,5-9,FEMALE,0.09714367493870668
27,50-54,FEMALE,0.4768448133254424
27,55-59,FEMALE,-0.10512307836324908
27,60-64,FEMALE,0.050870682345703244
27,65-69,FEMALE,0.3538791108003352
27,70-74,FEMALE,0.34870697496808134
27,75-79,FEMALE,0.4096505885827355
27,80-84,FEMALE,0.11689619306707755
27,85+,FEMALE,-0.42401972180232406
27,0-4,MALE,0.0212134971661726
27,10-14,MALE,-0.02119161785230972
27,15-19,MALE,-0.17290906084235758
27,20-24,MALE,0.45720898735453375
27,25-29,MALE,-0.4636948613333516
27,30-34,MALE,-0.4224811845488148
27,35-39,MALE,0.12691913711023517
27,40-44,MALE,0.018436917423969135
27,45-49,MALE,-0.2278980653209146
27,5-9,MALE,0.22053289115137886
27,50-54,MALE,0.3791890324209817
27,55-59,MALE,-0.09773006357136182
27,60-64,MALE,0.02308686077594757
27,65-69,MALE,-0.2967810689297039
27,70-74,MALE,0.2800475020194426
27,75-79,MALE,0.2411595657467842
27,80-84,MALE,-0.4941315355536062
27,85+,MALE,0.35180386959109455
28,0-4,FEMALE,-0.1549449847007054
28,10-14,FEMALE,0.002771526800643187
28,15-19,FEMALE,0.12721300591510953
28,20-24,FEMALE,-0.2758245419681771
28,25-29,FEMALE,0.291101494753093
28,30-34,FEMALE,0.18553705033264123
28,35-39,FEMALE,-0.34849512636719737
28,40-44,FEMALE,0.34423672273987904
28,45-49,FEMALE,-0.3621209828706924
28,5-9,FEMALE,-0.3141672027340974
28,50-54,FEMALE,0.09749407458002679
28,55-59,FEMALE,0.042867523079621606
28,60-64,FEMALE,-0.3000133209134219
28,65-69,FEMALE,0.25328492777771316
28,70-74,FEMALE,0.20750519310240634
28,75-79,FEMALE,0.33724979902035557
28,80-84,FEMALE,-0.05359075538581237
28,85+,FEMALE,-0.19772815503529273
28,0-4,MALE,0.07134400048380485
28,10-14,MALE,0.11412294227920938
28,15-19,MALE,-0.4793521613464691
28,20-24,MALE,0.48429377848515287
28,25-29,MALE,0.4742425583972363
28,30-34,MALE,0.20066257532744203
28,35-39,MALE,-0.0031532347202301025
28,40-44,MALE,-0.25703218950366136
28,45-49,MALE,-0.1393800185614964
28,5-9,MALE,0.4182455233822111
28,50-54,MALE,-0.26101193705108017
28,55-59,MALE,-0.4838721044216072
28,60-64,MALE,0.4275010333803948
28,65-69,MALE,-0.2921283865434816
28,70-74,MALE,0.37562158072250895
28,75-79,MALE,-0.17934557286207564
28,80-84,MALE,-0.08623526634619338
28,85+,MALE,0.3653523496250273
29,0-4,FEMALE,0.4429884264682187
29,10-14,FEMALE,0.2713228591164807
29,15-19,FEMALE,0.33189063816098496
29,20-24,FEMALE,-0.11477537169412244
29,25-29,FEMALE,0.2956784245907329
29,30-34,FEMALE,-0.20547386413090862
29,35-39,FEMALE,-0.36464883424923755
29,40-44,FEMALE,0.31737385591259226
29,45-49,FEMALE,0.35631198252667673
29,5-9,FEMALE,-0.05648251238744706
29,50-54,FEMALE,-0.3406297671608627
29,55-59,FEMALE,0.29117734980536625
29,60-64,FEMALE,-0.3910958501219284
29,65-69,FEMALE,0.07620692523778416
29,70-74,FEMALE,-0.24501602427335456
29,75-79,FEMALE,0.253034048830159
29,80-84,FEMALE,0.317687907605432
29,85+,FEMALE,-0.03177517725271173
29,0-4,MALE,0.17737674663658254
29,10-14,MALE,-0.1133298235363327
29,15-19,MALE,-0.4176330828340724
29,20-24,MALE,-0.17157985587255098
29,25-29,MALE,0.24974763166392222
29,30-34,MALE,0.4788693021982908
29,35-39,MALE,-0.419849918136606
29,40-44,MALE,0.218410097877495
29,45-49,MALE,0.38331410227692686
29,5-9,MALE,0.42216761408781167
29,50-54,MALE,0.3318649014690891
29,55-59,MALE,-0.3944813354173675
29,60-64,MALE,0.26928102207602933
29,65-69,MALE,-0.3753592245921027
29,70-74,MALE,0.13039904859033413
29,75-79,MALE,0.26390325446845964
29,80-84,MALE,-0.14375841766013764
29,85+,MALE,-0.07007313138456084
30,0-4,FEMALE,-0.03922688450620626
30,10-14,FEMALE,-0.08920017452692264
30,15-19,FEMALE,0.48544781413511373
30,20-24,FEMALE,-0.18011672680586344
30,25-29,FEMALE,0.26666280264544184
30,30-34,FEMALE,0.41861888578205253
30,35-39,FEMALE,-0.19011076521201176
30,40-44,FEMALE,0.4859966406620515
30,45-49,FEMALE,0.19584404683337198
30,5-9,FEMALE,-0.43641362091875635
30,50-54,FEMALE,-0.05399241522172815
30,55-59,FEMALE,-0.18348606206927798
30,60-64,FEMALE,0.39194824971127673
30,65-69,FEMALE,0.1614451646382804
30,70-74,FEMALE,0.22148313116122154
30,75-79,FEMALE,-0.37908150294970255
30,80-84,FEMALE,-0.01852733734267531
30,85+,FEMALE,0.3640478624147363
30,0-4,MALE,-0.07969152226360166
30,10-14,MALE,-0.3262374971272948
30,15-19,MALE,0.34917074305485585
30,20-24,MALE,-0.2340650254045613
30,25-29,MALE,0.049671697270241566
30,30-34,MALE,0.247566105426813
30,35-39,MALE,-0.16462349584980984
30,40-44,MALE,-0.061381632956909016
30,45-49,MALE,-0.4836719440172601
30,5-9,MALE,-0.2611725125898374
30,50-54,MALE,0.3374381328212621
30,55-59,MALE,-0.4053081318925251
30,60-64,MALE,-0.35016885952063603
30,65-69,MALE,0.1704644834899227
30,70-74,MALE,-0.06111924311699113
30,75-79,MALE,0.17818435888329986
30,80-84,MALE,0.06903106957179261
30,85+,MALE,0.40560461318091257
31,0-4,FEMALE,0.2904387557719019
31,10-14,FEMALE,0.1705426009648363
31,15-19,FEMALE,0.2105212788010249
31,20-24,FEMALE,0.07794543348427396
31,25-29,FEMALE,-0.3417372963085654
31,30-34,FEMALE,0.4185399611815228
31,35-39,FEMALE,-0.30614666573819704
31,40-44,FEMALE,-0.10548866858152905
31,45-49,FEMALE,-0.23345750151202083
31,5-9,FEMALE,0.2752998641662998
31,50-54,FEMALE,0.385662917571608
31,55-59,FEMALE,-0.37894970707566245
31,60-64,FEMALE,-0.03202259764657356
31,65-69,FEMALE,-0.3010014205283369
31,70-74,FEMALE,-0.003824573832389433
31,75-79,FEMALE,0.330238674658176
31,80-84,FEMALE,-0.011546993555384688
31,85+,FEMALE,0.2625715097383363
31,0-4,MALE,-0.3992216855476727
31,10-14,MALE,-0.3381773797009373
31,15-19,MALE,0.3344656726185349
31,20-24,MALE,0.45121885075059254
31,25-29,MALE,-0.43557310913456604
31,30-34,MALE,0.13465857269329717
31,35-39,MALE,-0.029851420760678593
31,40-44,MALE,-0.23530512910656398
31,45-49,MALE,-0.012326879455940798
31,5-9,MALE,-0.19271693325572414
31,50-54,MALE,-0.22064073023648234
31,55-59,MALE,0.21242477521445835
31,60-64,MALE,0.43733389936824096
31,65-69,MALE,0.19957132463605376
31,70-74,MALE,0.47805935447104275
31,75-79,MALE,-0.3662741606749478
31,80-84,MALE,-0.2411459001377807
31,85+,MALE,0.3408080389344832
32,0-4,FEMALE,0.12813066774833715
32,10-14,FEMALE,-0.14952206511952681
32,15-19,FEMALE,0.3115620899698115
32,20-24,FEMALE,0.4610889643372502
32,25-29,FEMALE,-0.3923451071823365
32,30-34,FEMALE,0.42225513679295545
32,35-39,FEMALE,0.4790470105363056
32,40-44,FEMALE,-0.009594641589501407
32,45-49,FEMALE,0.05602310537506128
32,5-9,FEMALE,0.3080605520372046
32,50-54,FEMALE,0.0004943098465446383
32,55-59,FEMALE,-0.0443739051988814
32,60-64,FEMALE,-0.33035970719356555
32,65-69,FEMALE,0.026033149028080516
32,70-74,FEMALE,0.011626925770542584
32,75-79,FEMALE,0.2303537717089057
32,80-84,FEMALE,0.4233611741801724
32,85+,FEMALE,0.33132286711770575
32,0-4,MALE,0.12188844763295492
32,10-14,MALE,-0.4133336124577909
32,15-19,MALE,0.16460467622528085
32,20-24,MALE,0.11001440163818188
32,25-29,MALE,-0.024436182276986074
32,30-34,MALE,0.005430179866380058
32,35-39,MALE,-0.24254541251139017
32,40-44,MALE,0.23358962667407468
32,45-49,MALE,-0.38030226294358727
32,5-9,MALE,0.18912702180386987
32,50-54,MALE,0.15220736294577364
32,55-59,MALE,-0.14604122294986155
32,60-64,MALE,0.16368827446422074
32,65-69,MALE,-0.24127218461944722
32,70-74,MALE,0.07074509664380457
32,75-79,MALE,-0.011119509348645806
32,80-84,MALE,0.3717280417040456
32,85+,MALE,0.3148733754933346
33,0-4,FEMALE,0.4683973736628104
33,10-14,FEMALE,0.016351040536392247
33,15-19,FEMALE,-0.30176519128872314
33,20-24,FEMALE,-0.34297252029864467
33,25-29,FEMALE,-0.16634875896488666
33,30-34,FEMALE,-0.2980620276357513
33,35-39,FEMALE,-0.4205667306741816
33,40-44,FEMALE,0.30239147876636707
33,45-49,FEMALE,0.0195774747953692
33,5-9,FEMALE,0.19619900545512792
33,50-54,FEMALE,-0.3745134387172584
33,55-59,FEMALE,0.48126223427971127
33,60-64,FEMALE,0.18935922739183297
33,65-69,FEMALE,0.1174238070998399
33,70-74,FEMALE,0.09629377935925731
33,75-79,FEMALE,-0.029392245807684958
33,80-84,FEMALE,0.3517939243101864
33,85+,FEMALE,-0.037573020708805416
33,0-4,MALE,0.16169391671792255
33,10-14,MALE,0.2746288613889192
33,15-19,MALE,-0.4072846821254643
33,20-24,MALE,0.4651585309402435
33,25-29,MALE,-0.29997950467077317
33,30-34,MALE,0.2194587563208188
33,35-39,MALE,0.10906995860568713
33,40-44,MALE,-0.35168402954150224
33,45-49,MALE,0.1983180756069487
33,5-9,MALE,-0.13987113551047514
33,50-54,MALE,0.433722611189296
33,55-59,MALE,-0.11713646277348744
33,60-64,MALE,-0.46446779227699153
33,65-69,MALE,0.3727928846128634
33,70-74,MALE,0.10827762239205185
33,75-79,MALE,-0.4923946881608572
33,80-84,MALE,0.2409118559298804
33,85+,MALE,0.12319136637961492
34,0-4,FEMALE,0.20074857791769318
34,10-14,FEMALE,-0.19615305666229688
34,15-19,FEMALE,0.08157635299721733
34,20-24,FEMALE,0.061100470047676936
34,25-29,FEMALE,-0.3544725363026373
34,30-34,FEMALE,-0.2415374147822149
34,35-39,FEMALE,-0.20255335822002962
34,40-44,FEMALE,-0.47300326207187027
34,45-49,FEMALE,-0.34942119545303285
34,5-9,FEMALE,0.11162964176037349
34,50-54,FEMALE,-0.4128424145746976
34,55-59,FEMALE,0.2379397667828016
34,60-64,FEMALE,0.2817459665820934
34,65-69,FEMALE,0.06684894516365603
34,70-74,FEMALE,-0.4434196137008257
34,75-79,FEMALE,-0.1727088310290128
34,80-84,FEMALE,0.359930025995709
34,85+,FEMALE,-0.33594125253148377
34,0-4,MALE,-0.14102663871017285
34,10-14,MALE,-0.1637418946775142
34,15-19,MALE,0.39894230803474784
34,20-24,MALE,0.16060546156950295
34,25-29,MALE,0.2622240400814917
34,30-34,MALE,0.31966575773549266
34,35-39,MALE,0.4444593078806065
34,40-44,MALE,-0.36123366514220834
34,45-49,MALE,-0.41545312758535147
34,5-9,MALE,0.3577555936644785
34,50-54,MALE,-0.2425744715728797
34,55-59,MALE,-0.37814395606983453
34,60-64,MALE,0.1943847113288939
34,65-69,MALE,-0.29848887847037986
34,70-74,MALE,-0.4049870067392476
34,75-79,MALE,0.25702805124456063
34,80-84,MALE,-0.09427007994963787
34,85+,MALE,-0.17124222381971776
35,0-4,FEMALE,-0.3018758520775009
35,10-14,FEMALE,-0.159086635656422
35,15-19,FEMALE,0.2152902060552151
35,20-24,FEMALE,-0.032364521219278686
35,25-29,FEMALE,0.3351991035815445
35,30-34,FEMALE,0.09117054627131438
35,35-39,FEMALE,0.336463595755049
35,40-44,FEMALE,-0.4359741348598618
35,45-49,FEMALE,-0.32872422259970335
35,5-9,FEMALE,0.3155696365283802
35,50-54,FEMALE,0.3653335856361082
35,55-59,FEMALE,-0.37395757289777976
35,60-64,FEMALE,0.036975397262722254
35,65-69,FEMALE,-0.4994078066374641
35,70-74,FEMALE,-0.0828597549625556
35,75-79,FEMALE,-0.27588183723855764
35,80-84,FEMALE,0.3276844200954656
35,85+,FEMALE,0.3227604018175043
35,0-4,MALE,0.01848756508115912
35,10-14,MALE,-0.3307273747486761
35,15-19,MALE,0.16847403485735413
35,20-24,MALE,-0.20172036665462656
35,25-29,MALE,-0.44238320404838305
35,30-34,MALE,0.12776233859040076
35,35-39,MALE,0.04210684884310467
35,40-44,MALE,-0.31087617848970694
35,45-49,MALE,-0.06131186185666593
35,5-9,MALE,-0.20540531550068408
35,50-54,MALE,0.3781424068583874
35,55-59,MALE,-0.3333866351895267
35,60-64,MALE,-0.33720468955289107
35,65-69,MALE,0.49221735110040754
35,70-74,MALE,0.24222346537135309
35,75-79,MALE,-0.011328320346365217
35,80-84,MALE,-0.43939655902795494
35,85+,MALE,0.3952090507809771
36,0-4,FEMALE,0.39480814180569723
36,10-14,FEMALE,0.020627292047720402
36,15-19,FEMALE,0.1913610590272583
36,20-24,FEMALE,-0.36952549492707476
36,25-29,FEMALE,0.26586351729929447
36,30-34,FEMALE,0.07709362090099603
36,35-39,FEMALE,0.3595925036352128
36,40-44,FEMALE,0.05164737510494888
36,45-49,FEMALE,-0.17492019524797797
36,5-9,FEMALE,-0.3440091270022094
36,50-54,FEMALE,0.4644050112692639
36,55-59,FEMALE,-0.34946006210520864
36,60-64,FEMALE,0.17394724977202713
36,65-69,FEMALE,0.2689346804982051
36,70-74,FEMALE,-0.1778621772537008
36,75-79,FEMALE,0.3316898266784847
36,80-84,FEMALE,0.2705310730962083
36,85+,FEMALE,0.2555807047756389
36,0-4,MALE,0.05364815646316856
36,10-14,MALE,0.20534597302321345
36,15-19,MALE,-0.0267997098271735
36,20-24,MALE,0.10518297739326954
36,25-29,MALE,0.09314179024659097
36,30-34,MALE,-0.33502200432121754
36,35-39,MALE,-0.2503867772174999
36,40-44,MALE,0.19490901054814458
36,45-49,MALE,-0.25151251954957843
36,5-9,MALE,0.1270817720796913
36,50-54,MALE,-0.24161464674398303
36,55-59,MALE,-0.16487839934416115
36,60-64,MALE,0.43308710830751806
36,65-69,MALE,-0.19041895435657352
36,70-74,MALE,0.18396397586911917
36,75-79,MALE,0.24368975858669728
36,80-84,MALE,-0.37983480596449226
36,85+,MALE,0.22325411019846797
37,0-4,FEMALE,-0.2130006983061321
37,10-14,FEMALE,-0.4581227751332335
37,15-19,FEMALE,0.44660789382760413
37,20-24,FEMALE,-0.07295906217768788
37,25-29,FEMALE,0.3067688711453229
37,30-34,FEMALE,0.47262097388738766
37,35-39,FEMALE,-0.04308699368266389
37,40-44,FEMALE,0.239111379312817
37,45-49,FEMALE,0.46045861789025366
37,5-9,FEMALE,0.35994017412303947
37,50-54,FEMALE,0.10248533665435389
37,55-59,FEMALE,0.06561200355645269
37,60-64,FEMALE,0.09736332041211426
37,65-69,FEMALE,0.15530969185056165
37,70-74,FEMALE,0.010678222752176225
37,75-79,FEMALE,-0.30158886715071276
37,80-84,FEMALE,-0.40530408709309995
37,85+,FEMALE,0.18429050932172686
37,0-4,MALE,0.16162944183452055
37,10-14,MALE,0.2249688386800699
37,15-19,MALE,-0.17373106582090259
37,20-24,MALE,0.27731531008612365
37,25-29,MALE,0.4989573879283853
37,30-34,MALE,-0.3340536193572916
37,35-39,MALE,-0.20444809820037335
37,40-44,MALE,0.25242144957883283
37,45-49,MALE,-0.08981240203138441
37,5-9,MALE,0.21750884197535925
37,50-54,MALE,-0.3722142442711629
37,55-59,MALE,-0.18750379380071536
37,60-64,MALE,-0.10065986966947094
37,65-69,MALE,0.22188368265051395
37,70-74,MALE,0.23495488928165287
37,75-79,MALE,-0.35324482404394075
37,80-84,MALE,-0.3498179167509079
37,85+,MALE,0.27906333707505837
38,0-4,FEMALE,0.11423220156939351
38,10-14,FEMALE,0.4480743200983852
38,15-19,FEMALE,0.17471069268685824
38,20-24,FEMALE,0.2092285329472361
38,25-29,FEMALE,-0.39379126078347326
38,30-34,FEMALE,-0.37982738418577355
38,35-39,FEMALE,0.3734620049090154
38,40-44,FEMALE,-0.34691775841565686
38,45-49,FEMALE,0.03424563178123208
38,5-9,FEMALE,-0.023933692567879916
38,50-54,FEMALE,-0.14501735369958624
38,55-59,FEMALE,-0.3850061831653875
38,60-64,FEMALE,-0.4833639005519217
38,65-69,FEMALE,-0.2532358378339268
38,70-74,FEMALE,0.2413164810714079
38,75-79,FEMALE,-0.05550644162030949
38,80-84,FEMALE,-0.1172894239789457
38,85+,FEMALE,0.32536190171231283
38,0-4,MALE,-0.23845957633966464
38,10-14,MALE,-0.23669925304966455
38,15-19,MALE,-0.4493241989566741
38,20-24,MALE,-0.186828702546336
38,25-29,MALE,-0.35345486948972393
38,30-34,MALE,0.37559227183737676
38,35-39,MALE,0.2728752588554926
38,40-44,MALE,-0.10993556862740661
38,45-49,MALE,0.4840433147728618
38,5-9,MALE,-0.12037818740282091
38,50-54,MALE,0.2566926931976923
38,55-59,MALE,-0.3376042879317538
38,60-64,MALE,0.209557338457671
38,65-69,MALE,0.06894513571387506
38,70-74,MALE,0.46602397708556964
38,75-79,MALE,-0.26304250711837085
38,80-84,MALE,-0.056277937725099036
38,85+,MALE,-0.36719184050161857
39,0-4,FEMALE,-0.011822854430647567
39,10-14,FEMALE,0.2265081856166944
39,15-19,FEMALE,0.4973577906494029
39,20-24,FEMALE,0.26215894529013894
39,25-29,FEMALE,0.11945155457942747
39,30-34,FEMALE,-0.0963849535328336
39,35-39,FEMALE,-0.2588038081303239
39,40-44,FEMALE,-0.23949853488011286
39,45-49,FEMALE,-0.4806351403822191
39,5-9,FEMALE,0.2284292600234039
39,50-54,FEMALE,-0.24215157894650474
39,55-59,FEMALE,-0.243714977579657
39,60-64,FEMALE,-0.33007692522369325
39,65-69,FEMALE,-0.2264482551254332
39,70-74,FEMALE,0.3574134345399216
39,75-79,FEMALE,0.28941960755037144
39,80-84,FEMALE,0.051504164817743
39,85+,FEMALE,0.30227406858466566
39,0-4,MALE,0.4182272008911241
39,10-14,MALE,0.2513090588909108
39,15-19,MALE,0.35538665470085107
39,20-24,MALE,-0.17812651954591274
39,25-29,MALE,-0.32856850005919114
39,30-34,MALE,0.020732715900521725
39,35-39,MALE,0.20699282706482336
39,40-44,MALE,-0.15455505094723776
39,45-49,MALE,0.02026220818515867
39,5-9,MALE,-0.31273776551824994
39,50-54,MALE,0.4073598756804131
39,55-59,MALE,0.0043664221884682775
39,60-64,MALE,-0.048690243042074144
39,65-69,MALE,-0.326207134348806
39,70-74,MALE,0.4347940869629383
39,75-79,MALE,0.18167013465426862
39,80-84,MALE,-0.06307175609981641
39,85+,MALE,0.463128366303863
40,0-4,FEMALE,-0.4907536159735173
40,10-14,FEMALE,0.004234884647303261
40,15-19,FEMALE,-0.3698970773111796
40,20-24,FEMALE,0.46619456706685014
40,25-29,FEMALE,0.09715894704277162
40,30-34,FEMALE,-0.004222206480335444
40,35-39,FEMALE,-0.16959805077931378
40,40-44,FEMALE,-0.060962466173805296
40,45-49,FEMALE,0.13685518834972754
40,5-9,FEMALE,-0.05688885688141454
40,50-54,FEMALE,-0.09329477226128802
40,55-59,FEMALE,0.4521923402498942
40,60-64,FEMALE,0.060603282996453345
40,65-69,FEMALE,0.35910701438842807
40,70-74,FEMALE,0.3510022949631093
40,75-79,FEMALE,-0.48394338856451213
40,80-84,FEMALE,0.359884197532665
40,85+,FEMALE,-0.35380735859507695
40,0-4,MALE,-0.3749177642457653
40,10-14,MALE,0.1979581087070983
40,15-19,MALE,-0.15913883340545
40,20-24,MALE,0.14866607857402414
40,25-29,MALE,0.4398862692905823
40,30-34,MALE,0.26222905864415225
40,35-39,MALE,0.23728424886940047
40,40-44,MALE,0.37895337380177807
40,45-49,MALE,-0.09226331269019283
40,5-9,MALE,0.3235427918989444
40,50-54,MALE,0.33526869166234974
40,55-59,MALE,0.2697123605757952
40,60-64,MALE,0.05855218705255538
40,65-69,MALE,-0.026819472172064707
40,70-74,MALE,-0.34397548239212483
40,75-79,MALE,0.400952509851777
40,80-84,MALE,0.2713817510230001
40,85+,MALE,0.15026794813456945
41,0-4,FEMALE,0.4345524863965693
41,10-14,FEMALE,0.1191600258971448
41,15-19,FEMALE,0.26304136873659445
41,20-24,FEMALE,0.2078931696305517
41,25-29,FEMALE,-0.29993391761672683
41,30-34,FEMALE,0.04652988177258521
41,35-39,FEMALE,0.23544124519685283
41,40-44,FEMALE,-0.2646644627675414
41,45-49,FEMALE,-0.32493894804792944
41,5-9,FEMALE,-0.007115209176845383
41,50-54,FEMALE,-0.12733338068937883
41,55-59,FEMALE,-0.2828537032328313
41,60-64,FEMALE,-0.37531768216285855
41,65-69,FEMALE,-0.07889802609861363
41,70-74,FEMALE,-0.3672898382501444
41,75-79,FEMALE,0.3209444974636426
41,80-84,FEMALE,0.3531662604655139
41,85+,FEMALE,-0.25774387901765294
41,0-4,MALE,0.19764098353334703
41,10-14,MALE,0.36073989683791297
41,15-19,MALE,-0.10575583045283565
41,20-24,MALE,0.20998283509834437
41,25-29,MALE,-0.4394813304534182
41,30-34,MALE,-0.09001310809981078
41,35-39,MALE,-0.29429528590117116
41,40-44,MALE,-0.15155291916744318
41,45-49,MALE,-0.4394288506882731
41,5-9,MALE,-0.12760584939678665
41,50-54,MALE,0.31063927002833225
41,55-59,MALE,-0.14954385717283003
41,60-64,MALE,-0.12930700338620227
41,65-69,MALE,-0.26893807959277183
41,70-74,MALE,0.13098384269687813
41,75-79,MALE,0.2182503789808834
41,80-84,MALE,0.3036774289794266
41,85+,MALE,-0.3515430097904755
42,0-4,FEMALE,-0.39279675408033654
42,10-14,FEMALE,-0.3170717196771875
42,15-19,FEMALE,0.47513135746703483
42,20-24,FEMALE,-0.477221278619254
42,25-29,FEMALE,0.0070023793377913535
42,30-34,FEMALE,-0.2581527085858397
42,35-39,FEMALE,-0.31206655624555424
42,40-44,FEMALE,-0.13284227740950882
42,45-49,FEMALE,-0.10033930483041331
42,5-9,FEMALE,-0.4649923763645347
42,50-54,FEMALE,-0.3817354668281041
42,55-59,FEMALE,0.08706858055666089
42,60-64,FEMALE,0.05084335809806362
42,65-69,FEMALE,-0.2568339824792929
42,70-74,FEMALE,0.2204186237649992
42,75-79,FEMALE,-0.38766510045388713
42,80-84,FEMALE,-0.34092642896575853
42,85+,FEMALE,-0.48909975902643055
42,0-4,MALE,0.246895518474048
42,10-14,MALE,-0.28741250233724713
42,15-19,MALE,0.32290551156620495
42,20-24,MALE,0.1023681098013185
42,25-29,MALE,-0.07785317837260664
42,30-34,MALE,-0.28864954062737525
42,35-39,MALE,-0.3280556571553461
42,40-44,MALE,0.42554025299614295
42,45-49,MALE,0.21633571526035666
42,5-9,MALE,0.25510991874034517
42,50-54,MALE,-0.248674834263511
42,55-59,MALE,-0.3102792303543538
42,60-64,MALE,-0.1365975671214983
42,65-69,MALE,0.40972412074916065
42,70-74,MALE,-0.24382412811974064
42,75-79,MALE,-0.3022116521024145
42,80-84,MALE,0.011756111343856901
42,85+,MALE,0.33910652552731335
44,0-4,FEMALE,-0.16786847046932962
44,10-14,FEMALE,-0.052326251825434156
44,15-19,FEMALE,-0.39881150068322313
44,20-24,FEMALE,-0.45433890137428534
44,25-29,FEMALE,0.11232151678268565
44,30-34,FEMALE,0.2717106439631607
44,35-39,FEMALE,-0.35649829776230035
44,40-44,FEMALE,0.41519789754238445
44,45-49,FEMALE,-0.4431639864196768
44,5-9,FEMALE,0.21028823836968513
44,50-54,FEMALE,0.4472559097375779
44,55-59,FEMALE,0.15673656854050932
44,60-64,FEMALE,0.09830123608844588
44,65-69,FEMALE,-0.3086984955734806
44,70-74,FEMALE,-0.4684407038294012
44,75-79,FEMALE,0.43160610340783023
44,80-84,FEMALE,0.15161387707848917
44,85+,FEMALE,-0.2824231856793631
44,0-4,MALE,-0.27824747475460754
44,10-14,MALE,-0.07275110526825301
44,15-19,MALE,0.26314900022771326
44,20-24,MALE,-0.3856209197474527
44,25-29,MALE,0.32247147446105373
44,30-34,MALE,-0.21323089481302304
44,35-39,MALE,-0.23723045958104194
44,40-44,MALE,0.4791952555424359
44,45-49,MALE,-0.2058451719021832
44,5-9,MALE,0.44553748788530356
44,50-54,MALE,0.17726864030919387
44,55-59,MALE,0.24941083194789826
44,60-64,MALE,0.0763347074498597
44,65-69,MALE,-0.11526093094653334
44,70-74,MALE,0.3709286375560623
44,75-79,MALE,0.054270791515591554
44,80-84,MALE,0.3196325322423945
44,85+,MALE,-0.06257828967500245
45,0-4,FEMALE,0.07978906581411138
45,10-14,FEMALE,0.112621436783229
45,15-19,FEMALE,-0.4083496220264351
45,20-24,FEMALE,-0.1633650783187477
45,25-29,FEMALE,-0.37503817008109763
45,30-34,FEMALE,-0.011073566332925111
45,35-39,FEMALE,0.1977891110291239
45,40-44,FEMALE,0.3083563096879516
45,45-49,FEMALE,-0.17512398413964547
45,5-9,FEMALE,-0.06711124020512216
45,50-54,FEMALE,0.031515849696006626
45,55-59,FEMALE,-0.10169379998114891
45,60-64,FEMALE,0.005689749319572002
45,65-69,FEMALE,-0.3473064833669923
45,70-74,FEMALE,0.454282804770628
45,75-79,FEMALE,-0.09043804137036204
45,80-84,FEMALE,0.1559315281920135
45,85+,FEMALE,-0.2341128118277993
45,0-4,MALE,-0.13155378958617803
45,10-14,MALE,0.3398695216747001
45,15-19,MALE,0.15386899982695468
45,20-24,MALE,-0.42143970375764184
45,25-29,MALE,-0.36039104231167585
45,30-34,MALE,-0.24241183561389334
45,35-39,MALE,-0.25007606629515067
45,40-44,MALE,0.3034882507636212
45,45-49,MALE,0.31454190440126695
45,5-9,MALE,0.23538835960789584
45,50-54,MALE,-0.11506486457074061
45,55-59,MALE,-0.4227164846670348
45,60-64,MALE,-0.39693477752734907
45,65-69,MALE,0.22749438683968037
45,70-74,MALE,0.10189313624869101
45,75-79,MALE,-0.18394981435267255
45,80-84,MALE,-0.188009102945216
45,85+,MALE,-0.47304316455847584
46,0-4,FEMALE,0.033028104802724556
46,10-14,FEMALE,-0.23066051800196874
46,15-19,FEMALE,-0.4476259272923926
46,20-24,FEMALE,-0.08697672663220146
46,25-29,FEMALE,-0.04695124301542819
46,30-34,FEMALE,0.25878545997875335
46,35-39,FEMALE,0.04730395175283775
46,40-44,FEMALE,-0.4584230843156547
46,45-49,FEMALE,0.23275023879250512
46,5-9,FEMALE,-0.3121868619855377
46,50-54,FEMALE,-0.1736266480620543
46,55-59,FEMALE,0.33477407984173624
46,60-64,FEMALE,-0.45944661186877056
46,65-69,FEMALE,-0.47386176652435097
46,70-74,FEMALE,-0.18911753252905328
46,75-79,FEMALE,0.3965811634916463
46,80-84,FEMALE,-0.17807767654812778
46,85+,FEMALE,0.06880158389685676
46,0-4,MALE,0.23388279975551995
46,10-14,MALE,-0.4817762283673801
46,15-19,MALE,0.24506898295294377
46,20-24,MALE,-0.3080266587821825
46,25-29,MALE,0.3483863924157049
46,30-34,MALE,0.08112502146832412
46,35-39,MALE,-0.02272885763522936
46,40-44,MALE,0.007663674361538142
46,45-49,MALE,-0.12489386196466512
46,5-9,MALE,-0.17443219275992305
46,50-54,MALE,0.396455678048369
46,55-59,MALE,-0.29728666265145876
46,60-64,MALE,0.3156021820650494
46,65-69,MALE,0.4887477637894335
46,70-74,MALE,0.24923538718212512
46,75-79,MALE,0.16043057243950898
46,80-84,MALE,-0.04532045208179625
46,85+,MALE,0.4664979592926102
47,0-4,FEMALE,0.3622100480424706
47,10-14,FEMALE,0.45552929971017875
47,15-19,FEMALE,0.40560187393566594
47,20-24,FEMALE,-0.3027369571791496
47,25-29,FEMALE,0.25107031309744343
47,30-34,FEMALE,-0.4369903994956985
47,35-39,FEMALE,-0.012077332590706646
47,40-44,FEMALE,0.005978678207611665
47,45-49,FEMALE,0.26328307669609785
47,5-9,FEMALE,-0.3629761593474541
47,50-54,FEMALE,0.3948421976529062
47,55-59,FEMALE,0.3861642276169732
47,60-64,FEMALE,0.327371643303195
47,65-69,FEMALE,0.24775633119861595
47,70-74,FEMALE,-0.1304965022718534
47,75-79,FEMALE,-0.08481555539765395
47,80-84,FEMALE,-0.29810222960077226
47,85+,FEMALE,-0.13169296126579866
47,0-4,MALE,0.3295481090899557
47,10-14,MALE,-0.21924300130922347
47,15-19,MALE,0.059261478192638606
47,20-24,MALE,0.04173621616791934
47,25-29,MALE,-0.4582607227494009
47,30-34,MALE,-0.47319662559311837
47,35-39,MALE,0.3181887253886089
47,40-44,MALE,0.31846014407346956
47,45-49,MALE,0.41142141542513855
47,5-9,MALE,0.12699885747861117
47,50-54,MALE,-0.3676187677192502
47,55-59,MALE,0.19363762528519146
47,60-64,MALE,-0.28903065068880096
47,65-69,MALE,-0.02536562958266586
47,70-74,MALE,-0.07959594271960668
47,75-79,MALE,0.3979591349780094
47,80-84,MALE,0.4886580517049879
47,85+,MALE,-0.18881640472682193
48,0-4,FEMALE,-0.2435718938941136
48,10-14,FEMALE,0.40853280550800264
48,15-19,FEMALE,0.2804573052562773
48,20-24,FEMALE,0.008882454596459866
48,25-29,FEMALE,0.3611060834955424
48,30-34,FEMALE,0.49970600265078247
48,35-39,FEMALE,0.407018895028159
48,40-44,FEMALE,0.289939156267792
48,45-49,FEMALE,-0.10074920859187841
48,5-9,FEMALE,-0.36040530004538596
48,50-54,FEMALE,0.39391788141801953
48,55-59,FEMALE,-0.06833173707127571
48,60-64,FEMALE,0.3792196454014629
48,65-69,FEMALE,0.4222388882189989
48,70-74,FEMALE,-0.2733152066357434
48,75-79,FEMALE,-0.22010807669721544
48,80-84,FEMALE,0.2659779526293278
48,85+,FEMALE,0.3079233467578888
48,0-4,MALE,-0.1692849136888981
48,10-14,MALE,-0.2193510290235281
48,15-19,MALE,-0.29795099794864655
48,20-24,MALE,0.22711537894792855
48,25-29,MALE,-0.32171281706541777
48,30-34,MALE,-0.3835291445720941
48,35-39,MALE,0.43155786534771323
48,40-44,MALE,0.37778329593129456
48,45-49,MALE,-0.4079477544873953
48,5-9,MALE,0.4079189149197191
48,50-54,MALE,-0.14594691712409258
48,55-59,MALE,-0.21480649802833796
48,60-64,MALE,0.11123075382784009
48,65-69,MALE,-0.41153698367998004
48,70-74,MALE,0.10525659658014774
48,75-79,MALE,0.11444518738426268
48,80-84,MALE,-0.42159689823165536
48,85+,MALE,0.22243266459554434
49,0-4,FEMALE,-0.45630786118272226
49,10-14,FEMALE,-0.12972002709284425
49,15-19,FEMALE,-0.4964707583130803
49,20-24,FEMALE,0.43173706652305555
49,25-29,FEMALE,0.3439763963979203
49,30-34,FEMALE,0.3607682377041783
49,35-39,FEMALE,0.23812422723858617
49,40-44,FEMALE,0.3064549509435892
49,45-49,FEMALE,0.3496677840303164
49,5-9,FEMALE,0.4209845654113451
49,50-54,FEMALE,-0.262775345458067
49,55-59,FEMALE,-0.49934172368375584
49,60-64,FEMALE,-0.44842664554016665
49,65-69,FEMALE,-0.4905380455311388
49,70-74,FEMALE,-0.21340198427787982
49,75-79,FEMALE,-0.2614882190246135
49,80-84,FEMALE,-0.3007222640735563
49,85+,FEMALE,0.050585666787810624
49,0-4,MALE,0.01618606853298843
49,10-14,MALE,-0.21020405218587257
49,15-19,MALE,-0.1100634432368679
49,20-24,MALE,0.2836068241012981
49,25-29,MALE,-0.37557705023209564
49,30-34,MALE,-0.40797919979377184
49,35-39,MALE,-0.047163348775939085
49,40-44,MALE,0.24571406411996577
49,45-49,MALE,0.37458742898888886
49,5-9,MALE,-0.30804443859960884
49,50-54,MALE,0.47649279388133436
49,55-59,MALE,-0.10420802047883626
49,60-64,MALE,0.40617619903059676
49,65-69,MALE,-0.25240859217592515
49,70-74,MALE,0.18975481441884767
49,75-79,MALE,0.04280460375593975
49,80-84,MALE,0.20261302652943414
49,85+,MALE,-0.4594840407226002
50,0-4,FEMALE,-0.1947982280380529
50,10-14,FEMALE,-0.47571856741160445
50,15-19,FEMALE,-0.45674325899017276
50,20-24,FEMALE,-0.309837742095624
50,25-29,FEMALE,-0.46848878645687364
50,30-34,FEMALE,-0.07027334259691997
50,35-39,FEMALE,0.41237615763020585
50,40-44,FEMALE,0.2889816092210822
50,45-49,FEMALE,-0.0736539538265788
50,5-9,FEMALE,-0.12660907222380047
50,50-54,FEMALE,-0.06168560088190134
50,55-59,FEMALE,-0.28506129199740826
50,60-64,FEMALE,-0.021785489356261678
50,65-69,FEMALE,0.3998146043450106
50,70-74,FEMALE,-0.027856182781761163
50,75-79,FEMALE,-0.2516772820326878
50,80-84,FEMALE,-0.41962047654487833
50,85+,FEMALE,0.18167673330754042
50,0-4,MALE,-0.07055336090706987
50,10-14,MALE,-0.02379268966433301
50,15-19,MALE,0.15525233990047127
50,20-24,MALE,-0.4440522013246664
50,25-29,MALE,-0.26143054946442135
50,30-34,MALE,0.43400154700429994
50,35-39,MALE,0.3781135851677391
50,40-44,MALE,-0.4294634769757977
50,45-49,MALE,-0.2788641750703391
50,5-9,MALE,0.4457191822675668
50,50-54,MALE,-0.09398081921972334
50,55-59,MALE,-0.07066294100513915
50,60-64,MALE,0.38594643071701284
50,65-69,MALE,0.14162620779461577
50,70-74,MALE,-0.16304644880801789
50,75-79,MALE,-0.4543692785082385
50,80-84,MALE,-0.30821596491659875
50,85+,MALE,0.09361722888570512
51,0-4,FEMALE,0.041520545026287436
51,10-14,FEMALE,-0.009480841050390154
51,15-19,FEMALE,-0.3198827945161611
51,20-24,FEMALE,0.48360197187867016
51,25-29,FEMALE,0.03522207628702745
51,30-34,FEMALE,-0.17537559181801043
51,35-39,FEMALE,-0.07829447745461948
51,40-44,FEMALE,0.009409376798430458
51,45-49,FEMALE,-0.12058101157890633
51,5-9,FEMALE,0.2578079104714561
51,50-54,FEMALE,-0.2846499676525127
51,55-59,FEMALE,0.08575660939095542
51,60-64,FEMALE,0.29750353592680767
51,65-69,FEMALE,-0.04575669555924833
51,70-74,FEMALE,-0.3079405351600144
51,75-79,FEMALE,0.4429955577652436
51,80-84,FEMALE,-0.33151063590776175
51,85+,FEMALE,0.325629694852978
51,0-4,MALE,-0.4265133115986828
51,10-14,MALE,-0.44174796986044385
51,15-19,MALE,0.24132138083223253
51,20-24,MALE,0.2026625094586052
51,25-29,MALE,-0.14747035317122936
51,30-34,MALE,-0.0870046193304006
51,35-39,MALE,0.14758447546046227
51,40-44,MALE,-0.26943335199030116
51,45-49,MALE,-0.4598818093072623
51,5-9,MALE,-0.046780080592725426
51,50-54,MALE,0.17063409980619326
51,55-59,MALE,-0.19601302448427305
51,60-64,MALE,-0.39354277960956097
51,65-69,MALE,-0.42695810715667903
51,70-74,MALE,0.49850262864492834
51,75-79,MALE,0.2076375475153327
51,80-84,MALE,-0.36799491685815156
51,85+,MALE,-0.014215030387276784
53,0-4,FEMALE,-0.34891533068730496
53,10-14,FEMALE,-0.20138283917913213
53,15-19,FEMALE,0.44447459300863557
53,20-24,FEMALE,0.2108970385743305
53,25-29,FEMALE,-0.16433893179055303
53,30-34,FEMALE,-0.13470031938049942
53,35-39,FEMALE,0.09045923675876111
53,40-44,FEMALE,0.3846816878649406
53,45-49,FEMALE,-0.2585391330649145
53,5-9,FEMALE,0.07216543713002466
53,50-54,FEMALE,-0.24022498790873215
53,55-59,FEMALE,0.2635748637840152
53,60-64,FEMALE,-0.21892016235506162
53,65-69,FEMALE,0.031247717852238566
53,70-74,FEMALE,0.056692544399993494
53,75-79,FEMALE,-0.08541000427794643
53,80-84,FEMALE,0.21917937649413943
53,85+,FEMALE,-0.2271503189112991
53,0-4,MALE,-0.4309839734050911
53,10-14,MALE,-0.17438373362529092
53,15-19,MALE,0.4925579071859829
53,20-24,MALE,-0.4083369391737506
53,25-29,MALE,0.31695803452748805
53,30-34,MALE,-0.4280642978847027
53,35-39,MALE,0.4707652435754426
53,40-44,MALE,0.27947230395511724
53,45-49,MALE,-0.058009583241073415
53,5-9,MALE,0.2393867168284487
53,50-54,MALE,-0.0280824012006633
53,55-59,MALE,0.4900775328860618
53,60-64,MALE,-0.08077766769565642
53,65-69,MALE,0.2881677013647277
53,70-74,MALE,0.4740261977422051
53,75-79,MALE,0.0407910660142079
53,80-84,MALE,0.464935388561571
53,85+,MALE,0.467547292180825
54,0-4,FEMALE,-0.3672824563436734
54,10-14,FEMALE,0.2795837093035516
54,15-19,FEMALE,0.46774286004074384
54,20-24,FEMALE,0.0292185403923213
54,25-29,FEMALE,-0.03887771933659678
54,30-34,FEMALE,-0.4593216135544935
54,35-39,FEMALE,-0.26960654549475294
54,40-44,FEMALE,-0.2955360291962279
54,45-49,FEMALE,-0.053539705513685476
54,5-9,FEMALE,-0.00012475666881073266
54,50-54,FEMALE,0.009984760581573937
54,55-59,FEMALE,-0.08994507310853805
54,60-64,FEMALE,-0.1775461141296546
54,65-69,FEMALE,0.3057024016161449
54,70-74,FEMALE,-0.06517066586093279
54,75-79,FEMALE,-0.3378071249171626
54,80-84,FEMALE,-0.4762341799287242
54,85+,FEMALE,-0.33356201980495825
54,0-4,MALE,0.3904681253407034
54,10-14,MALE,0.2691915995128511
54,15-19,MALE,-0.06698552849411499
54,20-24,MALE,-0.48660249013482826
54,25-29,MALE,0.15914503516978584
54,30-34,MALE,0.28421612708916655
54,35-39,MALE,-0.47718311411881587
54,40-44,MALE,0.29754534866515314
54,45-49,MALE,-0.0071476970333606005
54,5-9,MALE,0.08200459818908712
54,50-54,MALE,0.05390234427613905
54,55-59,MALE,-0.4501139396452345
54,60-64,MALE,-0.14314026478677988
54,65-69,MALE,-0.18117521236854373
54,70-74,MALE,0.18165777662215987
54,75-79,MALE,-0.3538684477316565
54,80-84,MALE,0.4561075324381818
54,85+,MALE,0.14508707455388503
55,0-4,FEMALE,-0.42826197895919904
55,10-14,FEMALE,0.3061795772082405
55,15-19,FEMALE,-0.15101211657747626
55,20-24,FEMALE,0.4407394976296928
55,25-29,FEMALE,-0.1669161638856167
55,30-34,FEMALE,0.37861045931640547
55,35-39,FEMALE,-0.047963826276827604
55,40-44,FEMALE,0.17028045584447682
55,45-49,FEMALE,0.47054954842315055
55,5-9,FEMALE,-0.30690846682409756
55,50-54,FEMALE,0.3847937199170701
55,55-59,FEMALE,0.3767501614638604
55,60-64,FEMALE,-0.31431179455830716
55,65-69,FEMALE,0.46841799715184607
55,70-74,FEMALE,-0.49887298824614845
55,75-79,FEMALE,0.028201426757732406
55,80-84,FEMALE,0.07595070934621617
55,85+,FEMALE,0.2429671932477504
55,0-4,MALE,-0.37879857458756305
55,10-14,MALE,0.42392525939794723
55,15-19,MALE,0.03411684611637611
55,20-24,MALE,0.4383671344985487
55,25-29,MALE,-0.13686538628826384
55,30-34,MALE,0.3959176564239897
55,35-39,MALE,-0.2950303836551029
55,40-44,MALE,0.23596035176888108
55,45-49,MALE,-0.29397790486109443
55,5-9,MALE,-0.37563208254869096
55,50-54,MALE,-0.2373893838666845
55,55-59,MALE,0.4318514848710038
55,60-64,MALE,-0.0062420450849458575
55,65-69,MALE,0.1969596883864142
55,70-74,MALE,-0.47417064249748364
55,75-79,MALE,-0.4454715955071151
55,80-84,MALE,-0.25562707183416933
55,85+,MALE,-0.3722830429614987
56,0-4,FEMALE,0.4791680805683427
56,10-14,FEMALE,-0.11364211283216719
56,15-19,FEMALE,0.4870213637877896
56,20-24,FEMALE,-0.4038128613065055
56,25-29,FEMALE,0.05900485923848464
56,30-34,FEMALE,0.40021236071515887
56,35-39,FEMALE,-0.16983456441266753
56,40-44,FEMALE,0.16983339933540265
56,45-49,FEMALE,0.17500643420680717
56,5-9,FEMALE,0.021669608904630877
56,50-54,FEMALE,-0.25740583070182765
56,55-59,FEMALE,-0.4979675112917903
56,60-64,FEMALE,0.36565263925695035
56,65-69,FEMALE,-0.09967632319603581
56,70-74,FEMALE,-0.01455029052340251
56,75-79,FEMALE,-0.290282870275405
56,80-84,FEMALE,0.30580620427281247
56,85+,FEMALE,-0.13418377914422308
56,0-4,MALE,0.17376691878962447
56,10-14,MALE,-0.20094442661684297
56,15-19,MALE,-0.14368180013298115
56,20-24,MALE,0.4316667206658167
56,25-29,MALE,-0.417243807018167
56,30-34,MALE,0.3070174744207179
56,35-39,MALE,0.07808630521321902
56,40-44,MALE,-0.09948939519381383
56,45-49,MALE,0.21807086664193776
56,5-9,MALE,0.10763111542655679
56,50-54,MALE,-0.4318445718236035
56,55-59,MALE,-0.06626453660283005
56,60-64,MALE,0.27805129890475655
56,65-69,MALE,0.48615529261587653
56,70-74,MALE,-0.28573855449212715
56,75-79,MALE,-0.42244107698934386
56,80-84,MALE,-0.31913214995256567
56,85+,MALE,0.4176458132606058
