DESTINATION_FIPS,0,1,2,3,4,5,6,7,8,9,10,11,12,13,14,15,16,17,18,19,20,21,22,23,24,25,26,27,28,29,30,31,32,33,34,35,36,37,38,39,40,41,42,43,44,45,46,47,48,49,50,51,52,53,54,55,56,57,58,59,60,61,62,63,64,65,66,67,68,69,70,71,72,73,74,75,76,77,78,79,80,81,82,83,84,85,86,87,88,89,90,91,92,93,94,95,96,97,98,99,100
10,2688.523162661094,2688.523162661094,2688.523162661094,2688.523162661094,2688.523162661094,1588.0378955990454,1588.0378955990454,1588.0378955990454,1588.0378955990454,1588.0378955990454,1588.0378955990454,1588.0378955990454,1588.0378955990454,1588.0378955990454,1588.0378955990454,1588.0378955990454,1588.0378955990454,1588.0378955990454,785.4189285961792,785.4189285961792,2458.1450969970765,2458.1450969970765,2458.1450969970765,2458.1450969970765,2458.1450969970765,2079.275360586977,2079.275360586977,2079.275360586977,2079.275360586977,2079.275360586977,3447.0070022402842,3447.0070022402842,3447.0070022402842,3447.0070022402842,3447.0070022402842,2331.812250507671,2331.812250507671,2331.812250507671,2331.812250507671,2331.812250507671,1509.180044218014,1509.180044218014,1509.180044218014,1509.180044218014,1509.180044218014,2078.8695031119273,2078.8695031119273,2078.8695031119273,2078.8695031119273,2078.8695031119273,4349.338900487126,4349.338900487126,4349.338900487126,4349.338900487126,4349.338900487126,2796.5509205313447,2796.5509205313447,2796.5509205313447,2796.5509205313447,2796.5509205313447,1575.6561130533262,1575.6561130533262,1575.6561130533262,1575.6561130533262,1575.6561130533262,2671.8673817649924,2671.8673817649924,2671.8673817649924,2671.8673817649924,2671.8673817649924,6589.832829349005,6589.832829349005,6589.832829349005,6589.832829349005,6589.832829349005,3202.6104296332105,3202.6104296332105,3202.6104296332105,3202.6104296332105,3202.6104296332105,3202.6104296332105,3202.6104296332105,3202.6104296332105,3202.6104296332105,3202.6104296332105,3202.6104296332105,3202.6104296332105,3202.6104296332105,3202.6104296332105,3202.6104296332105,3202.6104296332105,3202.6104296332105,3202.6104296332105,3202.6104296332105,3202.6104296332105,3202.6104296332105,3202.6104296332105,3202.6104296332105,3202.6104296332105,3202.6104296332105,3202.6104296332105
01,6541.710205503309,6541.710205503309,6541.710205503309,6541.710205503309,6541.710205503309,7146.1705301957045,7146.1705301957045,7146.1705301957045,7146.1705301957045,7146.1705301957045,7146.1705301957045,7146.1705301957045,7146.1705301957045,7146.1705301957045,7146.1705301957045,7146.1705301957045,7146.1705301957045,7146.1705301957045,5035.921365704914,5035.921365704914,6455.399061032865,6455.399061032865,6455.399061032865,6455.399061032865,6455.399061032865,5134.45582336516,5134.45582336516,5134.45582336516,5134.45582336516,5134.45582336516,5129.925648545979,5129.925648545979,5129.925648545979,5129.925648545979,5129.925648545979,7528.201802135693,7528.201802135693,7528.201802135693,7528.201802135693,7528.201802135693,8545.611842737671,8545.611842737671,8545.611842737671,8545.611842737671,8545.611842737671,10572.900724415877,10572.900724415877,10572.900724415877,10572.900724415877,10572.900724415877,7930.294595221526,7930.294595221526,7930.294595221526,7930.294595221526,7930.294595221526,6152.412025168958,6152.412025168958,6152.412025168958,6152.412025168958,6152.412025168958,7714.149720156909,7714.149720156909,7714.149720156909,7714.149720156909,7714.149720156909,4602.632862018528,4602.632862018528,4602.632862018528,4602.632862018528,4602.632862018528,7787.984252867005,7787.984252867005,7787.984252867005,7787.984252867005,7787.984252867005,2558.059902914577,2558.059902914577,2558.059902914577,2558.059902914577,2558.059902914577,2558.059902914577,2558.059902914577,2558.059902914577,2558.059902914577,2558.059902914577,2558.059902914577,2558.059902914577,2558.059902914577,2558.059902914577,2558.059902914577,2558.059902914577,2558.059902914577,2558.059902914577,2558.059902914577,2558.059902914577,2558.059902914577,2558.059902914577,2558.059902914577,2558.059902914577,2558.059902914577,2558.059902914577
02,2318.4430512016716,2318.4430512016716,2318.4430512016716,2318.4430512016716,2318.4430512016716,1776.095014814722,1776.095014814722,1776.095014814722,1776.095014814722,1776.095014814722,1776.095014814722,1776.095014814722,1776.095014814722,1776.095014814722,1776.095014814722,1776.095014814722,1776.095014814722,1776.095014814722,2090.600383469242,2090.600383469242,3192.63589925296,3192.63589925296,3192.63589925296,3192.63589925296,3192.63589925296,2589.1359854052394,2589.1359854052394,2589.1359854052394,2589.1359854052394,2589.1359854052394,2705.6569876297362,2705.6569876297362,2705.6569876297362,2705.6569876297362,2705.6569876297362,2995.8382556191273,2995.8382556191273,2995.8382556191273,2995.8382556191273,2995.8382556191273,2114.7745842545423,2114.7745842545423,2114.7745842545423,2114.7745842545423,2114.7745842545423,1492.1946740128558,1492.1946740128558,1492.1946740128558,1492.1946740128558,1492.1946740128558,2044.189283228949,2044.189283228949,2044.189283228949,2044.189283228949,2044.189283228949,870.0380641653072,870.0380641653072,870.0380641653072,870.0380641653072,870.0380641653072,1903.917803272769,1903.917803272769,1903.917803272769,1903.917803272769,1903.917803272769,682.5938566552901,682.5938566552901,682.5938566552901,682.5938566552901,682.5938566552901,114.10965938266675,114.10965938266675,114.10965938266675,114.10965938266675,114.10965938266675,1148.105625717566,1148.105625717566,1148.105625717566,1148.105625717566,1148.105625717566,1148.105625717566,1148.105625717566,1148.105625717566,1148.105625717566,1148.105625717566,1148.105625717566,1148.105625717566,1148.105625717566,1148.105625717566,1148.105625717566,1148.105625717566,1148.105625717566,1148.105625717566,1148.105625717566,1148.105625717566,1148.105625717566,1148.105625717566,1148.105625717566,1148.105625717566,1148.105625717566,1148.105625717566
09,15641.327063740857,15641.327063740857,15641.327063740857,15641.327063740857,15641.327063740857,12491.171763014598,12491.171763014598,12491.171763014598,12491.171763014598,12491.171763014598,12491.171763014598,12491.171763014598,12491.171763014598,12491.171763014598,12491.171763014598,12491.171763014598,12491.171763014598,12491.171763014598,13132.666497262584,13132.666497262584,10770.071160716921,10770.071160716921,10770.071160716921,10770.071160716921,10770.071160716921,13097.044800019119,13097.044800019119,13097.044800019119,13097.044800019119,13097.044800019119,11769.607896189353,11769.607896189353,11769.607896189353,11769.607896189353,11769.607896189353,12238.153698856484,12238.153698856484,12238.153698856484,12238.153698856484,12238.153698856484,12304.143035662788,12304.143035662788,12304.143035662788,12304.143035662788,12304.143035662788,9782.165085195387,9782.165085195387,9782.165085195387,9782.165085195387,9782.165085195387,11511.250289955926,11511.250289955926,11511.250289955926,11511.250289955926,11511.250289955926,12304.824050337917,12304.824050337917,12304.824050337917,12304.824050337917,12304.824050337917,8321.433847062877,8321.433847062877,8321.433847062877,8321.433847062877,8321.433847062877,12754.753778644565,12754.753778644565,12754.753778644565,12754.753778644565,12754.753778644565,8929.080846693672,8929.080846693672,8929.080846693672,8929.080846693672,8929.080846693672,12991.721554172458,12991.721554172458,12991.721554172458,12991.721554172458,12991.721554172458,12991.721554172458,12991.721554172458,12991.721554172458,12991.721554172458,12991.721554172458,12991.721554172458,12991.721554172458,12991.721554172458,12991.721554172458,12991.721554172458,12991.721554172458,12991.721554172458,12991.721554172458,12991.721554172458,12991.721554172458,12991.721554172458,12991.721554172458,12991.721554172458,12991.721554172458,12991.721554172458,12991.721554172458
12,75539.88157436434,75539.88157436434,75539.88157436434,75539.88157436434,75539.88157436434,86819.7033712373,86819.7033712373,86819.7033712373,86819.7033712373,86819.7033712373,86819.7033712373,86819.7033712373,86819.7033712373,86819.7033712373,86819.7033712373,86819.7033712373,86819.7033712373,86819.7033712373,55637.69086834993,55637.69086834993,58929.04597395695,58929.04597395695,58929.04597395695,58929.04597395695,58929.04597395695,64246.422013232484,64246.422013232484,64246.422013232484,64246.422013232484,64246.422013232484,76629.61720364938,76629.61720364938,76629.61720364938,76629.61720364938,76629.61720364938,94770.4091481164,94770.4091481164,94770.4091481164,94770.4091481164,94770.4091481164,105027.39594347785,105027.39594347785,105027.39594347785,105027.39594347785,105027.39594347785,110014.2842567085,110014.2842567085,110014.2842567085,110014.2842567085,110014.2842567085,123622.70934817908,123622.70934817908,123622.70934817908,123622.70934817908,123622.70934817908,100411.71444107823,100411.71444107823,100411.71444107823,100411.71444107823,100411.71444107823,135686.96965220675,135686.96965220675,135686.96965220675,135686.96965220675,135686.96965220675,180146.27011214042,180146.27011214042,180146.27011214042,180146.27011214042,180146.27011214042,182603.98242711247,182603.98242711247,182603.98242711247,182603.98242711247,182603.98242711247,153846.15384615384,153846.15384615384,153846.15384615384,153846.15384615384,153846.15384615384,153846.15384615384,153846.15384615384,153846.15384615384,153846.15384615384,153846.15384615384,153846.15384615384,153846.15384615384,153846.15384615384,153846.15384615384,153846.15384615384,153846.15384615384,153846.15384615384,153846.15384615384,153846.15384615384,153846.15384615384,153846.15384615384,153846.15384615384,153846.15384615384,153846.15384615384,153846.15384615384,153846.15384615384
16,1295.2803901079762,1295.2803901079762,1295.2803901079762,1295.2803901079762,1295.2803901079762,2248.327336400754,2248.327336400754,2248.327336400754,2248.327336400754,2248.327336400754,2248.327336400754,2248.327336400754,2248.327336400754,2248.327336400754,2248.327336400754,2248.327336400754,2248.327336400754,2248.327336400754,4342.904664002403,4342.904664002403,6695.308117046092,6695.308117046092,6695.308117046092,6695.308117046092,6695.308117046092,3800.054969348613,3800.054969348613,3800.054969348613,3800.054969348613,3800.054969348613,3290.0788969577593,3290.0788969577593,3290.0788969577593,3290.0788969577593,3290.0788969577593,555.928748465405,555.928748465405,555.928748465405,555.928748465405,555.928748465405,3316.3510525809866,3316.3510525809866,3316.3510525809866,3316.3510525809866,3316.3510525809866,3035.4045505560657,3035.4045505560657,3035.4045505560657,3035.4045505560657,3035.4045505560657,3088.0306193458596,3088.0306193458596,3088.0306193458596,3088.0306193458596,3088.0306193458596,1584.7121883010952,1584.7121883010952,1584.7121883010952,1584.7121883010952,1584.7121883010952,2609.6804372445713,2609.6804372445713,2609.6804372445713,2609.6804372445713,2609.6804372445713,2769.3807898586056,2769.3807898586056,2769.3807898586056,2769.3807898586056,2769.3807898586056,2168.083528270668,2168.083528270668,2168.083528270668,2168.083528270668,2168.083528270668,2316.3534553950894,2316.3534553950894,2316.3534553950894,2316.3534553950894,2316.3534553950894,2316.3534553950894,2316.3534553950894,2316.3534553950894,2316.3534553950894,2316.3534553950894,2316.3534553950894,2316.3534553950894,2316.3534553950894,2316.3534553950894,2316.3534553950894,2316.3534553950894,2316.3534553950894,2316.3534553950894,2316.3534553950894,2316.3534553950894,2316.3534553950894,2316.3534553950894,2316.3534553950894,2316.3534553950894,2316.3534553950894,2316.3534553950894
17,36572.62277951933,36572.62277951933,36572.62277951933,36572.62277951933,36572.62277951933,31852.69694804191,31852.69694804191,31852.69694804191,31852.69694804191,31852.69694804191,31852.69694804191,31852.69694804191,31852.69694804191,31852.69694804191,31852.69694804191,31852.69694804191,31852.69694804191,31852.69694804191,29279.955646931092,29279.955646931092,39496.41243688547,39496.41243688547,39496.41243688547,39496.41243688547,39496.41243688547,42788.45962342013,42788.45962342013,42788.45962342013,42788.45962342013,42788.45962342013,40768.83948960486,40768.83948960486,40768.83948960486,40768.83948960486,40768.83948960486,38598.44185525777,38598.44185525777,38598.44185525777,38598.44185525777,38598.44185525777,35384.023839277135,35384.023839277135,35384.023839277135,35384.023839277135,35384.023839277135,33912.355882052856,33912.355882052856,33912.355882052856,33912.355882052856,33912.355882052856,32634.5395499884,32634.5395499884,32634.5395499884,32634.5395499884,32634.5395499884,30637.768973821177,30637.768973821177,30637.768973821177,30637.768973821177,30637.768973821177,36305.742938270385,36305.742938270385,36305.742938270385,36305.742938270385,36305.742938270385,30950.755728912725,30950.755728912725,30950.755728912725,30950.755728912725,30950.755728912725,32606.83516859702,32606.83516859702,32606.83516859702,32606.83516859702,32606.83516859702,29770.177452816886,29770.177452816886,29770.177452816886,29770.177452816886,29770.177452816886,29770.177452816886,29770.177452816886,29770.177452816886,29770.177452816886,29770.177452816886,29770.177452816886,29770.177452816886,29770.177452816886,29770.177452816886,29770.177452816886,29770.177452816886,29770.177452816886,29770.177452816886,29770.177452816886,29770.177452816886,29770.177452816886,29770.177452816886,29770.177452816886,29770.177452816886,29770.177452816886,29770.177452816886
19,6095.437129919888,6095.437129919888,6095.437129919888,6095.437129919888,6095.437129919888,7321.690508130336,7321.690508130336,7321.690508130336,7321.690508130336,7321.690508130336,7321.690508130336,7321.690508130336,7321.690508130336,7321.690508130336,7321.690508130336,7321.690508130336,7321.690508130336,7321.690508130336,9009.217122132644,9009.217122132644,6510.762689343609,6510.762689343609,6510.762689343609,6510.762689343609,6510.762689343609,4700.277635043359,4700.277635043359,4700.277635043359,4700.277635043359,4700.277635043359,4789.012868104633,4789.012868104633,4789.012868104633,4789.012868104633,4789.012868104633,5119.177225452271,5119.177225452271,5119.177225452271,5119.177225452271,5119.177225452271,8238.008266846102,8238.008266846102,8238.008266846102,8238.008266846102,8238.008266846102,4170.492806856443,4170.492806856443,4170.492806856443,4170.492806856443,4170.492806856443,5944.096497332405,5944.096497332405,5944.096497332405,5944.096497332405,5944.096497332405,4256.971956808825,4256.971956808825,4256.971956808825,4256.971956808825,4256.971956808825,5662.5141562853905,5662.5141562853905,5662.5141562853905,5662.5141562853905,5662.5141562853905,4329.595319356411,4329.595319356411,4329.595319356411,4329.595319356411,4329.595319356411,3052.4333884863354,3052.4333884863354,3052.4333884863354,3052.4333884863354,3052.4333884863354,4652.849114750136,4652.849114750136,4652.849114750136,4652.849114750136,4652.849114750136,4652.849114750136,4652.849114750136,4652.849114750136,4652.849114750136,4652.849114750136,4652.849114750136,4652.849114750136,4652.849114750136,4652.849114750136,4652.849114750136,4652.849114750136,4652.849114750136,4652.849114750136,4652.849114750136,4652.849114750136,4652.849114750136,4652.849114750136,4652.849114750136,4652.849114750136,4652.849114750136,4652.849114750136
27,19548.93765238593,19548.93765238593,19548.93765238593,19548.93765238593,19548.93765238593,16177.091299641854,16177.091299641854,16177.091299641854,16177.091299641854,16177.091299641854,16177.091299641854,16177.091299641854,16177.091299641854,16177.091299641854,16177.091299641854,16177.091299641854,16177.091299641854,16177.091299641854,17025.110305158352,17025.110305158352,14010.688871172528,14010.688871172528,14010.688871172528,14010.688871172528,14010.688871172528,15347.601464255982,15347.601464255982,15347.601464255982,15347.601464255982,15347.601464255982,15249.082782281193,15249.082782281193,15249.082782281193,15249.082782281193,15249.082782281193,13342.28996316972,13342.28996316972,13342.28996316972,13342.28996316972,13342.28996316972,11112.179179082957,11112.179179082957,11112.179179082957,11112.179179082957,11112.179179082957,13302.214059789816,13302.214059789816,13302.214059789816,13302.214059789816,13302.214059789816,10452.911157504059,10452.911157504059,10452.911157504059,10452.911157504059,10452.911157504059,12848.597840441234,12848.597840441234,12848.597840441234,12848.597840441234,12848.597840441234,10783.3965237087,10783.3965237087,10783.3965237087,10783.3965237087,10783.3965237087,8659.190638712822,8659.190638712822,8659.190638712822,8659.190638712822,8659.190638712822,14805.72830490101,14805.72830490101,14805.72830490101,14805.72830490101,14805.72830490101,13475.134449211433,13475.134449211433,13475.134449211433,13475.134449211433,13475.134449211433,13475.134449211433,13475.134449211433,13475.134449211433,13475.134449211433,13475.134449211433,13475.134449211433,13475.134449211433,13475.134449211433,13475.134449211433,13475.134449211433,13475.134449211433,13475.134449211433,13475.134449211433,13475.134449211433,13475.134449211433,13475.134449211433,13475.134449211433,13475.134449211433,13475.134449211433,13475.134449211433,13475.134449211433
36,74995.64611633577,74995.64611633577,74995.64611633577,74995.64611633577,74995.64611633577,77571.4721529197,77571.4721529197,77571.4721529197,77571.4721529197,77571.4721529197,77571.4721529197,77571.4721529197,77571.4721529197,77571.4721529197,77571.4721529197,77571.4721529197,77571.4721529197,77571.4721529197,95682.50594839336,95682.50594839336,91600.96849440457,91600.96849440457,91600.96849440457,91600.96849440457,91600.96849440457,88576.33370377895,88576.33370377895,88576.33370377895,88576.33370377895,88576.33370377895,80022.51106613707,80022.51106613707,80022.51106613707,80022.51106613707,80022.51106613707,86300.21696663655,86300.21696663655,86300.21696663655,86300.21696663655,86300.21696663655,79659.71354416995,79659.71354416995,79659.71354416995,79659.71354416995,79659.71354416995,80769.81940618304,80769.81940618304,80769.81940618304,80769.81940618304,80769.81940618304,77070.28531663188,77070.28531663188,77070.28531663188,77070.28531663188,77070.28531663188,79950.28353919055,79950.28353919055,79950.28353919055,79950.28353919055,79950.28353919055,78405.30470891394,78405.30470891394,78405.30470891394,78405.30470891394,78405.30470891394,68259.38566552901,68259.38566552901,68259.38566552901,68259.38566552901,68259.38566552901,64529.01238089804,64529.01238089804,64529.01238089804,64529.01238089804,64529.01238089804,70739.42030737003,70739.42030737003,70739.42030737003,70739.42030737003,70739.42030737003,70739.42030737003,70739.42030737003,70739.42030737003,70739.42030737003,70739.42030737003,70739.42030737003,70739.42030737003,70739.42030737003,70739.42030737003,70739.42030737003,70739.42030737003,70739.42030737003,70739.42030737003,70739.42030737003,70739.42030737003,70739.42030737003,70739.42030737003,70739.42030737003,70739.42030737003,70739.42030737003,70739.42030737003
37,26177.725531173808,26177.725531173808,26177.725531173808,26177.725531173808,26177.725531173808,21919.10200636051,21919.10200636051,21919.10200636051,21919.10200636051,21919.10200636051,21919.10200636051,21919.10200636051,21919.10200636051,21919.10200636051,21919.10200636051,21919.10200636051,21919.10200636051,21919.10200636051,18307.191203308,18307.191203308,30117.813801045264,30117.813801045264,30117.813801045264,30117.813801045264,30117.813801045264,27986.568359164943,27986.568359164943,27986.568359164943,27986.568359164943,27986.568359164943,27056.569876297362,27056.569876297362,27056.569876297362,27056.569876297362,27056.569876297362,21271.995861419316,21271.995861419316,21271.995861419316,21271.995861419316,21271.995861419316,21887.91694703451,21887.91694703451,21887.91694703451,21887.91694703451,21887.91694703451,24321.49780634629,24321.49780634629,24321.49780634629,24321.49780634629,24321.49780634629,21920.668058455118,21920.668058455118,21920.668058455118,21920.668058455118,21920.668058455118,18767.963955565912,18767.963955565912,18767.963955565912,18767.963955565912,18767.963955565912,20270.159371050602,20270.159371050602,20270.159371050602,20270.159371050602,20270.159371050602,20185.275475377864,20185.275475377864,20185.275475377864,20185.275475377864,20185.275475377864,16146.516802647344,16146.516802647344,16146.516802647344,16146.516802647344,16146.516802647344,17100.731162003747,17100.731162003747,17100.731162003747,17100.731162003747,17100.731162003747,17100.731162003747,17100.731162003747,17100.731162003747,17100.731162003747,17100.731162003747,17100.731162003747,17100.731162003747,17100.731162003747,17100.731162003747,17100.731162003747,17100.731162003747,17100.731162003747,17100.731162003747,17100.731162003747,17100.731162003747,17100.731162003747,17100.731162003747,17100.731162003747,17100.731162003747,17100.731162003747,17100.731162003747
38,1317.049808429119,1317.049808429119,1317.049808429119,1317.049808429119,1317.049808429119,1379.0855409149606,1379.0855409149606,1379.0855409149606,1379.0855409149606,1379.0855409149606,1379.0855409149606,1379.0855409149606,1379.0855409149606,1379.0855409149606,1379.0855409149606,1379.0855409149606,1379.0855409149606,1379.0855409149606,1559.2875788306499,1559.2875788306499,2517.1996338618715,2517.1996338618715,2517.1996338618715,2517.1996338618715,2517.1996338618715,1298.5512788340125,1298.5512788340125,1298.5512788340125,1298.5512788340125,1298.5512788340125,1141.7872487797488,1141.7872487797488,1141.7872487797488,1141.7872487797488,1141.7872487797488,1019.2027055199093,1019.2027055199093,1019.2027055199093,1019.2027055199093,1019.2027055199093,1297.7025857925598,1297.7025857925598,1297.7025857925598,1297.7025857925598,1297.7025857925598,765.2280379553107,765.2280379553107,765.2280379553107,765.2280379553107,765.2280379553107,1362.7928554859661,1362.7928554859661,1362.7928554859661,1362.7928554859661,1362.7928554859661,1398.2754602656723,1398.2754602656723,1398.2754602656723,1398.2754602656723,1398.2754602656723,2084.461732893463,2084.461732893463,2084.461732893463,2084.461732893463,2084.461732893463,1053.1448074110192,1053.1448074110192,1053.1448074110192,1053.1448074110192,1053.1448074110192,656.1305414503338,656.1305414503338,656.1305414503338,656.1305414503338,656.1305414503338,765.4037504783773,765.4037504783773,765.4037504783773,765.4037504783773,765.4037504783773,765.4037504783773,765.4037504783773,765.4037504783773,765.4037504783773,765.4037504783773,765.4037504783773,765.4037504783773,765.4037504783773,765.4037504783773,765.4037504783773,765.4037504783773,765.4037504783773,765.4037504783773,765.4037504783773,765.4037504783773,765.4037504783773,765.4037504783773,765.4037504783773,765.4037504783773,765.4037504783773,765.4037504783773
39,21236.067572274467,21236.067572274467,21236.067572274467,21236.067572274467,21236.067572274467,18600.938613977243,18600.938613977243,18600.938613977243,18600.938613977243,18600.938613977243,18600.938613977243,18600.938613977243,18600.938613977243,18600.938613977243,18600.938613977243,18600.938613977243,18600.938613977243,18600.938613977243,35320.751230104644,35320.751230104644,20410.724303894647,20410.724303894647,20410.724303894647,20410.724303894647,20410.724303894647,20501.973718278103,20501.973718278103,20501.973718278103,20501.973718278103,20501.973718278103,18723.146354397773,18723.146354397773,18723.146354397773,18723.146354397773,18723.146354397773,18461.46718862199,18461.46718862199,18461.46718862199,18461.46718862199,18461.46718862199,20446.025185042778,20446.025185042778,20446.025185042778,20446.025185042778,20446.025185042778,19156.208550147945,19156.208550147945,19156.208550147945,19156.208550147945,19156.208550147945,22007.65483646486,22007.65483646486,22007.65483646486,22007.65483646486,22007.65483646486,20290.530567855203,20290.530567855203,20290.530567855203,20290.530567855203,20290.530567855203,20319.39862458352,20319.39862458352,20319.39862458352,20319.39862458352,20319.39862458352,19795.22184300341,19795.22184300341,19795.22184300341,19795.22184300341,19795.22184300341,17344.668226165344,17344.668226165344,17344.668226165344,17344.668226165344,17344.668226165344,27252.401957822225,27252.401957822225,27252.401957822225,27252.401957822225,27252.401957822225,27252.401957822225,27252.401957822225,27252.401957822225,27252.401957822225,27252.401957822225,27252.401957822225,27252.401957822225,27252.401957822225,27252.401957822225,27252.401957822225,27252.401957822225,27252.401957822225,27252.401957822225,27252.401957822225,27252.401957822225,27252.401957822225,27252.401957822225,27252.401957822225,27252.401957822225,27252.401957822225,27252.401957822225
53,36692.35458028562,36692.35458028562,36692.35458028562,36692.35458028562,36692.35458028562,29416.312492425477,29416.312492425477,29416.312492425477,29416.312492425477,29416.312492425477,29416.312492425477,29416.312492425477,29416.312492425477,29416.312492425477,29416.312492425477,29416.312492425477,29416.312492425477,29416.312492425477,32259.927464251887,32259.927464251887,27567.395990196947,27567.395990196947,27567.395990196947,27567.395990196947,27567.395990196947,33969.464128516745,33969.464128516745,33969.464128516745,33969.464128516745,33969.464128516745,38339.15951471336,38339.15951471336,38339.15951471336,38339.15951471336,38339.15951471336,31572.120173264462,31572.120173264462,31572.120173264462,31572.120173264462,31572.120173264462,28126.50197058541,28126.50197058541,28126.50197058541,28126.50197058541,28126.50197058541,25163.248648097135,25163.248648097135,25163.248648097135,25163.248648097135,25163.248648097135,28560.65877986546,28560.65877986546,28560.65877986546,28560.65877986546,28560.65877986546,26971.179989124525,26971.179989124525,26971.179989124525,26971.179989124525,26971.179989124525,24553.97442841433,24553.97442841433,24553.97442841433,24553.97442841433,24553.97442841433,25529.01023890785,25529.01023890785,25529.01023890785,25529.01023890785,25529.01023890785,25389.39921264335,25389.39921264335,25389.39921264335,25389.39921264335,25389.39921264335,24271.355771748546,24271.355771748546,24271.355771748546,24271.355771748546,24271.355771748546,24271.355771748546,24271.355771748546,24271.355771748546,24271.355771748546,24271.355771748546,24271.355771748546,24271.355771748546,24271.355771748546,24271.355771748546,24271.355771748546,24271.355771748546,24271.355771748546,24271.355771748546,24271.355771748546,24271.355771748546,24271.355771748546,24271.355771748546,24271.355771748546,24271.355771748546,24271.355771748546,24271.355771748546
54,315.6565656565657,315.6565656565657,315.6565656565657,315.6565656565657,315.6565656565657,204.77330759040322,204.77330759040322,204.77330759040322,204.77330759040322,204.77330759040322,204.77330759040322,204.77330759040322,204.77330759040322,204.77330759040322,204.77330759040322,204.77330759040322,204.77330759040322,204.77330759040322,2367.807064150246,2367.807064150246,2823.5450438479934,2823.5450438479934,2823.5450438479934,2823.5450438479934,2823.5450438479934,1043.620966424881,1043.620966424881,1043.620966424881,1043.620966424881,1043.620966424881,860.3989220662561,860.3989220662561,860.3989220662561,860.3989220662561,860.3989220662561,501.88012014237955,501.88012014237955,501.88012014237955,501.88012014237955,501.88012014237955,1115.0629626069403,1115.0629626069403,1115.0629626069403,1115.0629626069403,1115.0629626069403,624.9362309968371,624.9362309968371,624.9362309968371,624.9362309968371,624.9362309968371,594.4096497332406,594.4096497332406,594.4096497332406,594.4096497332406,594.4096497332406,2004.1948263807972,2004.1948263807972,2004.1948263807972,2004.1948263807972,2004.1948263807972,328.261690219443,328.261690219443,328.261690219443,328.261690219443,328.261690219443,565.5777669429547,565.5777669429547,565.5777669429547,565.5777669429547,565.5777669429547,1454.898157129001,1454.898157129001,1454.898157129001,1454.898157129001,1454.898157129001,1591.2341128366265,1591.2341128366265,1591.2341128366265,1591.2341128366265,1591.2341128366265,1591.2341128366265,1591.2341128366265,1591.2341128366265,1591.2341128366265,1591.2341128366265,1591.2341128366265,1591.2341128366265,1591.2341128366265,1591.2341128366265,1591.2341128366265,1591.2341128366265,1591.2341128366265,1591.2341128366265,1591.2341128366265,1591.2341128366265,1591.2341128366265,1591.2341128366265,1591.2341128366265,1591.2341128366265,1591.2341128366265,1591.2341128366265
23,2525.2525252525256,2525.2525252525256,2525.2525252525256,2525.2525252525256,2525.2525252525256,3067.420566762367,3067.420566762367,3067.420566762367,3067.420566762367,3067.420566762367,3067.420566762367,3067.420566762367,3067.420566762367,3067.420566762367,3067.420566762367,3067.420566762367,3067.420566762367,3067.420566762367,2610.362909746125,2610.362909746125,2144.4178699028557,2144.4178699028557,2144.4178699028557,2144.4178699028557,2144.4178699028557,2031.475927010265,2031.475927010265,2031.475927010265,2031.475927010265,2031.475927010265,1704.563902206734,1704.563902206734,1704.563902206734,1704.563902206734,1704.563902206734,1482.4766625744135,1482.4766625744135,1482.4766625744135,1482.4766625744135,1482.4766625744135,2431.990771892723,2431.990771892723,2431.990771892723,2431.990771892723,2431.990771892723,2754.8209366391184,2754.8209366391184,2754.8209366391184,2754.8209366391184,2754.8209366391184,2000.6958942240778,2000.6958942240778,2000.6958942240778,2000.6958942240778,2000.6958942240778,2516.89582847821,2516.89582847821,2516.89582847821,2516.89582847821,2516.89582847821,1903.917803272769,1903.917803272769,1903.917803272769,1903.917803272769,1903.917803272769,799.6099463676255,799.6099463676255,799.6099463676255,799.6099463676255,799.6099463676255,3080.9608033320023,3080.9608033320023,3080.9608033320023,3080.9608033320023,3080.9608033320023,2598.344310834492,2598.344310834492,2598.344310834492,2598.344310834492,2598.344310834492,2598.344310834492,2598.344310834492,2598.344310834492,2598.344310834492,2598.344310834492,2598.344310834492,2598.344310834492,2598.344310834492,2598.344310834492,2598.344310834492,2598.344310834492,2598.344310834492,2598.344310834492,2598.344310834492,2598.344310834492,2598.344310834492,2598.344310834492,2598.344310834492,2598.344310834492,2598.344310834492,2598.344310834492
13,30237.722048066877,30237.722048066877,30237.722048066877,30237.722048066877,30237.722048066877,24171.608389854944,24171.608389854944,24171.608389854944,24171.608389854944,24171.608389854944,24171.608389854944,24171.608389854944,24171.608389854944,24171.608389854944,24171.608389854944,24171.608389854944,24171.608389854944,24171.608389854944,25191.157106886276,25191.157106886276,22473.94218560841,22473.94218560841,22473.94218560841,22473.94218560841,22473.94218560841,27843.170058434807,27843.170058434807,27843.170058434807,27843.170058434807,27843.170058434807,28339.051288433857,28339.051288433857,28339.051288433857,28339.051288433857,28339.051288433857,25588.164894643778,25588.164894643778,25588.164894643778,25588.164894643778,25588.164894643778,22205.13313467269,22205.13313467269,22205.13313467269,22205.13313467269,22205.13313467269,22446.68911335578,22446.68911335578,22446.68911335578,22446.68911335578,22446.68911335578,30010.438413361167,30010.438413361167,30010.438413361167,30010.438413361167,30010.438413361167,23475.491338460342,23475.491338460342,23475.491338460342,23475.491338460342,23475.491338460342,21451.901455840598,21451.901455840598,21451.901455840598,21451.901455840598,21451.901455840598,20341.296928327647,20341.296928327647,20341.296928327647,20341.296928327647,20341.296928327647,25161.179893878016,25161.179893878016,25161.179893878016,25161.179893878016,25161.179893878016,17946.703728321954,17946.703728321954,17946.703728321954,17946.703728321954,17946.703728321954,17946.703728321954,17946.703728321954,17946.703728321954,17946.703728321954,17946.703728321954,17946.703728321954,17946.703728321954,17946.703728321954,17946.703728321954,17946.703728321954,17946.703728321954,17946.703728321954,17946.703728321954,17946.703728321954,17946.703728321954,17946.703728321954,17946.703728321954,17946.703728321954,17946.703728321954,17946.703728321954,17946.703728321954
30,1295.2803901079762,1295.2803901079762,1295.2803901079762,1295.2803901079762,1295.2803901079762,940.2855960783822,940.2855960783822,940.2855960783822,940.2855960783822,940.2855960783822,940.2855960783822,940.2855960783822,940.2855960783822,940.2855960783822,940.2855960783822,940.2855960783822,940.2855960783822,940.2855960783822,2009.748434937282,2009.748434937282,1753.1815631735908,1753.1815631735908,1753.1815631735908,1753.1815631735908,1753.1815631735908,1278.634848177049,1278.634848177049,1278.634848177049,1278.634848177049,1278.634848177049,611.4784792043204,611.4784792043204,611.4784792043204,611.4784792043204,611.4784792043204,926.5479141090083,926.5479141090083,926.5479141090083,926.5479141090083,926.5479141090083,769.0089397289242,769.0089397289242,769.0089397289242,769.0089397289242,769.0089397289242,522.905825936129,522.905825936129,522.905825936129,522.905825936129,522.905825936129,1377.2906518209231,1377.2906518209231,1377.2906518209231,1377.2906518209231,1377.2906518209231,512.7010020974133,512.7010020974133,512.7010020974133,512.7010020974133,512.7010020974133,1756.2000426740199,1756.2000426740199,1756.2000426740199,1756.2000426740199,1756.2000426740199,1540.7118478790833,1540.7118478790833,1540.7118478790833,1540.7118478790833,1540.7118478790833,570.5482969133337,570.5482969133337,570.5482969133337,570.5482969133337,570.5482969133337,1973.9359880758152,1973.9359880758152,1973.9359880758152,1973.9359880758152,1973.9359880758152,1973.9359880758152,1973.9359880758152,1973.9359880758152,1973.9359880758152,1973.9359880758152,1973.9359880758152,1973.9359880758152,1973.9359880758152,1973.9359880758152,1973.9359880758152,1973.9359880758152,1973.9359880758152,1973.9359880758152,1973.9359880758152,1973.9359880758152,1973.9359880758152,1973.9359880758152,1973.9359880758152,1973.9359880758152,1973.9359880758152,1973.9359880758152
32,4626.001393242773,4626.001393242773,4626.001393242773,4626.001393242773,4626.001393242773,7346.764790692426,7346.764790692426,7346.764790692426,7346.764790692426,7346.764790692426,7346.764790692426,7346.764790692426,7346.764790692426,7346.764790692426,7346.764790692426,7346.764790692426,7346.764790692426,7346.764790692426,4851.1169119175765,4851.1169119175765,5835.32642395252,5835.32642395252,5835.32642395252,5835.32642395252,5835.32642395252,7484.594640886839,7484.594640886839,7484.594640886839,7484.594640886839,7484.594640886839,8506.585569107892,8506.585569107892,8506.585569107892,8506.585569107892,8506.585569107892,6964.551821052713,6964.551821052713,6964.551821052713,6964.551821052713,6964.551821052713,8439.873113524945,8439.873113524945,8439.873113524945,8439.873113524945,8439.873113524945,10904.499540863177,10904.499540863177,10904.499540863177,10904.499540863177,10904.499540863177,13163.999072141036,13163.999072141036,13163.999072141036,13163.999072141036,13163.999072141036,17121.10619125301,17121.10619125301,17121.10619125301,17121.10619125301,17121.10619125301,11374.267566103697,11374.267566103697,11374.267566103697,11374.267566103697,11374.267566103697,11818.62506094588,11818.62506094588,11818.62506094588,11818.62506094588,11818.62506094588,6789.524733268671,6789.524733268671,6789.524733268671,6789.524733268671,6789.524733268671,12468.024251213568,12468.024251213568,12468.024251213568,12468.024251213568,12468.024251213568,12468.024251213568,12468.024251213568,12468.024251213568,12468.024251213568,12468.024251213568,12468.024251213568,12468.024251213568,12468.024251213568,12468.024251213568,12468.024251213568,12468.024251213568,12468.024251213568,12468.024251213568,12468.024251213568,12468.024251213568,12468.024251213568,12468.024251213568,12468.024251213568,12468.024251213568,12468.024251213568,12468.024251213568
33,2808.2549634273773,2808.2549634273773,2808.2549634273773,2808.2549634273773,2808.2549634273773,2256.6854305881175,2256.6854305881175,2256.6854305881175,2256.6854305881175,2256.6854305881175,2256.6854305881175,2256.6854305881175,2256.6854305881175,2256.6854305881175,2256.6854305881175,2256.6854305881175,2256.6854305881175,2256.6854305881175,3349.58072489547,3349.58072489547,5097.1447131425875,5097.1447131425875,5097.1447131425875,5097.1447131425875,5097.1447131425875,3895.6538365020374,3895.6538365020374,3895.6538365020374,3895.6538365020374,3895.6538365020374,2072.533252524378,2072.533252524378,2072.533252524378,2072.533252524378,2072.533252524378,1853.0958282180165,1853.0958282180165,1853.0958282180165,1853.0958282180165,1853.0958282180165,1864.8466788426415,1864.8466788426415,1864.8466788426415,1864.8466788426415,1864.8466788426415,2435.975920824406,2435.975920824406,2435.975920824406,2435.975920824406,2435.975920824406,2783.5768963117607,2783.5768963117607,2783.5768963117607,2783.5768963117607,2783.5768963117607,1973.122038374893,1973.122038374893,1973.122038374893,1973.122038374893,1973.122038374893,3282.6169021944293,3282.6169021944293,3282.6169021944293,3282.6169021944293,3282.6169021944293,1891.7601170160897,1891.7601170160897,1891.7601170160897,1891.7601170160897,1891.7601170160897,1483.4255719746677,1483.4255719746677,1483.4255719746677,1483.4255719746677,1483.4255719746677,2376.7800672749613,2376.7800672749613,2376.7800672749613,2376.7800672749613,2376.7800672749613,2376.7800672749613,2376.7800672749613,2376.7800672749613,2376.7800672749613,2376.7800672749613,2376.7800672749613,2376.7800672749613,2376.7800672749613,2376.7800672749613,2376.7800672749613,2376.7800672749613,2376.7800672749613,2376.7800672749613,2376.7800672749613,2376.7800672749613,2376.7800672749613,2376.7800672749613,2376.7800672749613,2376.7800672749613,2376.7800672749613,2376.7800672749613
41,10373.127830024381,10373.127830024381,10373.127830024381,10373.127830024381,10373.127830024381,10401.648216173748,10401.648216173748,10401.648216173748,10401.648216173748,10401.648216173748,10401.648216173748,10401.648216173748,10401.648216173748,10401.648216173748,10401.648216173748,10401.648216173748,10401.648216173748,10401.648216173748,11792.834207304397,11792.834207304397,13331.56169722739,13331.56169722739,13331.56169722739,13331.56169722739,13331.56169722739,11185.067456950635,11185.067456950635,11185.067456950635,11185.067456950635,11185.067456950635,10963.32211387569,10963.32211387569,10963.32211387569,10963.32211387569,10963.32211387569,10493.15512728452,10493.15512728452,10493.15512728452,10493.15512728452,10493.15512728452,9804.863981543785,9804.863981543785,9804.863981543785,9804.863981543785,9804.863981543785,9820.426487093155,9820.426487093155,9820.426487093155,9820.426487093155,9820.426487093155,8742.171189979123,8742.171189979123,8742.171189979123,8742.171189979123,8742.171189979123,10828.866620057484,10828.866620057484,10828.866620057484,10828.866620057484,10828.866620057484,11177.310551972032,11177.310551972032,11177.310551972032,11177.310551972032,11177.310551972032,8717.698683568991,8717.698683568991,8717.698683568991,8717.698683568991,8717.698683568991,11553.603012495008,11553.603012495008,11553.603012495008,11553.603012495008,11553.603012495008,9446.693657219974,9446.693657219974,9446.693657219974,9446.693657219974,9446.693657219974,9446.693657219974,9446.693657219974,9446.693657219974,9446.693657219974,9446.693657219974,9446.693657219974,9446.693657219974,9446.693657219974,9446.693657219974,9446.693657219974,9446.693657219974,9446.693657219974,9446.693657219974,9446.693657219974,9446.693657219974,9446.693657219974,9446.693657219974,9446.693657219974,9446.693657219974,9446.693657219974,9446.693657219974
42,27407.697666318356,27407.697666318356,27407.697666318356,27407.697666318356,27407.697666318356,29804.963872137876,29804.963872137876,29804.963872137876,29804.963872137876,29804.963872137876,29804.963872137876,29804.963872137876,29804.963872137876,29804.963872137876,29804.963872137876,29804.963872137876,29804.963872137876,29804.963872137876,39848.46034789438,39848.46034789438,29767.177488410547,29767.177488410547,29767.177488410547,29767.177488410547,29767.177488410547,30201.27544821927,30201.27544821927,30201.27544821927,30201.27544821927,30201.27544821927,28025.195077868808,28025.195077868808,28025.195077868808,28025.195077868808,28025.195077868808,25039.957378795953,25039.957378795953,25039.957378795953,25039.957378795953,25039.957378795953,26636.547149860617,26636.547149860617,26636.547149860617,26636.547149860617,26636.547149860617,22905.825936128967,22905.825936128967,22905.825936128967,22905.825936128967,22905.825936128967,24167.826490373463,24167.826490373463,24167.826490373463,24167.826490373463,24167.826490373463,34956.886506641815,34956.886506641815,34956.886506641815,34956.886506641815,34956.886506641815,27212.89411919182,27212.89411919182,27212.89411919182,27212.89411919182,27212.89411919182,24748.902974158947,24748.902974158947,24748.902974158947,24748.902974158947,24748.902974158947,24818.850915730018,24818.850915730018,24818.850915730018,24818.850915730018,24818.850915730018,33899.32926460813,33899.32926460813,33899.32926460813,33899.32926460813,33899.32926460813,33899.32926460813,33899.32926460813,33899.32926460813,33899.32926460813,33899.32926460813,33899.32926460813,33899.32926460813,33899.32926460813,33899.32926460813,33899.32926460813,33899.32926460813,33899.32926460813,33899.32926460813,33899.32926460813,33899.32926460813,33899.32926460813,33899.32926460813,33899.32926460813,33899.32926460813,33899.32926460813,33899.32926460813
45,12332.375478927202,12332.375478927202,12332.375478927202,12332.375478927202,12332.375478927202,6920.501987136893,6920.501987136893,6920.501987136893,6920.501987136893,6920.501987136893,6920.501987136893,6920.501987136893,6920.501987136893,6920.501987136893,6920.501987136893,6920.501987136893,6920.501987136893,6920.501987136893,8304.650142068424,8304.650142068424,8083.089733368766,8083.089733368766,8083.089733368766,8083.089733368766,8083.089733368766,8153.786710960809,8153.786710960809,8153.786710960809,8153.786710960809,8153.786710960809,8750.094697994567,8750.094697994567,8750.094697994567,8750.094697994567,8750.094697994567,9489.39488699976,9489.39488699976,9489.39488699976,9489.39488699976,9489.39488699976,8593.674901470731,8593.674901470731,8593.674901470731,8593.674901470731,8593.674901470731,7805.325987144169,7805.325987144169,7805.325987144169,7805.325987144169,7805.325987144169,7495.360705172814,7495.360705172814,7495.360705172814,7495.360705172814,7495.360705172814,10254.020041948263,10254.020041948263,10254.020041948263,10254.020041948263,10254.020041948263,6466.755297323026,6466.755297323026,6466.755297323026,6466.755297323026,6466.755297323026,8971.233544612385,8971.233544612385,8971.233544612385,8971.233544612385,8971.233544612385,5876.647458207337,5876.647458207337,5876.647458207337,5876.647458207337,5876.647458207337,9386.267045340102,9386.267045340102,9386.267045340102,9386.267045340102,9386.267045340102,9386.267045340102,9386.267045340102,9386.267045340102,9386.267045340102,9386.267045340102,9386.267045340102,9386.267045340102,9386.267045340102,9386.267045340102,9386.267045340102,9386.267045340102,9386.267045340102,9386.267045340102,9386.267045340102,9386.267045340102,9386.267045340102,9386.267045340102,9386.267045340102,9386.267045340102,9386.267045340102,9386.267045340102
46,1502.0898641588296,1502.0898641588296,1502.0898641588296,1502.0898641588296,1502.0898641588296,1266.251269385555,1266.251269385555,1266.251269385555,1266.251269385555,1266.251269385555,1266.251269385555,1266.251269385555,1266.251269385555,1266.251269385555,1266.251269385555,1266.251269385555,1266.251269385555,1266.251269385555,970.2233823835155,970.2233823835155,1129.4180175391973,1129.4180175391973,1129.4180175391973,1129.4180175391973,1129.4180175391973,888.2728073005668,888.2728073005668,888.2728073005668,888.2728073005668,888.2728073005668,2007.597484821264,2007.597484821264,2007.597484821264,2007.597484821264,2007.597484821264,733.5170986696317,733.5170986696317,733.5170986696317,733.5170986696317,733.5170986696317,1557.2431029510717,1557.2431029510717,1557.2431029510717,1557.2431029510717,1557.2431029510717,816.2432404856647,816.2432404856647,816.2432404856647,816.2432404856647,816.2432404856647,869.8677800974252,869.8677800974252,869.8677800974252,869.8677800974252,869.8677800974252,1600.2485823040472,1600.2485823040472,1600.2485823040472,1600.2485823040472,1600.2485823040472,361.08785924138726,361.08785924138726,361.08785924138726,361.08785924138726,361.08785924138726,721.5992198927353,721.5992198927353,721.5992198927353,721.5992198927353,721.5992198927353,427.91122268500027,427.91122268500027,427.91122268500027,427.91122268500027,427.91122268500027,1973.9359880758152,1973.9359880758152,1973.9359880758152,1973.9359880758152,1973.9359880758152,1973.9359880758152,1973.9359880758152,1973.9359880758152,1973.9359880758152,1973.9359880758152,1973.9359880758152,1973.9359880758152,1973.9359880758152,1973.9359880758152,1973.9359880758152,1973.9359880758152,1973.9359880758152,1973.9359880758152,1973.9359880758152,1973.9359880758152,1973.9359880758152,1973.9359880758152,1973.9359880758152,1973.9359880758152,1973.9359880758152,1973.9359880758152
50,283.00243817485193,283.00243817485193,283.00243817485193,283.00243817485193,283.00243817485193,1583.858848505364,1583.858848505364,1583.858848505364,1583.858848505364,1583.858848505364,1583.858848505364,1583.858848505364,1583.858848505364,1583.858848505364,1583.858848505364,1583.858848505364,1583.858848505364,1583.858848505364,4816.466076832452,4816.466076832452,2070.599698821862,2070.599698821862,2070.599698821862,2070.599698821862,2070.599698821862,493.92748029269194,493.92748029269194,493.92748029269194,493.92748029269194,493.92748029269194,535.7200835506878,535.7200835506878,535.7200835506878,535.7200835506878,535.7200835506878,378.3403982611784,378.3403982611784,378.3403982611784,378.3403982611784,378.3403982611784,1922.522349322311,1922.522349322311,1922.522349322311,1922.522349322311,1922.522349322311,1173.349658198143,1173.349658198143,1173.349658198143,1173.349658198143,1173.349658198143,1362.7928554859661,1362.7928554859661,1362.7928554859661,1362.7928554859661,1362.7928554859661,854.5016701623554,854.5016701623554,854.5016701623554,854.5016701623554,854.5016701623554,755.0018875047188,755.0018875047188,755.0018875047188,755.0018875047188,755.0018875047188,1033.6421257922964,1033.6421257922964,1033.6421257922964,1033.6421257922964,1033.6421257922964,342.32897814800026,342.32897814800026,342.32897814800026,342.32897814800026,342.32897814800026,1007.1101979978649,1007.1101979978649,1007.1101979978649,1007.1101979978649,1007.1101979978649,1007.1101979978649,1007.1101979978649,1007.1101979978649,1007.1101979978649,1007.1101979978649,1007.1101979978649,1007.1101979978649,1007.1101979978649,1007.1101979978649,1007.1101979978649,1007.1101979978649,1007.1101979978649,1007.1101979978649,1007.1101979978649,1007.1101979978649,1007.1101979978649,1007.1101979978649,1007.1101979978649,1007.1101979978649,1007.1101979978649,1007.1101979978649
05,5627.394636015326,5627.394636015326,5627.394636015326,5627.394636015326,5627.394636015326,4601.130850143551,4601.130850143551,4601.130850143551,4601.130850143551,4601.130850143551,4601.130850143551,4601.130850143551,4601.130850143551,4601.130850143551,4601.130850143551,4601.130850143551,4601.130850143551,4601.130850143551,3130.125436023008,3130.125436023008,2705.4359701184044,2705.4359701184044,2705.4359701184044,2705.4359701184044,2705.4359701184044,4592.728909495756,4592.728909495756,4592.728909495756,4592.728909495756,4592.728909495756,6342.0599790041015,6342.0599790041015,6342.0599790041015,6342.0599790041015,6342.0599790041015,3713.9128890536085,3713.9128890536085,3713.9128890536085,3713.9128890536085,3713.9128890536085,3143.3240411419783,3143.3240411419783,3143.3240411419783,3143.3240411419783,3143.3240411419783,1798.2858891949802,1798.2858891949802,1798.2858891949802,1798.2858891949802,1798.2858891949802,2682.0923219670613,2682.0923219670613,2682.0923219670613,2682.0923219670613,2682.0923219670613,3091.742406587431,3091.742406587431,3091.742406587431,3091.742406587431,3091.742406587431,820.6542255486073,820.6542255486073,820.6542255486073,820.6542255486073,820.6542255486073,2574.3539736713797,2574.3539736713797,2574.3539736713797,2574.3539736713797,2574.3539736713797,8415.587379471672,8415.587379471672,8415.587379471672,8415.587379471672,8415.587379471672,3585.312304872399,3585.312304872399,3585.312304872399,3585.312304872399,3585.312304872399,3585.312304872399,3585.312304872399,3585.312304872399,3585.312304872399,3585.312304872399,3585.312304872399,3585.312304872399,3585.312304872399,3585.312304872399,3585.312304872399,3585.312304872399,3585.312304872399,3585.312304872399,3585.312304872399,3585.312304872399,3585.312304872399,3585.312304872399,3585.312304872399,3585.312304872399,3585.312304872399,3585.312304872399
08,17415.53465691397,17415.53465691397,17415.53465691397,17415.53465691397,17415.53465691397,20840.90785619063,20840.90785619063,20840.90785619063,20840.90785619063,20840.90785619063,20840.90785619063,20840.90785619063,20840.90785619063,20840.90785619063,20840.90785619063,20840.90785619063,20840.90785619063,20840.90785619063,19231.213472244683,19231.213472244683,18461.924587356425,18461.924587356425,18461.924587356425,18461.924587356425,18461.924587356425,19792.948786890207,19792.948786890207,19792.948786890207,19792.948786890207,19792.948786890207,19708.005497895,19708.005497895,19708.005497895,19708.005497895,19708.005497895,17874.653509686286,17874.653509686286,17874.653509686286,17874.653509686286,17874.653509686286,21042.007113332693,21042.007113332693,21042.007113332693,21042.007113332693,21042.007113332693,18837.363534333228,18837.363534333228,18837.363534333228,18837.363534333228,18837.363534333228,13830.89770354906,13830.89770354906,13830.89770354906,13830.89770354906,13830.89770354906,17975.607861415367,17975.607861415367,17975.607861415367,17975.607861415367,17975.607861415367,12359.052636762028,12359.052636762028,12359.052636762028,12359.052636762028,12359.052636762028,13339.83422720624,13339.83422720624,13339.83422720624,13339.83422720624,13339.83422720624,13579.049466537343,13579.049466537343,13579.049466537343,13579.049466537343,13579.049466537343,15670.634680846777,15670.634680846777,15670.634680846777,15670.634680846777,15670.634680846777,15670.634680846777,15670.634680846777,15670.634680846777,15670.634680846777,15670.634680846777,15670.634680846777,15670.634680846777,15670.634680846777,15670.634680846777,15670.634680846777,15670.634680846777,15670.634680846777,15670.634680846777,15670.634680846777,15670.634680846777,15670.634680846777,15670.634680846777,15670.634680846777,15670.634680846777,15670.634680846777,15670.634680846777
11,3940.264716126785,3940.264716126785,3940.264716126785,3940.264716126785,3940.264716126785,3773.679525594574,3773.679525594574,3773.679525594574,3773.679525594574,3773.679525594574,3773.679525594574,3773.679525594574,3773.679525594574,3773.679525594574,3773.679525594574,3773.679525594574,3773.679525594574,3773.679525594574,5809.790015939384,5809.790015939384,6182.271828033188,6182.271828033188,6182.271828033188,6182.271828033188,6182.271828033188,8384.817306581584,8384.817306581584,8384.817306581584,8384.817306581584,8384.817306581584,7840.993950150976,7840.993950150976,7840.993950150976,7840.993950150976,7840.993950150976,5373.977901832249,5373.977901832249,5373.977901832249,5373.977901832249,5373.977901832249,6123.23368259156,6123.23368259156,6123.23368259156,6123.23368259156,6123.23368259156,4489.337822671157,4489.337822671157,4489.337822671157,4489.337822671157,4489.337822671157,5610.647181628393,5610.647181628393,5610.647181628393,5610.647181628393,5610.647181628393,4241.435562805873,4241.435562805873,4241.435562805873,4241.435562805873,4241.435562805873,3348.269240238318,3348.269240238318,3348.269240238318,3348.269240238318,3348.269240238318,1248.1716235982449,1248.1716235982449,1248.1716235982449,1248.1716235982449,1248.1716235982449,3280.6527072516687,3280.6527072516687,3280.6527072516687,3280.6527072516687,3280.6527072516687,1087.6790138376941,1087.6790138376941,1087.6790138376941,1087.6790138376941,1087.6790138376941,1087.6790138376941,1087.6790138376941,1087.6790138376941,1087.6790138376941,1087.6790138376941,1087.6790138376941,1087.6790138376941,1087.6790138376941,1087.6790138376941,1087.6790138376941,1087.6790138376941,1087.6790138376941,1087.6790138376941,1087.6790138376941,1087.6790138376941,1087.6790138376941,1087.6790138376941,1087.6790138376941,1087.6790138376941,1087.6790138376941,1087.6790138376941
15,9752.699407871822,9752.699407871822,9752.699407871822,9752.699407871822,9752.699407871822,7956.905666369954,7956.905666369954,7956.905666369954,7956.905666369954,7956.905666369954,7956.905666369954,7956.905666369954,7956.905666369954,7956.905666369954,7956.905666369954,7956.905666369954,7956.905666369954,7956.905666369954,7704.035667259581,7704.035667259581,10042.962175569139,10042.962175569139,10042.962175569139,10042.962175569139,10042.962175569139,8579.998327019825,8579.998327019825,8579.998327019825,8579.998327019825,8579.998327019825,10492.537798028117,10492.537798028117,10492.537798028117,10492.537798028117,10492.537798028117,10539.48252298997,10539.48252298997,10539.48252298997,10539.48252298997,10539.48252298997,8728.251465923291,8728.251465923291,8728.251465923291,8728.251465923291,8728.251465923291,9425.05866748291,9425.05866748291,9425.05866748291,9425.05866748291,9425.05866748291,9510.55439573185,9510.55439573185,9510.55439573185,9510.55439573185,9510.55439573185,7876.95175949662,7876.95175949662,7876.95175949662,7876.95175949662,7876.95175949662,6663.712311454691,6663.712311454691,6663.712311454691,6663.712311454691,6663.712311454691,8873.720136518772,8873.720136518772,8873.720136518772,8873.720136518772,8873.720136518772,8757.916357619673,8757.916357619673,8757.916357619673,8757.916357619673,8757.916357619673,8782.000926541381,8782.000926541381,8782.000926541381,8782.000926541381,8782.000926541381,8782.000926541381,8782.000926541381,8782.000926541381,8782.000926541381,8782.000926541381,8782.000926541381,8782.000926541381,8782.000926541381,8782.000926541381,8782.000926541381,8782.000926541381,8782.000926541381,8782.000926541381,8782.000926541381,8782.000926541381,8782.000926541381,8782.000926541381,8782.000926541381,8782.000926541381,8782.000926541381,8782.000926541381
18,10286.050156739811,10286.050156739811,10286.050156739811,10286.050156739811,10286.050156739811,10510.303440609472,10510.303440609472,10510.303440609472,10510.303440609472,10510.303440609472,10510.303440609472,10510.303440609472,10510.303440609472,10510.303440609472,10510.303440609472,10510.303440609472,10510.303440609472,10510.303440609472,26981.450252951094,26981.450252951094,14545.870611509728,14545.870611509728,14545.870611509728,14545.870611509728,14545.870611509728,9878.549605853837,9878.549605853837,9878.549605853837,9878.549605853837,9878.549605853837,10097.511877834175,10097.511877834175,10097.511877834175,10097.511877834175,10097.511877834175,9365.855165118559,9365.855165118559,9365.855165118559,9365.855165118559,9365.855165118559,9833.70181678362,9833.70181678362,9833.70181678362,9833.70181678362,9833.70181678362,10037.241097847158,10037.241097847158,10037.241097847158,10037.241097847158,10037.241097847158,8901.646949663651,8901.646949663651,8901.646949663651,8901.646949663651,8901.646949663651,12335.89683834382,12335.89683834382,12335.89683834382,12335.89683834382,12335.89683834382,9880.676875605232,9880.676875605232,9880.676875605232,9880.676875605232,9880.676875605232,12325.694783032666,12325.694783032666,12325.694783032666,12325.694783032666,12325.694783032666,10840.41764135334,10840.41764135334,10840.41764135334,10840.41764135334,10840.41764135334,11199.065401736258,11199.065401736258,11199.065401736258,11199.065401736258,11199.065401736258,11199.065401736258,11199.065401736258,11199.065401736258,11199.065401736258,11199.065401736258,11199.065401736258,11199.065401736258,11199.065401736258,11199.065401736258,11199.065401736258,11199.065401736258,11199.065401736258,11199.065401736258,11199.065401736258,11199.065401736258,11199.065401736258,11199.065401736258,11199.065401736258,11199.065401736258,11199.065401736258,11199.065401736258
55,8163.531870428422,8163.531870428422,8163.531870428422,8163.531870428422,8163.531870428422,11212.383352347997,11212.383352347997,11212.383352347997,11212.383352347997,11212.383352347997,11212.383352347997,11212.383352347997,11212.383352347997,11212.383352347997,11212.383352347997,11212.383352347997,11212.383352347997,11212.383352347997,12763.05758968791,12763.05758968791,11456.58015177016,11456.58015177016,11456.58015177016,11456.58015177016,11456.58015177016,7624.009655485583,7624.009655485583,7624.009655485583,7624.009655485583,7624.009655485583,7868.050520027273,7868.050520027273,7868.050520027273,7868.050520027273,7868.050520027273,8238.555202952599,8238.555202952599,8238.555202952599,8238.555202952599,8238.555202952599,6392.386811496684,6392.386811496684,6392.386811496684,6392.386811496684,6392.386811496684,7205.897357412508,7205.897357412508,7205.897357412508,7205.897357412508,7205.897357412508,7176.409185803757,7176.409185803757,7176.409185803757,7176.409185803757,7176.409185803757,11683.368290219842,11683.368290219842,11683.368290219842,11683.368290219842,11683.368290219842,8977.957227501764,8977.957227501764,8977.957227501764,8977.957227501764,8977.957227501764,6143.34470989761,6143.34470989761,6143.34470989761,6143.34470989761,6143.34470989761,7074.798881725338,7074.798881725338,7074.798881725338,7074.798881725338,7074.798881725338,9446.693657219974,9446.693657219974,9446.693657219974,9446.693657219974,9446.693657219974,9446.693657219974,9446.693657219974,9446.693657219974,9446.693657219974,9446.693657219974,9446.693657219974,9446.693657219974,9446.693657219974,9446.693657219974,9446.693657219974,9446.693657219974,9446.693657219974,9446.693657219974,9446.693657219974,9446.693657219974,9446.693657219974,9446.693657219974,9446.693657219974,9446.693657219974,9446.693657219974,9446.693657219974
72,1491.2051549982584,1491.2051549982584,1491.2051549982584,1491.2051549982584,1491.2051549982584,1855.4969095946742,1855.4969095946742,1855.4969095946742,1855.4969095946742,1855.4969095946742,1855.4969095946742,1855.4969095946742,1855.4969095946742,1855.4969095946742,1855.4969095946742,1855.4969095946742,1855.4969095946742,1855.4969095946742,2379.3573425119544,2379.3573425119544,915.3453214043169,915.3453214043169,915.3453214043169,915.3453214043169,915.3453214043169,912.172524088923,912.172524088923,912.172524088923,912.172524088923,912.172524088923,1439.4095174190197,1439.4095174190197,1439.4095174190197,1439.4095174190197,1439.4095174190197,1258.5609166647364,1258.5609166647364,1258.5609166647364,1258.5609166647364,1258.5609166647364,3460.5402287801594,3460.5402287801594,3460.5402287801594,3460.5402287801594,3460.5402287801594,1453.9332721150904,1453.9332721150904,1453.9332721150904,1453.9332721150904,1453.9332721150904,2392.136395267919,2392.136395267919,2392.136395267919,2392.136395267919,2392.136395267919,2314.9227064398356,2314.9227064398356,2314.9227064398356,2314.9227064398356,2314.9227064398356,1624.8953665862425,1624.8953665862425,1624.8953665862425,1624.8953665862425,1624.8953665862425,1072.6474890297416,1072.6474890297416,1072.6474890297416,1072.6474890297416,1072.6474890297416,1654.5900610486676,1654.5900610486676,1654.5900610486676,1654.5900610486676,1654.5900610486676,2678.9131266743207,2678.9131266743207,2678.9131266743207,2678.9131266743207,2678.9131266743207,2678.9131266743207,2678.9131266743207,2678.9131266743207,2678.9131266743207,2678.9131266743207,2678.9131266743207,2678.9131266743207,2678.9131266743207,2678.9131266743207,2678.9131266743207,2678.9131266743207,2678.9131266743207,2678.9131266743207,2678.9131266743207,2678.9131266743207,2678.9131266743207,2678.9131266743207,2678.9131266743207,2678.9131266743207,2678.9131266743207,2678.9131266743207
20,6411.093695576455,6411.093695576455,6411.093695576455,6411.093695576455,6411.093695576455,6435.732524269816,6435.732524269816,6435.732524269816,6435.732524269816,6435.732524269816,6435.732524269816,6435.732524269816,6435.732524269816,6435.732524269816,6435.732524269816,6435.732524269816,6435.732524269816,6435.732524269816,9205.571854281689,9205.571854281689,13918.416157321286,13918.416157321286,13918.416157321286,13918.416157321286,13918.416157321286,7847.073678843573,7847.073678843573,7847.073678843573,7847.073678843573,7847.073678843573,7191.636273119839,7191.636273119839,7191.636273119839,7191.636273119839,7191.636273119839,8084.130550601098,8084.130550601098,8084.130550601098,8084.130550601098,8084.130550601098,6603.864269922137,6603.864269922137,6603.864269922137,6603.864269922137,6603.864269922137,5305.581063156821,5305.581063156821,5305.581063156821,5305.581063156821,5305.581063156821,5349.686847599165,5349.686847599165,5349.686847599165,5349.686847599165,5349.686847599165,5002.7188689505165,5002.7188689505165,5002.7188689505165,5002.7188689505165,5002.7188689505165,5793.818832373167,5793.818832373167,5793.818832373167,5793.818832373167,5793.818832373167,4368.600682593857,4368.600682593857,4368.600682593857,4368.600682593857,4368.600682593857,4307.6396416956695,4307.6396416956695,4307.6396416956695,4307.6396416956695,4307.6396416956695,6828.207142425524,6828.207142425524,6828.207142425524,6828.207142425524,6828.207142425524,6828.207142425524,6828.207142425524,6828.207142425524,6828.207142425524,6828.207142425524,6828.207142425524,6828.207142425524,6828.207142425524,6828.207142425524,6828.207142425524,6828.207142425524,6828.207142425524,6828.207142425524,6828.207142425524,6828.207142425524,6828.207142425524,6828.207142425524,6828.207142425524,6828.207142425524,6828.207142425524,6828.207142425524
21,8577.15081853013,8577.15081853013,8577.15081853013,8577.15081853013,8577.15081853013,6260.212546335185,6260.212546335185,6260.212546335185,6260.212546335185,6260.212546335185,6260.212546335185,6260.212546335185,6260.212546335185,6260.212546335185,6260.212546335185,6260.212546335185,6260.212546335185,6260.212546335185,6075.44641825868,6075.44641825868,9437.653172704993,9437.653172704993,9437.653172704993,9437.653172704993,9437.653172704993,8141.83685256663,8141.83685256663,8141.83685256663,8141.83685256663,8141.83685256663,8511.996883083151,8511.996883083151,8511.996883083151,8511.996883083151,8511.996883083151,8230.833970335025,8230.833970335025,8230.833970335025,8230.833970335025,8230.833970335025,7853.50379698164,7853.50379698164,7853.50379698164,7853.50379698164,7853.50379698164,8136.92480359147,8136.92480359147,8136.92480359147,8136.92480359147,8136.92480359147,5567.153792623521,5567.153792623521,5567.153792623521,5567.153792623521,5567.153792623521,6338.848753204381,6338.848753204381,6338.848753204381,6338.848753204381,6338.848753204381,3020.007550018875,3020.007550018875,3020.007550018875,3020.007550018875,3020.007550018875,4641.638225255972,4641.638225255972,4641.638225255972,4641.638225255972,4641.638225255972,6161.921606664005,6161.921606664005,6161.921606664005,6161.921606664005,6161.921606664005,4834.1289503897515,4834.1289503897515,4834.1289503897515,4834.1289503897515,4834.1289503897515,4834.1289503897515,4834.1289503897515,4834.1289503897515,4834.1289503897515,4834.1289503897515,4834.1289503897515,4834.1289503897515,4834.1289503897515,4834.1289503897515,4834.1289503897515,4834.1289503897515,4834.1289503897515,4834.1289503897515,4834.1289503897515,4834.1289503897515,4834.1289503897515,4834.1289503897515,4834.1289503897515,4834.1289503897515,4834.1289503897515,4834.1289503897515
22,5028.735632183908,5028.735632183908,5028.735632183908,5028.735632183908,5028.735632183908,7229.751472069339,7229.751472069339,7229.751472069339,7229.751472069339,7229.751472069339,7229.751472069339,7229.751472069339,7229.751472069339,7229.751472069339,7229.751472069339,7229.751472069339,7229.751472069339,7229.751472069339,5590.334727066922,5590.334727066922,8444.798771665633,8444.798771665633,8444.798771665633,8444.798771665633,8444.798771665633,8655.680763516286,8655.680763516286,8655.680763516286,8655.680763516286,8655.680763516286,6823.666922802195,6823.666922802195,6823.666922802195,6823.666922802195,6823.666922802195,9288.64283894281,9288.64283894281,9288.64283894281,9288.64283894281,9288.64283894281,7334.422762664615,7334.422762664615,7334.422762664615,7334.422762664615,7334.422762664615,8506.785021936537,8506.785021936537,8506.785021936537,8506.785021936537,8506.785021936537,10104.964045465089,10104.964045465089,10104.964045465089,10104.964045465089,10104.964045465089,7457.46912141692,7457.46912141692,7457.46912141692,7457.46912141692,7457.46912141692,5843.058085906085,5843.058085906085,5843.058085906085,5843.058085906085,5843.058085906085,3549.4880546075087,3549.4880546075087,3549.4880546075087,3549.4880546075087,3549.4880546075087,3879.7284190106693,3879.7284190106693,3879.7284190106693,3879.7284190106693,3879.7284190106693,5055.6931939492815,5055.6931939492815,5055.6931939492815,5055.6931939492815,5055.6931939492815,5055.6931939492815,5055.6931939492815,5055.6931939492815,5055.6931939492815,5055.6931939492815,5055.6931939492815,5055.6931939492815,5055.6931939492815,5055.6931939492815,5055.6931939492815,5055.6931939492815,5055.6931939492815,5055.6931939492815,5055.6931939492815,5055.6931939492815,5055.6931939492815,5055.6931939492815,5055.6931939492815,5055.6931939492815,5055.6931939492815,5055.6931939492815
24,28757.401602229187,28757.401602229187,28757.401602229187,28757.401602229187,28757.401602229187,31234.197978177017,31234.197978177017,31234.197978177017,31234.197978177017,31234.197978177017,31234.197978177017,31234.197978177017,31234.197978177017,31234.197978177017,31234.197978177017,31234.197978177017,31234.197978177017,31234.197978177017,15026.912148582782,15026.912148582782,17428.470192222518,17428.470192222518,17428.470192222518,17428.470192222518,17428.470192222518,20999.884484702186,20999.884484702186,20999.884484702186,20999.884484702186,20999.884484702186,22094.394960984428,22094.394960984428,22094.394960984428,22094.394960984428,22094.394960984428,23657.856740250012,23657.856740250012,23657.856740250012,23657.856740250012,23657.856740250012,25261.943670095166,25261.943670095166,25261.943670095166,25261.943670095166,25261.943670095166,30200.999897969592,30200.999897969592,30200.999897969592,30200.999897969592,30200.999897969592,27995.244722802134,27995.244722802134,27995.244722802134,27995.244722802134,27995.244722802134,25184.494678785053,25184.494678785053,25184.494678785053,25184.494678785053,25184.494678785053,26178.869795000574,26178.869795000574,26178.869795000574,26178.869795000574,26178.869795000574,22252.559726962456,22252.559726962456,22252.559726962456,22252.559726962456,22252.559726962456,27471.90049637702,27471.90049637702,27471.90049637702,27471.90049637702,27471.90049637702,21632.727052994138,21632.727052994138,21632.727052994138,21632.727052994138,21632.727052994138,21632.727052994138,21632.727052994138,21632.727052994138,21632.727052994138,21632.727052994138,21632.727052994138,21632.727052994138,21632.727052994138,21632.727052994138,21632.727052994138,21632.727052994138,21632.727052994138,21632.727052994138,21632.727052994138,21632.727052994138,21632.727052994138,21632.727052994138,21632.727052994138,21632.727052994138,21632.727052994138,21632.727052994138
34,37998.51967955416,37998.51967955416,37998.51967955416,37998.51967955416,37998.51967955416,32446.12163534471,32446.12163534471,32446.12163534471,32446.12163534471,32446.12163534471,32446.12163534471,32446.12163534471,32446.12163534471,32446.12163534471,32446.12163534471,32446.12163534471,32446.12163534471,32446.12163534471,21610.570814756637,21610.570814756637,24836.123660200195,24836.123660200195,24836.123660200195,24836.123660200195,24836.123660200195,32587.263840923482,32587.263840923482,32587.263840923482,32587.263840923482,32587.263840923482,38371.627398564924,38371.627398564924,38371.627398564924,38371.627398564924,38371.627398564924,32197.54001528804,32197.54001528804,32197.54001528804,32197.54001528804,32197.54001528804,33990.195136018454,33990.195136018454,33990.195136018454,33990.195136018454,33990.195136018454,29206.20344862769,29206.20344862769,29206.20344862769,29206.20344862769,29206.20344862769,38868.591974019946,38868.591974019946,38868.591974019946,38868.591974019946,38868.591974019946,31150.46997591859,31150.46997591859,31150.46997591859,31150.46997591859,31150.46997591859,31086.382063781246,31086.382063781246,31086.382063781246,31086.382063781246,31086.382063781246,37581.6674792784,37581.6674792784,37581.6674792784,37581.6674792784,37581.6674792784,31465.738574770356,31465.738574770356,31465.738574770356,31465.738574770356,31465.738574770356,43104.316474308616,43104.316474308616,43104.316474308616,43104.316474308616,43104.316474308616,43104.316474308616,43104.316474308616,43104.316474308616,43104.316474308616,43104.316474308616,43104.316474308616,43104.316474308616,43104.316474308616,43104.316474308616,43104.316474308616,43104.316474308616,43104.316474308616,43104.316474308616,43104.316474308616,43104.316474308616,43104.316474308616,43104.316474308616,43104.316474308616,43104.316474308616,43104.316474308616,43104.316474308616
35,4854.580285614768,4854.580285614768,4854.580285614768,4854.580285614768,4854.580285614768,4638.742273986685,4638.742273986685,4638.742273986685,4638.742273986685,4638.742273986685,4638.742273986685,4638.742273986685,4638.742273986685,4638.742273986685,4638.742273986685,4638.742273986685,4638.742273986685,4638.742273986685,6214.049758599182,6214.049758599182,6381.580889951871,6381.580889951871,6381.580889951871,6381.580889951871,6381.580889951871,6616.238264243236,6616.238264243236,6616.238264243236,6616.238264243236,6616.238264243236,6011.969826513275,6011.969826513275,6011.969826513275,6011.969826513275,6011.969826513275,6254.198420235806,6254.198420235806,6254.198420235806,6254.198420235806,6254.198420235806,3979.6212630971836,3979.6212630971836,3979.6212630971836,3979.6212630971836,3979.6212630971836,6211.100908070605,6211.100908070605,6211.100908070605,6211.100908070605,6211.100908070605,6132.567849686848,6132.567849686848,6132.567849686848,6132.567849686848,6132.567849686848,5328.983143012507,5328.983143012507,5328.983143012507,5328.983143012507,5328.983143012507,4218.162719319842,4218.162719319842,4218.162719319842,4218.162719319842,4218.162719319842,2086.7869332033156,2086.7869332033156,2086.7869332033156,2086.7869332033156,2086.7869332033156,8387.059964626007,8387.059964626007,8387.059964626007,8387.059964626007,8387.059964626007,4753.560134549923,4753.560134549923,4753.560134549923,4753.560134549923,4753.560134549923,4753.560134549923,4753.560134549923,4753.560134549923,4753.560134549923,4753.560134549923,4753.560134549923,4753.560134549923,4753.560134549923,4753.560134549923,4753.560134549923,4753.560134549923,4753.560134549923,4753.560134549923,4753.560134549923,4753.560134549923,4753.560134549923,4753.560134549923,4753.560134549923,4753.560134549923,4753.560134549923,4753.560134549923
31,3385.1445489376524,3385.1445489376524,3385.1445489376524,3385.1445489376524,3385.1445489376524,4183.22614077538,4183.22614077538,4183.22614077538,4183.22614077538,4183.22614077538,4183.22614077538,4183.22614077538,4183.22614077538,4183.22614077538,4183.22614077538,4183.22614077538,4183.22614077538,4183.22614077538,4631.661623045115,4631.661623045115,4370.035727994803,4370.035727994803,4370.035727994803,4370.035727994803,4370.035727994803,4732.143924094499,4732.143924094499,4732.143924094499,4732.143924094499,4732.143924094499,3522.765397893917,3522.765397893917,3522.765397893917,3522.765397893917,3522.765397893917,2463.073205006447,2463.073205006447,2463.073205006447,2463.073205006447,2463.073205006447,2797.2700182639624,2797.2700182639624,2797.2700182639624,2797.2700182639624,2797.2700182639624,5892.255892255892,5892.255892255892,5892.255892255892,5892.255892255892,5892.255892255892,2305.1496172581765,2305.1496172581765,2305.1496172581765,2305.1496172581765,2305.1496172581765,4210.362774799969,4210.362774799969,4210.362774799969,4210.362774799969,4210.362774799969,2691.745859799432,2691.745859799432,2691.745859799432,2691.745859799432,2691.745859799432,3588.493417844954,3588.493417844954,3588.493417844954,3588.493417844954,3588.493417844954,2367.775432190335,2367.775432190335,2367.775432190335,2367.775432190335,2367.775432190335,4250.00503555099,4250.00503555099,4250.00503555099,4250.00503555099,4250.00503555099,4250.00503555099,4250.00503555099,4250.00503555099,4250.00503555099,4250.00503555099,4250.00503555099,4250.00503555099,4250.00503555099,4250.00503555099,4250.00503555099,4250.00503555099,4250.00503555099,4250.00503555099,4250.00503555099,4250.00503555099,4250.00503555099,4250.00503555099,4250.00503555099,4250.00503555099,4250.00503555099,4250.00503555099
25,24653.866248693837,24653.866248693837,24653.866248693837,24653.866248693837,24653.866248693837,29834.217201793646,29834.217201793646,29834.217201793646,29834.217201793646,29834.217201793646,29834.217201793646,29834.217201793646,29834.217201793646,29834.217201793646,29834.217201793646,29834.217201793646,29834.217201793646,29834.217201793646,54032.202176072446,54032.202176072446,37148.994596509874,37148.994596509874,37148.994596509874,37148.994596509874,37148.994596509874,33953.53098399118,33953.53098399118,33953.53098399118,33953.53098399118,33953.53098399118,31358.564486628646,31358.564486628646,31358.564486628646,31358.564486628646,31358.564486628646,30259.510628276697,30259.510628276697,30259.510628276697,30259.510628276697,30259.510628276697,31260.213399980774,31260.213399980774,31260.213399980774,31260.213399980774,31260.213399980774,35098.459340883586,35098.459340883586,35098.459340883586,35098.459340883586,35098.459340883586,27690.790999768036,27690.790999768036,27690.790999768036,27690.790999768036,27690.790999768036,29721.121727647012,29721.121727647012,29721.121727647012,29721.121727647012,29721.121727647012,25604.41183711655,25604.41183711655,25604.41183711655,25604.41183711655,25604.41183711655,29644.076060458316,29644.076060458316,29644.076060458316,29644.076060458316,29644.076060458316,30724.02578878302,30724.02578878302,30724.02578878302,30724.02578878302,30724.02578878302,29931.315084496546,29931.315084496546,29931.315084496546,29931.315084496546,29931.315084496546,29931.315084496546,29931.315084496546,29931.315084496546,29931.315084496546,29931.315084496546,29931.315084496546,29931.315084496546,29931.315084496546,29931.315084496546,29931.315084496546,29931.315084496546,29931.315084496546,29931.315084496546,29931.315084496546,29931.315084496546,29931.315084496546,29931.315084496546,29931.315084496546,29931.315084496546,29931.315084496546,29931.315084496546
44,3374.259839777081,3374.259839777081,3374.259839777081,3374.259839777081,3374.259839777081,2933.691059764553,2933.691059764553,2933.691059764553,2933.691059764553,2933.691059764553,2933.691059764553,2933.691059764553,2933.691059764553,2933.691059764553,2933.691059764553,2933.691059764553,2933.691059764553,2933.691059764553,6618.309501258981,6618.309501258981,5765.199161425577,5765.199161425577,5765.199161425577,5765.199161425577,5765.199161425577,3055.1804627781826,3055.1804627781826,3055.1804627781826,3055.1804627781826,3055.1804627781826,3143.973419625753,3143.973419625753,3143.973419625753,3143.973419625753,3143.973419625753,3628.9793302602825,3628.9793302602825,3628.9793302602825,3628.9793302602825,3628.9793302602825,4912.044602518505,4912.044602518505,4912.044602518505,4912.044602518505,4912.044602518505,3188.450158147128,3188.450158147128,3188.450158147128,3188.450158147128,3188.450158147128,3769.4270470888423,3769.4270470888423,3769.4270470888423,3769.4270470888423,3769.4270470888423,3604.443408684844,3604.443408684844,3604.443408684844,3604.443408684844,3604.443408684844,3102.072972573736,3102.072972573736,3102.072972573736,3102.072972573736,3102.072972573736,1462.7011214041931,1462.7011214041931,1462.7011214041931,1462.7011214041931,1462.7011214041931,2339.2480173446684,2339.2480173446684,2339.2480173446684,2339.2480173446684,2339.2480173446684,3323.4636533929543,3323.4636533929543,3323.4636533929543,3323.4636533929543,3323.4636533929543,3323.4636533929543,3323.4636533929543,3323.4636533929543,3323.4636533929543,3323.4636533929543,3323.4636533929543,3323.4636533929543,3323.4636533929543,3323.4636533929543,3323.4636533929543,3323.4636533929543,3323.4636533929543,3323.4636533929543,3323.4636533929543,3323.4636533929543,3323.4636533929543,3323.4636533929543,3323.4636533929543,3323.4636533929543,3323.4636533929543,3323.4636533929543
04,19853.709508881922,19853.709508881922,19853.709508881922,19853.709508881922,19853.709508881922,18337.65864707529,18337.65864707529,18337.65864707529,18337.65864707529,18337.65864707529,18337.65864707529,18337.65864707529,18337.65864707529,18337.65864707529,18337.65864707529,18337.65864707529,18337.65864707529,18337.65864707529,18133.937027882374,18133.937027882374,23241.65116485074,23241.65116485074,23241.65116485074,23241.65116485074,23241.65116485074,24409.57741317432,24409.57741317432,24409.57741317432,24409.57741317432,24409.57741317432,22408.251171549477,22408.251171549477,22408.251171549477,22408.251171549477,22408.251171549477,23457.10469219306,23457.10469219306,23457.10469219306,23457.10469219306,23457.10469219306,22580.024992790542,22580.024992790542,22580.024992790542,22580.024992790542,22580.024992790542,22599.734720946843,22599.734720946843,22599.734720946843,22599.734720946843,22599.734720946843,25864.068661563444,25864.068661563444,25864.068661563444,25864.068661563444,25864.068661563444,33045.910044278724,33045.910044278724,33045.910044278724,33045.910044278724,33045.910044278724,38324.55233311996,38324.55233311996,38324.55233311996,38324.55233311996,38324.55233311996,48717.69868356899,48717.69868356899,48717.69868356899,48717.69868356899,48717.69868356899,39881.32595424203,39881.32595424203,39881.32595424203,39881.32595424203,39881.32595424203,33154.06771808972,33154.06771808972,33154.06771808972,33154.06771808972,33154.06771808972,33154.06771808972,33154.06771808972,33154.06771808972,33154.06771808972,33154.06771808972,33154.06771808972,33154.06771808972,33154.06771808972,33154.06771808972,33154.06771808972,33154.06771808972,33154.06771808972,33154.06771808972,33154.06771808972,33154.06771808972,33154.06771808972,33154.06771808972,33154.06771808972,33154.06771808972,33154.06771808972,33154.06771808972
28,1034.047370254267,1034.047370254267,1034.047370254267,1034.047370254267,1034.047370254267,1972.5102282177618,1972.5102282177618,1972.5102282177618,1972.5102282177618,1972.5102282177618,1972.5102282177618,1972.5102282177618,1972.5102282177618,1972.5102282177618,1972.5102282177618,1972.5102282177618,1972.5102282177618,1972.5102282177618,3164.7762711081336,3164.7762711081336,2310.50875483509,2310.50875483509,2310.50875483509,2310.50875483509,2310.50875483509,2019.526068616087,2019.526068616087,2019.526068616087,2019.526068616087,2019.526068616087,2207.816101905865,2207.816101905865,2207.816101905865,2207.816101905865,2207.816101905865,2640.6615552106737,2640.6615552106737,2640.6615552106737,2640.6615552106737,2640.6615552106737,3095.2609824089204,3095.2609824089204,3095.2609824089204,3095.2609824089204,3095.2609824089204,2882.3589429650037,2882.3589429650037,2882.3589429650037,2882.3589429650037,2882.3589429650037,3566.4578983994434,3566.4578983994434,3566.4578983994434,3566.4578983994434,3566.4578983994434,2951.914860560864,2951.914860560864,2951.914860560864,2951.914860560864,2951.914860560864,5120.88236742331,5120.88236742331,5120.88236742331,5120.88236742331,5120.88236742331,1735.738664066309,1735.738664066309,1735.738664066309,1735.738664066309,1735.738664066309,2538.9399212643348,2538.9399212643348,2538.9399212643348,2538.9399212643348,2538.9399212643348,3041.4727979535523,3041.4727979535523,3041.4727979535523,3041.4727979535523,3041.4727979535523,3041.4727979535523,3041.4727979535523,3041.4727979535523,3041.4727979535523,3041.4727979535523,3041.4727979535523,3041.4727979535523,3041.4727979535523,3041.4727979535523,3041.4727979535523,3041.4727979535523,3041.4727979535523,3041.4727979535523,3041.4727979535523,3041.4727979535523,3041.4727979535523,3041.4727979535523,3041.4727979535523,3041.4727979535523,3041.4727979535523,3041.4727979535523
29,11200.365726227796,11200.365726227796,11200.365726227796,11200.365726227796,11200.365726227796,9958.669224243487,9958.669224243487,9958.669224243487,9958.669224243487,9958.669224243487,9958.669224243487,9958.669224243487,9958.669224243487,9958.669224243487,9958.669224243487,9958.669224243487,9958.669224243487,9958.669224243487,11400.124743006307,11400.124743006307,12674.579974606548,12674.579974606548,12674.579974606548,12674.579974606548,12674.579974606548,11965.7915387036,11965.7915387036,11965.7915387036,11965.7915387036,11965.7915387036,9945.99508652691,9945.99508652691,9945.99508652691,9945.99508652691,9945.99508652691,10060.766100700317,10060.766100700317,10060.766100700317,10060.766100700317,10060.766100700317,10420.071133326925,10420.071133326925,10420.071133326925,10420.071133326925,10420.071133326925,7881.848790939699,7881.848790939699,7881.848790939699,7881.848790939699,7881.848790939699,8394.224077940153,8394.224077940153,8394.224077940153,8394.224077940153,8394.224077940153,11652.295502213936,11652.295502213936,11652.295502213936,11652.295502213936,11652.295502213936,9371.871255765096,9371.871255765096,9371.871255765096,9371.871255765096,9371.871255765096,6026.328620185275,6026.328620185275,6026.328620185275,6026.328620185275,6026.328620185275,9784.903292063673,9784.903292063673,9784.903292063673,9784.903292063673,9784.903292063673,7815.175136463431,7815.175136463431,7815.175136463431,7815.175136463431,7815.175136463431,7815.175136463431,7815.175136463431,7815.175136463431,7815.175136463431,7815.175136463431,7815.175136463431,7815.175136463431,7815.175136463431,7815.175136463431,7815.175136463431,7815.175136463431,7815.175136463431,7815.175136463431,7815.175136463431,7815.175136463431,7815.175136463431,7815.175136463431,7815.175136463431,7815.175136463431,7815.175136463431,7815.175136463431
51,33949.40787182166,33949.40787182166,33949.40787182166,33949.40787182166,33949.40787182166,39454.38361144892,39454.38361144892,39454.38361144892,39454.38361144892,39454.38361144892,39454.38361144892,39454.38361144892,39454.38361144892,39454.38361144892,39454.38361144892,39454.38361144892,39454.38361144892,39454.38361144892,31347.455473676913,31347.455473676913,26426.9052469956,26426.9052469956,26426.9052469956,26426.9052469956,26426.9052469956,31224.97998398719,31224.97998398719,31224.97998398719,31224.97998398719,31224.97998398719,34718.990465264775,34718.990465264775,34718.990465264775,34718.990465264775,34718.990465264775,39100.32197540015,39100.32197540015,39100.32197540015,39100.32197540015,39100.32197540015,39094.49197346919,39094.49197346919,39094.49197346919,39094.49197346919,39094.49197346919,37980.81828384859,37980.81828384859,37980.81828384859,37980.81828384859,37980.81828384859,31779.16956622593,31779.16956622593,31779.16956622593,31779.16956622593,31779.16956622593,27344.05344519537,27344.05344519537,27344.05344519537,27344.05344519537,27344.05344519537,36354.982191803305,36354.982191803305,36354.982191803305,36354.982191803305,36354.982191803305,26055.58264261336,26055.58264261336,26055.58264261336,26055.58264261336,26055.58264261336,18485.764819992015,18485.764819992015,18485.764819992015,18485.764819992015,18485.764819992015,23505.952021270165,23505.952021270165,23505.952021270165,23505.952021270165,23505.952021270165,23505.952021270165,23505.952021270165,23505.952021270165,23505.952021270165,23505.952021270165,23505.952021270165,23505.952021270165,23505.952021270165,23505.952021270165,23505.952021270165,23505.952021270165,23505.952021270165,23505.952021270165,23505.952021270165,23505.952021270165,23505.952021270165,23505.952021270165,23505.952021270165,23505.952021270165,23505.952021270165,23505.952021270165
47,13867.119470567746,13867.119470567746,13867.119470567746,13867.119470567746,13867.119470567746,13795.034456243287,13795.034456243287,13795.034456243287,13795.034456243287,13795.034456243287,13795.034456243287,13795.034456243287,13795.034456243287,13795.034456243287,13795.034456243287,13795.034456243287,13795.034456243287,13795.034456243287,8062.094296472545,8062.094296472545,9164.525939705318,9164.525939705318,9164.525939705318,9164.525939705318,9164.525939705318,13244.426386880648,13244.426386880648,13244.426386880648,13244.426386880648,13244.426386880648,11466.574313574823,11466.574313574823,11466.574313574823,11466.574313574823,11466.574313574823,11203.508528101427,11203.508528101427,11203.508528101427,11203.508528101427,11203.508528101427,10496.972027299817,10496.972027299817,10496.972027299817,10496.972027299817,10496.972027299817,14309.76430976431,14309.76430976431,14309.76430976431,14309.76430976431,14309.76430976431,10307.933194154488,10307.933194154488,10307.933194154488,10307.933194154488,10307.933194154488,13159.325720500272,13159.325720500272,13159.325720500272,13159.325720500272,13159.325720500272,8616.869368260379,8616.869368260379,8616.869368260379,8616.869368260379,8616.869368260379,7333.008288639688,7333.008288639688,7333.008288639688,7333.008288639688,7333.008288639688,5819.592628516004,5819.592628516004,5819.592628516004,5819.592628516004,5819.592628516004,8822.285334461296,8822.285334461296,8822.285334461296,8822.285334461296,8822.285334461296,8822.285334461296,8822.285334461296,8822.285334461296,8822.285334461296,8822.285334461296,8822.285334461296,8822.285334461296,8822.285334461296,8822.285334461296,8822.285334461296,8822.285334461296,8822.285334461296,8822.285334461296,8822.285334461296,8822.285334461296,8822.285334461296,8822.285334461296,8822.285334461296,8822.285334461296,8822.285334461296,8822.285334461296
48,123878.87495646116,123878.87495646116,123878.87495646116,123878.87495646116,123878.87495646116,126453.7860077145,126453.7860077145,126453.7860077145,126453.7860077145,126453.7860077145,126453.7860077145,126453.7860077145,126453.7860077145,126453.7860077145,126453.7860077145,126453.7860077145,126453.7860077145,126453.7860077145,85645.31405206866,85645.31405206866,88275.45988720584,88275.45988720584,88275.45988720584,88275.45988720584,88275.45988720584,106843.68390234576,106843.68390234576,106843.68390234576,106843.68390234576,106843.68390234576,108572.60359960607,108572.60359960607,108572.60359960607,108572.60359960607,108572.60359960607,115887.98035718422,115887.98035718422,115887.98035718422,115887.98035718422,115887.98035718422,114072.86359703932,114072.86359703932,114072.86359703932,114072.86359703932,114072.86359703932,112399.24497500254,112399.24497500254,112399.24497500254,112399.24497500254,112399.24497500254,94366.15634423567,94366.15634423567,94366.15634423567,94366.15634423567,94366.15634423567,102990.75584556824,102990.75584556824,102990.75584556824,102990.75584556824,102990.75584556824,97362.41731908677,97362.41731908677,97362.41731908677,97362.41731908677,97362.41731908677,77659.67820575328,77659.67820575328,77659.67820575328,77659.67820575328,77659.67820575328,80903.74850231071,80903.74850231071,80903.74850231071,80903.74850231071,80903.74850231071,75855.54011319918,75855.54011319918,75855.54011319918,75855.54011319918,75855.54011319918,75855.54011319918,75855.54011319918,75855.54011319918,75855.54011319918,75855.54011319918,75855.54011319918,75855.54011319918,75855.54011319918,75855.54011319918,75855.54011319918,75855.54011319918,75855.54011319918,75855.54011319918,75855.54011319918,75855.54011319918,75855.54011319918,75855.54011319918,75855.54011319918,75855.54011319918,75855.54011319918,75855.54011319918
49,5453.239289446186,5453.239289446186,5453.239289446186,5453.239289446186,5453.239289446186,9335.991207284915,9335.991207284915,9335.991207284915,9335.991207284915,9335.991207284915,9335.991207284915,9335.991207284915,9335.991207284915,9335.991207284915,9335.991207284915,9335.991207284915,9335.991207284915,9335.991207284915,9771.535494005406,9771.535494005406,28969.941240735818,28969.941240735818,28969.941240735818,28969.941240735818,28969.941240735818,7026.516735776681,7026.516735776681,7026.516735776681,7026.516735776681,7026.516735776681,5968.6793147111985,5968.6793147111985,5968.6793147111985,5968.6793147111985,5968.6793147111985,6107.49500050188,6107.49500050188,6107.49500050188,6107.49500050188,6107.49500050188,6296.260694030568,6296.260694030568,6296.260694030568,6296.260694030568,6296.260694030568,5445.872870115294,5445.872870115294,5445.872870115294,5445.872870115294,5445.872870115294,5625.144977963349,5625.144977963349,5625.144977963349,5625.144977963349,5625.144977963349,9648.100675833139,9648.100675833139,9648.100675833139,9648.100675833139,9648.100675833139,7976.759072332463,7976.759072332463,7976.759072332463,7976.759072332463,7976.759072332463,8366.650414431984,8366.650414431984,8366.650414431984,8366.650414431984,8366.650414431984,7616.819763793005,7616.819763793005,7616.819763793005,7616.819763793005,7616.819763793005,5760.670332547787,5760.670332547787,5760.670332547787,5760.670332547787,5760.670332547787,5760.670332547787,5760.670332547787,5760.670332547787,5760.670332547787,5760.670332547787,5760.670332547787,5760.670332547787,5760.670332547787,5760.670332547787,5760.670332547787,5760.670332547787,5760.670332547787,5760.670332547787,5760.670332547787,5760.670332547787,5760.670332547787,5760.670332547787,5760.670332547787,5760.670332547787,5760.670332547787,5760.670332547787
06,156630.96482062,156630.96482062,156630.96482062,156630.96482062,156630.96482062,157813.35539870197,157813.35539870197,157813.35539870197,157813.35539870197,157813.35539870197,157813.35539870197,157813.35539870197,157813.35539870197,157813.35539870197,157813.35539870197,157813.35539870197,157813.35539870197,157813.35539870197,150892.83651736006,150892.83651736006,163123.394454779,163123.394454779,163123.394454779,163123.394454779,163123.394454779,164473.86765133502,164473.86765133502,164473.86765133502,164473.86765133502,164473.86765133502,159406.48708319356,159406.48708319356,159406.48708319356,159406.48708319356,159406.48708319356,162045.508945048,162045.508945048,162045.508945048,162045.508945048,162045.508945048,157569.9317504566,157569.9317504566,157569.9317504566,157569.9317504566,157569.9317504566,158006.8360371391,158006.8360371391,158006.8360371391,158006.8360371391,158006.8360371391,168029.45952215264,168029.45952215264,168029.45952215264,168029.45952215264,168029.45952215264,165882.0787695176,165882.0787695176,165882.0787695176,165882.0787695176,165882.0787695176,176325.76690137378,176325.76690137378,176325.76690137378,176325.76690137378,176325.76690137378,182291.5650901999,182291.5650901999,182291.5650901999,182291.5650901999,182291.5650901999,177554.62999942945,177554.62999942945,177554.62999942945,177554.62999942945,177554.62999942945,173766.7935625516,173766.7935625516,173766.7935625516,173766.7935625516,173766.7935625516,173766.7935625516,173766.7935625516,173766.7935625516,173766.7935625516,173766.7935625516,173766.7935625516,173766.7935625516,173766.7935625516,173766.7935625516,173766.7935625516,173766.7935625516,173766.7935625516,173766.7935625516,173766.7935625516,173766.7935625516,173766.7935625516,173766.7935625516,173766.7935625516,173766.7935625516,173766.7935625516,173766.7935625516
26,27462.121212121212,27462.121212121212,27462.121212121212,27462.121212121212,27462.121212121212,24330.41217941485,24330.41217941485,24330.41217941485,24330.41217941485,24330.41217941485,24330.41217941485,24330.41217941485,24330.41217941485,24330.41217941485,24330.41217941485,24330.41217941485,24330.41217941485,24330.41217941485,36706.78463350967,36706.78463350967,25596.450822334427,25596.450822334427,25596.450822334427,25596.450822334427,25596.450822334427,22788.379957697503,22788.379957697503,22788.379957697503,22788.379957697503,22788.379957697503,24718.88223898527,24718.88223898527,24718.88223898527,24718.88223898527,24718.88223898527,21704.384888003522,21704.384888003522,21704.384888003522,21704.384888003522,21704.384888003522,24050.75459002211,24050.75459002211,24050.75459002211,24050.75459002211,24050.75459002211,25124.98724619937,25124.98724619937,25124.98724619937,25124.98724619937,25124.98724619937,21471.236372071446,21471.236372071446,21471.236372071446,21471.236372071446,21471.236372071446,20756.62238794376,20756.62238794376,20756.62238794376,20756.62238794376,20756.62238794376,23208.101498514618,23208.101498514618,23208.101498514618,23208.101498514618,23208.101498514618,16265.236470014626,16265.236470014626,16265.236470014626,16265.236470014626,16265.236470014626,16317.681291721345,16317.681291721345,16317.681291721345,16317.681291721345,16317.681291721345,25741.736660825427,25741.736660825427,25741.736660825427,25741.736660825427,25741.736660825427,25741.736660825427,25741.736660825427,25741.736660825427,25741.736660825427,25741.736660825427,25741.736660825427,25741.736660825427,25741.736660825427,25741.736660825427,25741.736660825427,25741.736660825427,25741.736660825427,25741.736660825427,25741.736660825427,25741.736660825427,25741.736660825427,25741.736660825427,25741.736660825427,25741.736660825427,25741.736660825427,25741.736660825427
56,892.5461511668408,892.5461511668408,892.5461511668408,892.5461511668408,892.5461511668408,309.2494849324457,309.2494849324457,309.2494849324457,309.2494849324457,309.2494849324457,309.2494849324457,309.2494849324457,309.2494849324457,309.2494849324457,309.2494849324457,309.2494849324457,309.2494849324457,309.2494849324457,577.5139180854258,577.5139180854258,1679.3633920925975,1679.3633920925975,1679.3633920925975,1679.3633920925975,1679.3633920925975,756.8243649646084,756.8243649646084,756.8243649646084,756.8243649646084,756.8243649646084,330.0901524908278,330.0901524908278,330.0901524908278,330.0901524908278,330.0901524908278,308.84930470300276,308.84930470300276,308.84930470300276,308.84930470300276,308.84930470300276,384.5044698644621,384.5044698644621,384.5044698644621,384.5044698644621,384.5044698644621,0.0,0.0,0.0,0.0,0.0,231.9647413593134,231.9647413593134,231.9647413593134,231.9647413593134,231.9647413593134,450.5554260856055,450.5554260856055,450.5554260856055,450.5554260856055,450.5554260856055,131.30467608777718,131.30467608777718,131.30467608777718,131.30467608777718,131.30467608777718,390.05363237445147,390.05363237445147,390.05363237445147,390.05363237445147,390.05363237445147,0.0,0.0,0.0,0.0,0.0,926.5413821580357,926.5413821580357,926.5413821580357,926.5413821580357,926.5413821580357,926.5413821580357,926.5413821580357,926.5413821580357,926.5413821580357,926.5413821580357,926.5413821580357,926.5413821580357,926.5413821580357,926.5413821580357,926.5413821580357,926.5413821580357,926.5413821580357,926.5413821580357,926.5413821580357,926.5413821580357,926.5413821580357,926.5413821580357,926.5413821580357,926.5413821580357,926.5413821580357,926.5413821580357
40,5692.702890978753,5692.702890978753,5692.702890978753,5692.702890978753,5692.702890978753,8019.59137277518,8019.59137277518,8019.59137277518,8019.59137277518,8019.59137277518,8019.59137277518,8019.59137277518,8019.59137277518,8019.59137277518,8019.59137277518,8019.59137277518,8019.59137277518,8019.59137277518,11711.982258772437,11711.982258772437,11253.580181297428,11253.580181297428,11253.580181297428,11253.580181297428,11253.580181297428,8277.268581033983,8277.268581033983,8277.268581033983,8277.268581033983,8277.268581033983,7997.922055433501,7997.922055433501,7997.922055433501,7997.922055433501,7997.922055433501,7497.316871665393,7497.316871665393,7497.316871665393,7497.316871665393,7497.316871665393,4912.044602518505,4912.044602518505,4912.044602518505,4912.044602518505,4912.044602518505,7626.77277828793,7626.77277828793,7626.77277828793,7626.77277828793,7626.77277828793,7408.373927163071,7408.373927163071,7408.373927163071,7408.373927163071,7408.373927163071,9259.690825759342,9259.690825759342,9259.690825759342,9259.690825759342,9259.690825759342,3725.7701839906777,3725.7701839906777,3725.7701839906777,3725.7701839906777,3725.7701839906777,6864.943929790346,6864.943929790346,6864.943929790346,6864.943929790346,6864.943929790346,6104.866776972671,6104.866776972671,6104.866776972671,6104.866776972671,6104.866776972671,6687.211714705823,6687.211714705823,6687.211714705823,6687.211714705823,6687.211714705823,6687.211714705823,6687.211714705823,6687.211714705823,6687.211714705823,6687.211714705823,6687.211714705823,6687.211714705823,6687.211714705823,6687.211714705823,6687.211714705823,6687.211714705823,6687.211714705823,6687.211714705823,6687.211714705823,6687.211714705823,6687.211714705823,6687.211714705823,6687.211714705823,6687.211714705823,6687.211714705823,6687.211714705823
