GEOID,AGE_GROUP,SEX,PERCENT_OF_AGE_SEX_COHORT
49,55-59,MALE,0.00181255604951829
26,70-74,FEMALE,0.00563206457014532
38,45-49,MALE,0.00001797194160963553
40,65-69,FEMALE,0.0007425866189175779
12,85+,FEMALE,0.2075605573033268
36,30-34,FEMALE,0.1067916138249582
44,30-34,FEMALE,0.000220639926759035
37,35-39,MALE,0.008623337405565017
21,60-64,MALE,0.000384091089811627
54,30-34,MALE,0.000019846310844652525
50,75-79,FEMALE,0.000020947077676479172
01,20-24,MALE,0.0007085410431932059
51,20-24,FEMALE,0.01470079175425378
19,10-14,MALE,0.0006932237510396422
34,50-54,MALE,0.018206114765381674
19,5-9,MALE,0.0006932237510396422
27,5-9,FEMALE,0.0036411009882091096
17,0-4,MALE,0.020734279276848806
49,85+,FEMALE,0.0007661845459886848
50,70-74,FEMALE,6.867139873944447e-6
08,15-19,MALE,0.006349070360660217
26,15-19,FEMALE,0.011437813141795304
47,20-24,MALE,0.0017970166577248197
05,80-84,MALE,0.00021512324864220636
54,30-34,FEMALE,0.000011704897913560203
26,75-79,FEMALE,0.0092121551078036
01,0-4,MALE,0.0006803660610640486
20,0-4,FEMALE,0.0006310954505143093
50,80-84,MALE,0.000017549057867174334
55,70-74,MALE,0.0009448295007480111
36,65-69,MALE,0.07929942916701964
18,35-39,FEMALE,0.0016444499127909896
35,15-19,FEMALE,0.00041608985895037303
19,30-34,FEMALE,0.000424169304931189
20,30-34,MALE,0.0010801708220446317
01,60-64,FEMALE,0.0007146205533426614
12,80-84,MALE,0.20177841364162358
51,25-29,FEMALE,0.016619187584254836
53,65-69,FEMALE,0.011121157991704303
29,20-24,FEMALE,0.0021609209586070997
33,30-34,FEMALE,0.00009623830864811326
56,70-74,FEMALE,0.0
28,30-34,MALE,0.00009329964383009251
20,30-34,FEMALE,0.0007111972532617733
35,45-49,MALE,0.0006074811855201706
02,85+,FEMALE,0.00003146887693877731
01,55-59,FEMALE,0.0006056693097063929
18,5-9,FEMALE,0.001875749415265181
40,35-39,FEMALE,0.0008735314472298677
06,85+,MALE,0.4139859598791414
41,55-59,MALE,0.0018192870240283643
06,30-34,MALE,0.4000861934294303
19,0-4,MALE,0.0005875807332705389
39,70-74,FEMALE,0.004892410769147493
05,15-19,MALE,0.00025478185121189815
32,5-9,MALE,0.0009090805072776891
31,60-64,FEMALE,0.00015299923308229342
56,60-64,FEMALE,1.0877266190565412e-6
27,30-34,FEMALE,0.003514187266086732
53,65-69,MALE,0.011055511122140331
17,80-84,FEMALE,0.016330778496307267
15,65-69,FEMALE,0.0010431579192002418
72,15-19,MALE,0.00004485119829044499
21,65-69,MALE,0.000577816898194535
19,35-39,MALE,0.0004785104016928049
39,15-19,FEMALE,0.008114349541482057
17,75-79,FEMALE,0.016330778496307267
35,20-24,FEMALE,0.0005154502436740852
31,5-9,FEMALE,0.0002532292916202639
15,55-59,FEMALE,0.001011595158014691
48,40-44,FEMALE,0.16981078097474694
25,25-29,MALE,0.016559829726031743
37,60-64,MALE,0.007898023484852261
72,50-54,MALE,0.00004896156709849294
23,60-64,FEMALE,0.00007008738075420848
30,30-34,FEMALE,0.000010958336458377485
38,20-24,FEMALE,0.00005667570580066769
38,20-24,MALE,0.00006399591197042444
41,75-79,FEMALE,0.0015545319216131112
35,10-14,MALE,0.00045709212309340014
42,75-79,FEMALE,0.014269777725547906
47,5-9,MALE,0.0025175243882893466
19,55-59,MALE,0.0004046019206585431
31,30-34,MALE,0.0002167911017929162
13,45-49,FEMALE,0.00824372551908948
33,15-19,MALE,0.0001312940830858392
10,40-44,FEMALE,0.00005702087869650548
05,60-64,MALE,0.000047909828703702196
18,0-4,MALE,0.0019218607583578195
02,25-29,MALE,0.0001081551427450626
42,75-79,MALE,0.015074033541079734
55,80-84,FEMALE,0.0012716854484736745
22,50-54,MALE,0.0012997751127795363
55,75-79,MALE,0.0013084356696053396
23,75-79,MALE,0.00007626450201095742
28,70-74,MALE,0.00009819911389388674
01,35-39,FEMALE,0.0007307010582714046
26,35-39,MALE,0.008111113112385718
38,70-74,MALE,0.000014598883584341729
06,55-59,MALE,0.4067842797170986
13,55-59,MALE,0.009440893657868373
09,15-19,MALE,0.0023967414785059987
44,75-79,MALE,0.00016033689075546114
49,0-4,MALE,0.0010390578156896243
39,60-64,FEMALE,0.005817376555381696
15,5-9,MALE,0.0012104234445887735
34,40-44,MALE,0.016080001354452134
54,40-44,MALE,0.00002495388829521672
35,0-4,MALE,0.00048703010239941014
30,85+,FEMALE,0.00003314019361025194
18,60-64,FEMALE,0.0016557656355788424
11,80-84,FEMALE,0.00010069383457187518
25,55-59,FEMALE,0.01595018028138678
40,0-4,MALE,0.0007707078638863529
26,0-4,FEMALE,0.01044238076022584
30,45-49,FEMALE,9.041545728747715e-6
38,85+,FEMALE,0.000015477562949842942
32,20-24,MALE,0.0007758228490848363
72,40-44,MALE,0.00007153642436472123
29,0-4,FEMALE,0.0018222680970075588
05,35-39,MALE,0.00022558073264841407
02,80-84,FEMALE,0.00003146887693877731
13,70-74,FEMALE,0.008653479880492016
34,30-34,MALE,0.018710428665688818
23,15-19,FEMALE,0.00011692589695668966
30,20-24,FEMALE,0.00003277299678682736
22,30-34,MALE,0.0009137056610674865
09,0-4,FEMALE,0.0030647175878654844
04,5-9,MALE,0.007767655267102448
26,40-44,FEMALE,0.008909342367901738
27,20-24,MALE,0.003298236052657169
18,75-79,FEMALE,0.0019171176216527003
30,85+,MALE,0.000037026643371407345
38,65-69,FEMALE,0.00002027887066177822
22,80-84,FEMALE,0.00048092642073636476
02,35-39,FEMALE,0.00008422169852577851
42,65-69,MALE,0.010480720125690107
55,45-49,MALE,0.0010157858320485537
17,55-59,MALE,0.017125940643639335
51,50-54,FEMALE,0.016163461694532987
32,75-79,MALE,0.00150460695505736
45,15-19,MALE,0.0011194992947387936
13,75-79,FEMALE,0.006399686482213328
50,45-49,FEMALE,0.000025134550741157866
20,45-49,MALE,0.0007698577217545084
08,55-59,FEMALE,0.0048162583341011585
49,10-14,MALE,0.00174720944457236
32,20-24,FEMALE,0.0008039853694294717
19,50-54,MALE,0.0005554447064565505
41,70-74,FEMALE,0.0018336778273697987
46,25-29,FEMALE,0.00001540484721767648
53,20-24,MALE,0.013810702762591855
44,30-34,MALE,0.00015979019913619073
04,25-29,FEMALE,0.008309580848634923
51,60-64,MALE,0.01713378447943425
18,45-49,MALE,0.0018283012972267222
55,10-14,MALE,0.0015923966815405476
18,85+,MALE,0.002004350439646082
17,40-44,FEMALE,0.020092141439178056
72,65-69,FEMALE,0.000028239258343747645
56,70-74,MALE,0.0
25,30-34,MALE,0.015322545931794242
31,40-44,MALE,0.00016701328777299048
15,50-54,FEMALE,0.001195284215627521
34,85+,FEMALE,0.02155932105335137
33,10-14,MALE,0.0001046465976699036
04,70-74,MALE,0.015885528516869418
13,40-44,FEMALE,0.008196358194619337
28,15-19,MALE,0.00010609002445672858
18,50-54,FEMALE,0.0015513223309163192
56,30-34,FEMALE,2.981730723841776e-6
16,20-24,FEMALE,0.0002857866773544933
35,75-79,MALE,0.00045681641645601065
32,80-84,MALE,0.00150460695505736
30,60-64,MALE,0.00003205230845364803
35,70-74,MALE,0.000777139997944269
02,40-44,FEMALE,0.00006000079770321655
10,60-64,MALE,0.00005423010084902838
35,10-14,FEMALE,0.0003508197360084651
38,25-29,FEMALE,0.000027973807678671995
29,55-59,FEMALE,0.0018560831026748132
18,15-19,FEMALE,0.0032320651563282157
19,20-24,FEMALE,0.000601521155761725
18,30-34,MALE,0.0019038599400298972
41,20-24,FEMALE,0.002442688701452576
48,80-84,FEMALE,0.10908792415100961
50,40-44,MALE,0.000034240166049836456
32,85+,MALE,0.00150460695505736
25,85+,FEMALE,0.015441102028330449
17,65-69,FEMALE,0.016167408213359682
13,35-39,FEMALE,0.009358783061864159
42,60-64,FEMALE,0.011213624897703667
31,5-9,MALE,0.00025056540462970356
16,30-34,MALE,0.0002113585658229821
45,55-59,MALE,0.0014745236609893585
15,10-14,MALE,0.0012104234445887735
17,70-74,MALE,0.01707366996010177
41,0-4,MALE,0.0017675165424522496
01,45-49,FEMALE,0.001030465913090138
16,75-79,FEMALE,0.00008879918026774112
72,35-39,FEMALE,0.00003568889159396748
10,45-49,FEMALE,0.00007814906084556298
01,80-84,FEMALE,0.000242076682985289
48,40-44,MALE,0.197798764260574
06,0-4,MALE,0.38956313755456146
22,5-9,MALE,0.0009422451243012638
09,80-84,FEMALE,0.002395750132019984
36,30-34,MALE,0.10283757107131193
11,0-4,MALE,0.00030051868586489466
55,50-54,MALE,0.001005896815960948
36,10-14,MALE,0.09702724574469854
29,0-4,MALE,0.0018952578098773779
08,60-64,FEMALE,0.0031160803942959633
25,55-59,MALE,0.014189172656371207
39,55-59,MALE,0.006850170378979217
08,30-34,MALE,0.006125796335470451
29,50-54,FEMALE,0.0013085287825030515
41,40-44,FEMALE,0.001670147887778583
49,0-4,FEMALE,0.0007706496174295081
44,55-59,MALE,0.000178989107363113
33,65-69,FEMALE,0.00007836366577548656
50,15-19,FEMALE,0.00006629733606516409
40,20-24,FEMALE,0.0014233917265124648
11,60-64,FEMALE,0.00030343641129680914
27,65-69,MALE,0.0017620748854267978
51,10-14,FEMALE,0.020550149399338555
12,40-44,FEMALE,0.1466744016891895
04,10-14,FEMALE,0.006109066328841438
47,40-44,FEMALE,0.0017383728831943744
34,45-49,FEMALE,0.01504480800049642
45,50-54,FEMALE,0.0008451555070096591
48,55-59,FEMALE,0.15407618758409944
23,85+,MALE,0.00007626450201095742
25,70-74,MALE,0.013740132931882778
16,15-19,FEMALE,0.00012984894054624184
06,40-44,MALE,0.3836894205942957
10,70-74,MALE,0.00022475849861556776
04,65-69,FEMALE,0.014824116381283208
38,15-19,FEMALE,0.00003182510916978264
46,10-14,FEMALE,0.000021490326879962442
50,65-69,FEMALE,0.000020472002763318962
08,20-24,FEMALE,0.005294470577699355
25,0-4,FEMALE,0.013513864995447619
44,5-9,FEMALE,0.00020108085615108288
04,35-39,FEMALE,0.0076880997594949065
35,0-4,FEMALE,0.00037418374817905527
38,65-69,MALE,0.000023144482672975255
53,40-44,MALE,0.013072282522057704
49,35-39,FEMALE,0.0008331625107531002
31,0-4,MALE,0.00020643703242185049
10,45-49,MALE,0.0000748417072798627
38,40-44,MALE,0.000030607327522186814
29,15-19,MALE,0.0018287492793579662
09,5-9,MALE,0.0022532175309518147
47,15-19,FEMALE,0.0019688324187820613
51,20-24,MALE,0.014102743375576737
46,65-69,FEMALE,0.000011185883122897458
19,45-49,MALE,0.00039193152457802613
27,10-14,MALE,0.0035443082116556513
47,0-4,MALE,0.0025765452723013715
30,50-54,MALE,0.000026144514106628216
05,20-24,MALE,0.00017884203383383942
34,10-14,FEMALE,0.01691880543442299
34,5-9,FEMALE,0.01691880543442299
46,45-49,MALE,0.00001573683464141965
26,80-84,MALE,0.009503003406751885
18,0-4,FEMALE,0.0018709305325609667
34,55-59,MALE,0.014840729208550753
38,25-29,MALE,0.000031509869475570846
41,80-84,FEMALE,0.0015545319216131112
26,45-49,FEMALE,0.00926033024349341
22,75-79,FEMALE,0.00048092642073636476
12,0-4,FEMALE,0.10828705207399476
15,85+,MALE,0.0013028841873886548
55,40-44,MALE,0.0009049472036999648
21,20-24,FEMALE,0.0009692508001515121
27,65-69,FEMALE,0.001780166744172178
22,20-24,FEMALE,0.0008944468016129665
40,65-69,MALE,0.0008478590472983198
04,10-14,MALE,0.007767655267102448
56,10-14,MALE,3.2788891399713805e-6
05,40-44,MALE,0.00019276898595857076
44,45-49,MALE,0.00015655382859270723
13,10-14,FEMALE,0.008986118506609797
05,65-69,FEMALE,0.00014071377704021567
36,75-79,MALE,0.08629236732921003
53,45-49,FEMALE,0.011855948031937881
50,10-14,MALE,0.000028299194271036898
09,5-9,FEMALE,0.0024014336061918815
19,15-19,MALE,0.0007921474107047959
42,55-59,FEMALE,0.015307587599420866
30,5-9,MALE,0.00001808513872450155
19,5-9,FEMALE,0.0006333674056350507
38,5-9,FEMALE,0.000029073397430569904
49,5-9,FEMALE,0.0012945337766574585
72,20-24,FEMALE,0.000028177654190278488
09,65-69,MALE,0.0021369188814013987
40,75-79,MALE,0.0008672312891597608
37,85+,MALE,0.006848128249137351
02,85+,MALE,0.000045608863171348424
26,5-9,FEMALE,0.009077483157236528
04,25-29,MALE,0.010603529488175927
10,55-59,MALE,0.00010182244463660572
53,10-14,MALE,0.013715671120999112
01,15-19,MALE,0.0006648908058766194
36,15-19,FEMALE,0.11522309833574322
55,10-14,FEMALE,0.0015735856793375792
72,5-9,MALE,0.00003848014432782074
05,85+,MALE,0.00021512324864220636
21,10-14,MALE,0.0008390580594895743
02,0-4,MALE,0.00009614910405015309
09,10-14,FEMALE,0.0024014336061918815
13,15-19,MALE,0.010261276607173329
02,30-34,FEMALE,0.00007916142697934006
53,60-64,FEMALE,0.010996116705122324
40,50-54,MALE,0.000972269041034156
21,80-84,MALE,0.0006318883999817257
21,30-34,MALE,0.0011721477439044549
02,15-19,MALE,0.00008096572543430493
33,25-29,FEMALE,0.00018053684283378233
36,60-64,FEMALE,0.09595644138251924
01,70-74,FEMALE,0.000710809288843483
32,35-39,FEMALE,0.0008839243846958294
42,85+,MALE,0.015074033541079735
26,40-44,MALE,0.009074848872554105
23,60-64,MALE,0.00005437233525754991
46,80-84,MALE,0.00003739291412418207
26,5-9,MALE,0.00920986556937986
17,10-14,FEMALE,0.018216471616085
28,55-59,MALE,0.00012188156873764425
45,35-39,MALE,0.001342023653139825
47,60-64,MALE,0.0014921884531498455
46,75-79,FEMALE,0.000032133912427754424
23,30-34,MALE,0.000052706936525249535
42,15-19,FEMALE,0.015498506565298872
37,5-9,FEMALE,0.007387628393637708
19,10-14,FEMALE,0.0006333674056350507
08,75-79,MALE,0.0046235729788652955
39,30-34,MALE,0.006469484603790282
06,0-4,FEMALE,0.4126187159058284
47,65-69,FEMALE,0.0011171492887880696
30,10-14,FEMALE,0.000016457897246793202
47,55-59,FEMALE,0.0021901148940473955
26,10-14,MALE,0.00920986556937986
51,35-39,FEMALE,0.020036123586575687
04,55-59,FEMALE,0.010985099414836134
49,70-74,FEMALE,0.0009770568295770676
32,65-69,FEMALE,0.001392599846131276
02,15-19,FEMALE,0.00005658660792818186
34,75-79,FEMALE,0.02155932105335137
13,20-24,FEMALE,0.008923198390098665
12,35-39,MALE,0.1258261039283442
24,15-19,MALE,0.00881988172707646
31,60-64,MALE,0.00015299142443267358
34,25-29,FEMALE,0.017363717102402414
48,50-54,MALE,0.16201064111521557
18,65-69,FEMALE,0.002009194908271839
32,15-19,FEMALE,0.0008424494349467103
21,55-59,FEMALE,0.0006082234580221367
55,25-29,FEMALE,0.0010933615442590642
08,65-69,MALE,0.0037483346891945385
31,45-49,MALE,0.0003503096638999213
39,85+,FEMALE,0.007970323010016532
15,0-4,MALE,0.0015104925244031828
20,75-79,MALE,0.0009735150430716007
38,10-14,MALE,0.00003263131505111503
24,30-34,FEMALE,0.008727836781444545
13,0-4,FEMALE,0.011456847238713926
24,70-74,FEMALE,0.009805223788418842
05,85+,FEMALE,0.00020580298453634152
27,75-79,FEMALE,0.0029091948372140164
46,25-29,MALE,0.00001769406123959058
32,65-69,MALE,0.0013582796079669396
45,20-24,MALE,0.0012441166471983535
35,35-39,FEMALE,0.0004653385973426352
12,25-29,MALE,0.08860575240006523
27,25-29,FEMALE,0.003529886178084639
11,35-39,MALE,0.00039743900291936774
30,35-39,MALE,0.000017593777468225737
04,40-44,MALE,0.009534048280496622
41,80-84,MALE,0.0015418857068689887
25,80-84,FEMALE,0.01544110202833045
48,75-79,FEMALE,0.10908792415100961
29,35-39,MALE,0.001650804599991847
44,0-4,MALE,0.0001699426764567761
36,70-74,FEMALE,0.07780800771794708
26,80-84,FEMALE,0.0092121551078036
54,35-39,MALE,0.000011124003334788712
41,65-69,MALE,0.0013550989334475544
54,25-29,FEMALE,0.000014169338580345023
25,30-34,FEMALE,0.017268322267641942
39,65-69,MALE,0.006183285154181974
10,40-44,MALE,0.0000545636768074618
49,30-34,FEMALE,0.0008473836668703362
27,80-84,MALE,0.002879276472533198
06,15-19,MALE,0.39388485799429557
53,35-39,MALE,0.014533216072494162
23,25-29,MALE,0.00006269924786671145
11,65-69,FEMALE,0.00011003228122289974
24,50-54,MALE,0.009606210957295644
13,35-39,MALE,0.010120491923747855
47,10-14,FEMALE,0.002300915832711741
01,25-29,MALE,0.0005378847937053509
19,55-59,FEMALE,0.00036745186084547696
39,35-39,MALE,0.006129686309497943
02,70-74,FEMALE,3.0165295797038104e-6
09,75-79,FEMALE,0.002395750132019984
11,80-84,MALE,0.00007946308537516998
40,80-84,MALE,0.0008672312891597608
01,30-34,FEMALE,0.0005181968847264124
23,35-39,MALE,0.000044047730639874517
28,0-4,FEMALE,0.0000367988407025449
26,10-14,FEMALE,0.009077483157236528
26,50-54,MALE,0.008021466827925884
04,75-79,MALE,0.013696263293650448
56,40-44,MALE,4.063740907754064e-6
21,0-4,MALE,0.0011704331268807624
50,60-64,FEMALE,0.000015372329206666543
72,65-69,MALE,0.000020660912251859338
33,80-84,FEMALE,0.00010339368013906581
26,20-24,FEMALE,0.010199301578974222
20,80-84,MALE,0.0009735150430716007
44,25-29,FEMALE,0.00021398390906850483
13,75-79,MALE,0.007011924665685716
44,40-44,FEMALE,0.0003342870909832711
26,55-59,FEMALE,0.0077273038360751636
33,35-39,FEMALE,0.00008268164522506935
39,75-79,MALE,0.008938546199847316
28,5-9,MALE,0.00008113129123341382
17,50-54,FEMALE,0.01822500493618041
36,20-24,FEMALE,0.12751193802445884
36,45-49,MALE,0.10027704678555968
08,40-44,FEMALE,0.005609949971070767
02,65-69,FEMALE,0.00001781580521647509
17,50-54,MALE,0.01793505104668614
02,20-24,FEMALE,0.00009743524377122722
26,30-34,MALE,0.009613479812344523
37,15-19,FEMALE,0.0071319595098955245
19,45-49,FEMALE,0.00035639890314175855
38,75-79,FEMALE,0.000015477562949842942
18,20-24,FEMALE,0.002772515498644355
48,85+,MALE,0.1286888389328275
31,70-74,MALE,0.00013336328851270524
30,75-79,MALE,0.000037026643371407345
48,15-19,MALE,0.1976915265075636
10,25-29,MALE,0.00007734136633911406
46,85+,FEMALE,0.000032133912427754424
56,65-69,MALE,3.841121907768527e-6
13,80-84,MALE,0.007011924665685716
11,65-69,MALE,0.0000868431920785409
34,80-84,FEMALE,0.02155932105335137
29,30-34,FEMALE,0.0016256525862652343
08,25-29,MALE,0.006140822485131523
13,55-59,FEMALE,0.008708364562934542
37,40-44,FEMALE,0.007324663406536416
09,25-29,FEMALE,0.002572933829804565
29,35-39,FEMALE,0.0015800662916266267
15,80-84,MALE,0.0013028841873886548
36,50-54,FEMALE,0.09809235559529253
45,20-24,FEMALE,0.0009968368224884385
18,75-79,MALE,0.002004350439646082
21,45-49,MALE,0.0010824902435440538
38,70-74,FEMALE,0.000012796406478067775
55,30-34,MALE,0.0011480701651998355
53,25-29,FEMALE,0.016555470772731274
24,80-84,MALE,0.007335089631945566
31,75-79,MALE,0.00024826667454286956
04,0-4,FEMALE,0.006740965108421132
53,5-9,FEMALE,0.014029854559714863
54,0-4,MALE,7.215184104653696e-6
29,40-44,MALE,0.0017262870815150059
45,25-29,MALE,0.0011978321779280118
34,0-4,FEMALE,0.02019403207904256
10,75-79,MALE,0.0001132867283881291
41,10-14,MALE,0.0017408257231031634
27,25-29,MALE,0.003448384515573105
29,65-69,MALE,0.0009302598847659103
12,50-54,MALE,0.16408164994320182
35,20-24,MALE,0.000675651854331444
16,60-64,FEMALE,0.00009793471113505461
12,35-39,FEMALE,0.1311406025370071
41,75-79,MALE,0.0015418857068689887
19,35-39,FEMALE,0.0004356705013335791
22,0-4,MALE,0.0006672674791349371
33,5-9,FEMALE,0.0001023454662796533
19,80-84,MALE,0.00042963559300473846
26,50-54,FEMALE,0.007822492434834613
40,0-4,FEMALE,0.0006871111687920964
05,10-14,MALE,0.00028307774230935365
23,5-9,MALE,0.00009231660980569306
23,45-49,MALE,0.00008229257473885744
24,10-14,MALE,0.010859386640879343
33,45-49,MALE,0.00011212122456125337
33,40-44,FEMALE,0.00008397338717050516
40,10-14,FEMALE,0.0009497543036389802
08,5-9,FEMALE,0.005596126236242993
30,25-29,MALE,0.000025220443908630136
21,40-44,MALE,0.00104923619153141
15,70-74,MALE,0.0012527947687883184
11,75-79,FEMALE,0.00010069383457187518
31,85+,MALE,0.00024826667454286956
33,20-24,FEMALE,0.0002468875813344939
40,60-64,FEMALE,0.0004143121751468891
09,60-64,FEMALE,0.001502166842342069
18,25-29,FEMALE,0.001801526482487641
24,55-59,MALE,0.008789684013079816
25,40-44,FEMALE,0.016693137674628822
10,55-59,FEMALE,0.00010618665643002106
17,20-24,FEMALE,0.024124059915185455
37,15-19,MALE,0.008715692684378823
45,75-79,MALE,0.001311307735164899
16,15-19,MALE,0.00020411353117527766
33,85+,FEMALE,0.00010339368013906581
23,0-4,MALE,0.0000773770128942831
16,65-69,FEMALE,0.00010109518789670053
16,80-84,MALE,0.00014125037912548016
55,65-69,FEMALE,0.0007874961440323873
18,20-24,MALE,0.0028681613493706667
13,80-84,FEMALE,0.006399686482213328
22,55-59,MALE,0.0009756568053877911
06,65-69,FEMALE,0.43036754084108697
36,75-79,FEMALE,0.08843923828057691
15,20-24,FEMALE,0.0013804788636837726
06,75-79,FEMALE,0.43082018297702246
15,45-49,FEMALE,0.0011983451950874208
25,45-49,FEMALE,0.01864823672400392
23,55-59,MALE,0.00007603907882733646
20,5-9,FEMALE,0.0006216006383979103
48,30-34,FEMALE,0.1666675696533264
55,85+,MALE,0.0013084356696053396
51,55-59,MALE,0.013633082806185118
23,50-54,MALE,0.00005942654986069262
50,65-69,MALE,0.000017153147090409385
08,50-54,MALE,0.0041296685555853715
02,20-24,MALE,0.00013972971692428567
37,20-24,FEMALE,0.010841276610215698
28,35-39,MALE,0.00010722869427644453
47,0-4,FEMALE,0.002357293506172246
44,25-29,MALE,0.00015499022324247868
02,25-29,FEMALE,0.000075602254628818
08,40-44,MALE,0.00634550143002305
22,65-69,FEMALE,0.00032151950621791897
04,60-64,MALE,0.01540445786374367
41,60-64,FEMALE,0.0018005381170332721
44,85+,MALE,0.00016033689075546114
29,45-49,MALE,0.0013002423869502735
42,25-29,MALE,0.014121751597019418
55,55-59,MALE,0.0016656604616891845
35,5-9,FEMALE,0.0003508197360084651
45,45-49,MALE,0.0011097989241171163
16,70-74,MALE,0.00012747575883428826
44,80-84,FEMALE,0.00021850163696894047
06,25-29,MALE,0.4120411986679503
49,60-64,MALE,0.0014165577308686648
54,80-84,FEMALE,0.000020279646279924688
11,75-79,MALE,0.00007946308537516998
10,15-19,MALE,0.00004712393422965729
44,40-44,MALE,0.00024221022785669887
24,85+,MALE,0.007335089631945566
13,0-4,MALE,0.012333405923608341
01,45-49,MALE,0.0010720267549275667
42,25-29,FEMALE,0.013543530020243822
21,20-24,MALE,0.0013591210824211986
20,50-54,FEMALE,0.0005045613032726359
12,5-9,MALE,0.11675813267139154
50,5-9,MALE,0.000028299194271036898
37,35-39,FEMALE,0.0070534918906593955
13,60-64,MALE,0.00815497048261311
26,85+,FEMALE,0.0092121551078036
06,85+,FEMALE,0.43082018297702246
44,0-4,FEMALE,0.0002357134318685429
44,50-54,MALE,0.00018403124469603131
51,70-74,FEMALE,0.008907387327963558
51,65-69,FEMALE,0.012395715623604009
49,75-79,MALE,0.0010514213078630843
72,30-34,FEMALE,0.000042479405692464666
18,65-69,MALE,0.00210087436990049
11,70-74,MALE,0.00023109563159277782
28,85+,FEMALE,0.00010186748701227791
34,0-4,MALE,0.01836085307201387
41,30-34,MALE,0.001885138543878681
11,25-29,MALE,0.0006441443334292101
30,65-69,MALE,0.00002752323632574629
21,85+,FEMALE,0.0004458852455997213
02,0-4,FEMALE,0.00006752084649166943
11,0-4,FEMALE,0.0003875873345690522
48,55-59,MALE,0.17984471910483146
21,65-69,FEMALE,0.0004076804072301191
17,0-4,FEMALE,0.021316878901333026
19,25-29,FEMALE,0.0004154853879879552
25,50-54,MALE,0.01299735762365461
06,35-39,MALE,0.39081008117605437
23,65-69,FEMALE,0.000028633096354732693
23,15-19,MALE,0.00009003909113524888
23,40-44,FEMALE,0.00009466771860806008
53,30-34,FEMALE,0.018722180030528536
46,5-9,MALE,0.000024595571817135974
72,45-49,FEMALE,0.00004139942279738987
26,25-29,FEMALE,0.008687950501487638
30,70-74,FEMALE,9.238472488367527e-6
22,55-59,FEMALE,0.0007379676011114313
28,60-64,MALE,0.00019986520477430417
12,25-29,FEMALE,0.09233952118831323
13,45-49,MALE,0.008925784068589007
24,80-84,FEMALE,0.008005607540908533
13,25-29,MALE,0.011439212817027842
54,55-59,MALE,0.000045168637139942075
32,10-14,MALE,0.0009090805072776891
36,70-74,MALE,0.07589841537233823
56,25-29,FEMALE,6.822915096550871e-6
29,40-44,FEMALE,0.0016515900126934386
20,10-14,FEMALE,0.0006216006383979103
34,25-29,MALE,0.015860525739890042
16,5-9,FEMALE,0.00008985789792872616
15,50-54,MALE,0.0014278805095463243
33,35-39,MALE,0.00008483618236027553
02,5-9,FEMALE,0.000050752586640161536
46,30-34,FEMALE,0.00003488579795925987
27,35-39,MALE,0.0028859617449066752
05,75-79,MALE,0.00021512324864220636
35,15-19,MALE,0.0005443170270070794
34,20-24,FEMALE,0.013831376874009321
25,50-54,FEMALE,0.014542951502625055
06,75-79,MALE,0.41398595987914144
33,75-79,MALE,0.00010748857403182065
22,85+,FEMALE,0.0004809264207363648
10,70-74,FEMALE,0.00023198477667298116
47,35-39,MALE,0.0020185248332102775
19,15-19,FEMALE,0.0007209713258055099
29,50-54,MALE,0.001376920733370806
40,70-74,FEMALE,0.0006688495120006934
15,15-19,MALE,0.001243141847104816
31,15-19,FEMALE,0.00027459669459256375
38,0-4,MALE,0.00003172825552508148
35,85+,FEMALE,0.0003448340785263062
40,70-74,MALE,0.00076336608305472
44,35-39,FEMALE,0.0002447115627060919
16,60-64,MALE,0.00015483750852660934
28,50-54,MALE,0.00014477685553018017
22,15-19,MALE,0.0008866859028940528
45,5-9,MALE,0.0009913570460648642
11,20-24,FEMALE,0.0006372612505401968
04,30-34,FEMALE,0.0076434215211764606
45,0-4,MALE,0.0017986218409521966
34,70-74,FEMALE,0.015178820584136572
21,10-14,FEMALE,0.0006019862008586553
10,50-54,FEMALE,0.0001616170808399725
16,85+,MALE,0.00014125037912548016
46,80-84,FEMALE,0.000032133912427754424
13,85+,MALE,0.007011924665685717
39,85+,MALE,0.008938546199847316
45,85+,FEMALE,0.001039614417804015
31,40-44,FEMALE,0.00016812718591500947
51,45-49,MALE,0.018723678061513132
22,45-49,FEMALE,0.0008334136512297898
11,45-49,FEMALE,0.0004280373278818156
06,60-64,FEMALE,0.4279472348491263
10,75-79,FEMALE,0.0001168970152451517
55,20-24,FEMALE,0.0017172050296450983
28,85+,MALE,0.00012200349662786496
08,80-84,FEMALE,0.004036127422130443
50,70-74,MALE,5.751581518926395e-6
10,50-54,MALE,0.0001556939968239286
25,5-9,MALE,0.01418866190255611
15,30-34,FEMALE,0.0013826831496869336
47,30-34,FEMALE,0.0019582156793393943
44,15-19,MALE,0.00023147011460662763
24,75-79,FEMALE,0.008005607540908533
29,65-69,FEMALE,0.0008786876313691971
38,35-39,MALE,0.0000238085578544839
06,5-9,MALE,0.3855168474905323
72,10-14,MALE,0.00003848014432782074
28,40-44,MALE,0.00012690340264770846
06,45-49,MALE,0.38312124767582406
17,85+,MALE,0.01616712715094381
37,0-4,MALE,0.010943859834758285
34,60-64,FEMALE,0.01522052690970321
04,5-9,FEMALE,0.006109066328841438
31,55-59,MALE,0.0002531595800494073
56,55-59,FEMALE,3.9663451587067145e-6
53,70-74,FEMALE,0.01120238659591747
37,10-14,FEMALE,0.007387628393637708
19,25-29,MALE,0.00045638326090872966
21,35-39,FEMALE,0.0007786726958337682
25,45-49,MALE,0.016568210354336966
35,55-59,MALE,0.0005271241620661706
33,55-59,FEMALE,0.00008929082800157366
18,70-74,MALE,0.001870702353017702
12,70-74,MALE,0.23092189262887022
37,75-79,FEMALE,0.005528462609852432
17,25-29,FEMALE,0.02500533081343816
26,60-64,FEMALE,0.008130330560398016
05,25-29,FEMALE,0.00028085100081546834
37,0-4,FEMALE,0.008992152293519342
12,55-59,MALE,0.13555586392607333
29,80-84,MALE,0.0012667572517661783
35,65-69,FEMALE,0.00014414944565046748
31,80-84,MALE,0.00024826667454286956
05,45-49,FEMALE,0.00010631159641332775
41,50-54,FEMALE,0.001464548705687677
25,10-14,FEMALE,0.01604573915725328
13,25-29,FEMALE,0.010577259822181663
15,35-39,FEMALE,0.0013345233369866148
45,5-9,FEMALE,0.0007991155329087468
46,50-54,MALE,0.000016675666040369272
26,60-64,MALE,0.008336172808935952
16,55-59,MALE,0.00009946746678020353
45,45-49,FEMALE,0.0008903641398416682
32,5-9,FEMALE,0.0009477732110954489
18,70-74,FEMALE,0.00178977638168874
15,15-19,FEMALE,0.0010482354566032546
38,75-79,MALE,0.000017662540642152765
33,5-9,MALE,0.0001046465976699036
20,60-64,FEMALE,0.0005254494957492421
11,35-39,FEMALE,0.0005102749411093422
10,80-84,MALE,0.0001132867283881291
37,80-84,MALE,0.00684812824913735
11,45-49,MALE,0.0003338016648049304
40,40-44,MALE,0.0006510881929238815
13,70-74,MALE,0.009478734403573014
04,80-84,MALE,0.013696263293650448
41,5-9,MALE,0.0017408257231031634
19,80-84,FEMALE,0.0003860741511106412
33,70-74,MALE,0.00006468534065154618
32,50-54,MALE,0.001607633201043989
55,15-19,MALE,0.0017548909740964756
72,15-19,FEMALE,0.00006209207530881249
15,60-64,FEMALE,0.0008053081220640018
31,50-54,FEMALE,0.0001362617083668522
51,5-9,FEMALE,0.020550149399338555
08,55-59,MALE,0.005459094130937513
04,75-79,FEMALE,0.010594371302816832
13,50-54,MALE,0.011865842654080711
48,70-74,MALE,0.13233935852653075
54,65-69,MALE,0.000011793434816657659
02,60-64,FEMALE,0.000051084927770690596
38,60-64,MALE,0.00004680158560397192
39,50-54,FEMALE,0.006552538820476741
51,65-69,MALE,0.01201940306826932
36,25-29,FEMALE,0.11797274493285007
28,25-29,MALE,0.00008518491930753797
40,35-39,MALE,0.0009842505493227191
16,45-49,MALE,0.00018838352098784263
42,15-19,MALE,0.01616715708193661
32,60-64,MALE,0.0013355277581140054
22,50-54,FEMALE,0.0009785823955988356
29,30-34,MALE,0.0016983675091127959
56,20-24,MALE,0.000019131703052630433
09,45-49,FEMALE,0.0018578345316604115
09,70-74,MALE,0.0015145817413566062
02,50-54,MALE,0.00008217925626350278
26,35-39,FEMALE,0.007966675269473845
09,20-24,MALE,0.002087419399654038
28,55-59,FEMALE,0.00010284978524332347
11,10-14,FEMALE,0.00036421659762968077
26,85+,MALE,0.009503003406751885
49,50-54,MALE,0.0010389895242510633
36,40-44,MALE,0.0993201301300726
06,15-19,FEMALE,0.4153749297424188
53,25-29,MALE,0.016242828433409736
72,10-14,FEMALE,0.00005348172503966014
72,70-74,MALE,0.00003226657647540975
20,15-19,MALE,0.001158045954497314
24,45-49,MALE,0.010422142640877582
38,80-84,MALE,0.000017662540642152765
54,80-84,MALE,0.00003484057099352933
13,20-24,MALE,0.009673948958189788
35,40-44,MALE,0.0003908877906978227
21,45-49,FEMALE,0.000772969574345314
56,60-64,MALE,1.3210559458136386e-6
09,85+,FEMALE,0.002395750132019984
49,70-74,MALE,0.0013404302931015822
12,10-14,FEMALE,0.12211501561364155
54,45-49,FEMALE,8.202745273315855e-6
05,50-54,FEMALE,0.00015673395768051523
50,10-14,FEMALE,0.00003434436662707324
39,5-9,MALE,0.006255726393628441
24,10-14,FEMALE,0.012050525076755334
35,75-79,FEMALE,0.0003448340785263062
21,75-79,MALE,0.0006318883999817257
54,60-64,MALE,6.993191752308739e-6
53,40-44,FEMALE,0.013319306650767354
54,75-79,FEMALE,0.000020279646279924688
51,75-79,MALE,0.011385789670812158
41,25-29,FEMALE,0.0019608253255586155
55,40-44,FEMALE,0.0008907512889709916
31,80-84,FEMALE,0.0002467740309269884
42,40-44,FEMALE,0.011606401050867963
23,25-29,FEMALE,0.00008138392163834507
72,35-39,MALE,0.000025767948793897136
72,55-59,MALE,0.0000481923423853501
54,20-24,FEMALE,0.00004006713596088259
48,20-24,FEMALE,0.1413502710421075
26,70-74,MALE,0.005808289996922778
05,60-64,FEMALE,0.00004611371133500246
36,55-59,FEMALE,0.10398038256560231
21,35-39,MALE,0.0010891204855138328
55,70-74,FEMALE,0.000918543542768532
41,45-49,MALE,0.0016313390643448067
55,60-64,MALE,0.0012099129553381836
37,80-84,FEMALE,0.005528462609852432
32,40-44,FEMALE,0.001081048470360408
12,85+,MALE,0.20177841364162358
37,30-34,MALE,0.011414547282516183
36,10-14,FEMALE,0.10110627664307437
11,5-9,MALE,0.00028269001775252617
45,30-34,MALE,0.0012878142267916852
38,45-49,FEMALE,0.000015936762245299372
39,40-44,FEMALE,0.0061897565861393725
09,55-59,FEMALE,0.0023604680728797896
08,35-39,MALE,0.005338739083692631
08,5-9,MALE,0.006305050176069904
31,20-24,FEMALE,0.0002825285121337683
15,25-29,MALE,0.001338518720152766
48,75-79,MALE,0.1286888389328275
06,50-54,FEMALE,0.42411085102693724
08,10-14,FEMALE,0.005596126236242993
46,40-44,MALE,0.00003015090246264543
45,65-69,FEMALE,0.0009461831983784063
02,10-14,FEMALE,0.000050752586640161536
48,50-54,FEMALE,0.13815618709905034
22,25-29,MALE,0.0011568735445168273
22,45-49,MALE,0.0011004409463825377
42,20-24,FEMALE,0.013951825772837234
08,70-74,FEMALE,0.003373132747618665
72,75-79,FEMALE,0.00007406469093939549
19,0-4,FEMALE,0.0005374012332734916
28,35-39,FEMALE,0.00009071323043067255
32,50-54,FEMALE,0.0016583196602582638
36,0-4,MALE,0.0955054916868557
56,35-39,FEMALE,2.6806939662815456e-6
38,80-84,FEMALE,0.000015477562949842942
30,80-84,MALE,0.000037026643371407345
11,60-64,MALE,0.00023800665445943085
53,55-59,FEMALE,0.012835719111871688
45,10-14,MALE,0.0009913570460648642
41,15-19,FEMALE,0.0019557923886642523
17,20-24,MALE,0.023630943622484944
47,50-54,MALE,0.0018565874317403766
33,25-29,MALE,0.00018525868435088913
48,60-64,FEMALE,0.13706479165866445
35,25-29,FEMALE,0.0005113082622369349
33,75-79,FEMALE,0.00010339368013906581
25,0-4,MALE,0.01193747437305746
39,55-59,FEMALE,0.0061732298216043945
19,40-44,FEMALE,0.0007075669226550723
33,0-4,FEMALE,0.00012980265591720395
46,5-9,FEMALE,0.000021490326879962442
10,10-14,MALE,0.00005759921520386214
51,25-29,MALE,0.01590422062952405
47,50-54,FEMALE,0.0016788877160971917
01,75-79,FEMALE,0.000242076682985289
33,45-49,FEMALE,0.00010913780486640872
10,20-24,FEMALE,0.00009990198267065424
06,70-74,FEMALE,0.4245677823659449
45,55-59,FEMALE,0.0011814666189819442
17,35-39,FEMALE,0.021717082075044417
17,30-34,MALE,0.02332429512971523
31,55-59,FEMALE,0.00025431819563623655
47,75-79,MALE,0.0015701864082434014
41,25-29,MALE,0.0019197110727767707
72,25-29,FEMALE,0.00002686643601160657
31,25-29,FEMALE,0.00029271733514350264
48,5-9,MALE,0.21997138898526555
27,10-14,FEMALE,0.0036411009882091096
02,80-84,MALE,0.000045608863171348424
54,35-39,FEMALE,6.560433275914929e-6
56,0-4,FEMALE,8.025407668718114e-6
54,15-19,FEMALE,0.000015395859831238077
51,85+,FEMALE,0.011743700831766558
47,45-49,FEMALE,0.002357843974192042
05,55-59,MALE,0.00019094554304802867
05,55-59,FEMALE,0.00018461878377483345
09,75-79,MALE,0.002285524400782399
50,45-49,MALE,0.000020808740775016115
47,85+,FEMALE,0.0014114531129074265
38,15-19,MALE,0.00003585129551909473
17,45-49,MALE,0.018743510256727977
30,0-4,MALE,0.000025364509914473564
29,5-9,FEMALE,0.0015897612825573725
25,5-9,FEMALE,0.01604573915725328
50,5-9,FEMALE,0.00003434436662707324
20,25-29,FEMALE,0.000774478019653338
50,20-24,FEMALE,0.00004795234831798429
54,75-79,MALE,0.00003484057099352933
44,50-54,FEMALE,0.0002522921885477373
31,20-24,MALE,0.0002812457408270293
04,60-64,FEMALE,0.011988384119382915
39,80-84,FEMALE,0.007970323010016532
56,30-34,MALE,3.59582280147538e-6
34,65-69,FEMALE,0.01789921745636896
53,80-84,MALE,0.011036772377059618
06,45-49,FEMALE,0.4034617394344637
06,80-84,MALE,0.41398595987914144
36,80-84,FEMALE,0.08843923828057691
39,80-84,MALE,0.008938546199847316
72,60-64,MALE,0.00003197607296574729
44,10-14,MALE,0.00014512348009574846
34,60-64,MALE,0.013999708821382486
19,85+,MALE,0.00042963559300473846
04,85+,MALE,0.013696263293650448
31,0-4,FEMALE,0.00020884749728785989
49,15-19,FEMALE,0.0013694765798932958
40,30-34,FEMALE,0.000969806494692475
29,55-59,MALE,0.0019440706376433483
28,50-54,FEMALE,0.00012160556722308211
20,85+,MALE,0.0009735150430716007
28,25-29,FEMALE,0.00007205790094311981
19,85+,FEMALE,0.0003860741511106412
45,50-54,MALE,0.0010596878420548665
50,55-59,FEMALE,0.000018488738130739232
46,15-19,FEMALE,0.00002009789063336841
50,55-59,MALE,0.000015326239050571596
18,60-64,MALE,0.0017206107174183901
34,65-69,MALE,0.01656599839645442
19,40-44,MALE,0.000777483462226436
31,50-54,MALE,0.00013627048394404876
05,40-44,FEMALE,0.00018677010975528153
51,0-4,FEMALE,0.01802193356100581
35,50-54,FEMALE,0.0004528957535052319
51,30-34,FEMALE,0.01851551089324142
48,45-49,MALE,0.19407004562884825
20,0-4,MALE,0.0009542221862531735
39,75-79,FEMALE,0.007970323010016532
08,45-49,FEMALE,0.004996842120516914
34,20-24,MALE,0.012664865100877758
21,15-19,MALE,0.0008625766667618325
32,35-39,MALE,0.0008508020636610733
35,60-64,MALE,0.00039441197407997077
40,85+,MALE,0.0008672312891597608
19,75-79,MALE,0.00042963559300473846
41,50-54,MALE,0.0014439938853931088
31,75-79,FEMALE,0.0002467740309269884
45,85+,MALE,0.001311307735164899
32,60-64,FEMALE,0.0013777941494224459
04,65-69,MALE,0.019166765958571412
50,35-39,MALE,6.67374276160958e-6
51,40-44,MALE,0.019354793316303603
25,15-19,FEMALE,0.022340739868821447
40,80-84,FEMALE,0.0007596464564825393
34,85+,MALE,0.019951039718668503
33,60-64,FEMALE,0.00013978815987875228
50,35-39,FEMALE,8.071149664744076e-6
26,65-69,FEMALE,0.005542777707100825
09,25-29,MALE,0.002422798985051113
34,55-59,FEMALE,0.01620790290955226
25,60-64,MALE,0.011554864740273901
34,70-74,MALE,0.0140426639854386
41,30-34,FEMALE,0.0019257657761517974
72,80-84,FEMALE,0.00007406469093939549
32,0-4,FEMALE,0.0006082239426861655
08,80-84,MALE,0.0046235729788652955
33,10-14,FEMALE,0.0001023454662796533
30,60-64,FEMALE,0.00002886297872996519
28,40-44,FEMALE,0.00010731056267801055
22,0-4,FEMALE,0.0005082750329077679
50,80-84,FEMALE,0.000020947077676479172
09,35-39,FEMALE,0.002314711953388977
26,45-49,MALE,0.009439965959916436
24,30-34,MALE,0.007892326001198631
28,45-49,FEMALE,0.00009942530805489671
10,30-34,FEMALE,0.00013430214589161006
54,85+,MALE,0.00003484057099352933
16,10-14,FEMALE,0.00008985789792872616
23,50-54,FEMALE,0.0000765935549131635
16,0-4,FEMALE,0.00005276062896402046
54,15-19,MALE,0.000026204092285543504
23,30-34,FEMALE,0.00006842285795432495
54,45-49,MALE,0.000013926065183431278
05,0-4,MALE,0.00035249189463234956
30,0-4,FEMALE,0.000023106161975377754
33,15-19,FEMALE,0.00012786546150556706
44,80-84,MALE,0.00016033689075546114
04,85+,FEMALE,0.010594371302816832
24,75-79,MALE,0.007335089631945566
46,65-69,MALE,0.00001301814489312317
72,20-24,MALE,0.000020396357908702525
55,75-79,FEMALE,0.0012716854484736745
22,20-24,MALE,0.0011825541514927233
54,65-69,FEMALE,6.863763412600004e-6
05,45-49,MALE,0.00010981473780545534
16,35-39,FEMALE,0.00002185895995637771
13,40-44,MALE,0.008867344516781126
35,30-34,MALE,0.0006086508752308139
48,10-14,MALE,0.21997138898526555
29,20-24,MALE,0.002263394438910709
50,20-24,MALE,0.00003975071484552291
11,40-44,MALE,0.00045722836101690773
51,55-59,FEMALE,0.01421143502697684
20,35-39,FEMALE,0.0007681754643003431
22,60-64,MALE,0.000722610059626275
24,65-69,FEMALE,0.007841636054397557
50,60-64,MALE,0.000012800558000239083
21,75-79,FEMALE,0.0004458852455997213
56,5-9,FEMALE,2.728324018618188e-6
09,40-44,FEMALE,0.002348657725707015
55,35-39,MALE,0.0011551371009190562
21,85+,MALE,0.0006318883999817257
20,80-84,FEMALE,0.0006325976385595382
72,75-79,MALE,0.00005418190921403077
55,25-29,MALE,0.0011104036797194598
41,5-9,FEMALE,0.0017844918187069098
11,55-59,FEMALE,0.0004084725813547384
26,30-34,FEMALE,0.009442645915909029
36,50-54,MALE,0.09514184099043232
08,45-49,MALE,0.005656565055253867
48,60-64,MALE,0.16071224862777617
51,35-39,MALE,0.019172360165471497
42,0-4,MALE,0.012723082218910529
46,55-59,FEMALE,0.000027099788269645913
05,0-4,FEMALE,0.0003432211924098516
35,40-44,FEMALE,0.00029883156690960655
12,55-59,FEMALE,0.1409257883366212
27,30-34,MALE,0.0034325963139432885
53,85+,MALE,0.011036772377059618
35,55-59,FEMALE,0.00040214570880099735
12,20-24,FEMALE,0.08852274636165836
11,5-9,FEMALE,0.00036421659762968077
08,25-29,FEMALE,0.005430868293642322
39,20-24,FEMALE,0.006646558584637576
05,20-24,FEMALE,0.00017291362720210264
17,45-49,FEMALE,0.01915934475989529
39,65-69,FEMALE,0.0055128374977320704
12,5-9,FEMALE,0.12211501561364155
19,60-64,FEMALE,0.0004599453646823083
40,85+,FEMALE,0.0007596464564825393
02,5-9,MALE,0.00007234597610265984
39,45-49,MALE,0.006394597244784911
15,80-84,FEMALE,0.0010841618696626606
42,85+,FEMALE,0.014269777725547904
06,25-29,FEMALE,0.4344168338087314
13,85+,FEMALE,0.006399686482213327
41,55-59,FEMALE,0.0018537481167629362
16,40-44,FEMALE,0.00013160069004217862
24,20-24,MALE,0.006510665852943315
56,20-24,FEMALE,0.00001582363806078673
32,0-4,MALE,0.0005827906729449638
33,65-69,MALE,0.00008147721370053504
09,70-74,FEMALE,0.0015880616284361464
72,50-54,FEMALE,0.00006732916424099132
41,85+,MALE,0.0015418857068689887
51,85+,MALE,0.011385789670812158
23,80-84,MALE,0.00007626450201095742
56,75-79,FEMALE,7.84077868321544e-6
09,65-69,FEMALE,0.0022397037518166454
27,55-59,FEMALE,0.0028856479299689793
45,70-74,FEMALE,0.0006277616861290984
35,45-49,FEMALE,0.0004640416879308701
16,0-4,MALE,0.00008245746703311326
38,30-34,MALE,0.00002775725563608872
53,45-49,MALE,0.011645450535242139
48,45-49,FEMALE,0.16647537154156708
21,60-64,FEMALE,0.0002726830161234836
42,50-54,FEMALE,0.010356866962117506
56,45-49,FEMALE,0.0
15,10-14,FEMALE,0.0010240883991907413
06,20-24,FEMALE,0.450311240579863
55,50-54,FEMALE,0.000983494110234419
47,40-44,MALE,0.0019095094252423628
56,15-19,MALE,4.667963351159826e-6
02,40-44,MALE,0.00008586558582004003
41,85+,FEMALE,0.0015545319216131112
15,55-59,MALE,0.0012028636122861397
40,30-34,MALE,0.001092687012576251
16,25-29,MALE,0.00024366860841830792
09,10-14,MALE,0.0022532175309518147
22,40-44,MALE,0.0009528254300801063
50,30-34,FEMALE,0.000011893943057220724
30,55-59,FEMALE,8.954349643710963e-6
36,25-29,MALE,0.11361966354486042
28,70-74,FEMALE,0.0000820143525018696
05,5-9,FEMALE,0.000275347950366774
23,20-24,MALE,0.00006934372078958183
13,50-54,FEMALE,0.010894593876091747
33,60-64,MALE,0.00014444335198720898
40,55-59,FEMALE,0.0010942355880091963
04,15-19,FEMALE,0.006308356538817271
20,70-74,FEMALE,0.00038489832758064496
22,70-74,MALE,0.0004754752079166676
36,15-19,MALE,0.11100117095902173
39,10-14,FEMALE,0.005671508439987841
45,25-29,FEMALE,0.000962097801171054
44,65-69,MALE,0.00006720396812531394
45,35-39,FEMALE,0.0010780133565041268
29,85+,FEMALE,0.001196676427676282
48,65-69,MALE,0.12547175223550072
25,85+,MALE,0.013882631909818326
16,5-9,MALE,0.00014058051059600855
20,5-9,MALE,0.0009408377795731823
09,0-4,MALE,0.0028725934268748147
46,10-14,MALE,0.000024595571817135974
09,50-54,MALE,0.002049346301294135
51,80-84,FEMALE,0.011743700831766558
12,80-84,FEMALE,0.2075605573033268
01,75-79,MALE,0.0002548476561852568
01,85+,MALE,0.0002548476561852568
44,10-14,FEMALE,0.00020108085615108288
26,15-19,MALE,0.01165414898586902
20,40-44,MALE,0.0009623250045128777
25,75-79,FEMALE,0.01544110202833045
04,50-54,FEMALE,0.008413949754917906
06,10-14,MALE,0.3855168474905323
10,15-19,FEMALE,0.00004933337442600868
32,80-84,FEMALE,0.0015428131953796583
18,35-39,MALE,0.0016968726352790957
17,10-14,MALE,0.0177369288224153
45,75-79,FEMALE,0.001039614417804015
40,55-59,MALE,0.0012360391268009063
13,5-9,FEMALE,0.008986118506609797
36,35-39,FEMALE,0.11066279088326465
48,0-4,FEMALE,0.18929043605328952
21,5-9,FEMALE,0.0006019862008586553
72,80-84,MALE,0.00005418190921403077
27,70-74,MALE,0.003050330100760317
49,15-19,MALE,0.001854877367486497
35,80-84,MALE,0.00045681641645601065
45,15-19,FEMALE,0.0008989903517220021
18,25-29,MALE,0.0018591309096993522
42,30-34,MALE,0.01312851983366238
46,35-39,FEMALE,0.000012247487844943951
10,0-4,FEMALE,0.0001042689830317467
20,10-14,MALE,0.0009408377795731823
17,80-84,MALE,0.01616712715094381
08,15-19,FEMALE,0.0056167888746904305
49,25-29,FEMALE,0.0009955909447968852
41,60-64,MALE,0.0017750627901473846
31,65-69,MALE,0.00019963557509419601
42,55-59,MALE,0.01599988950325205
02,75-79,MALE,0.000045608863171348424
10,85+,MALE,0.0001132867283881291
06,60-64,MALE,0.40873201714816176
49,35-39,MALE,0.001128435669327834
49,65-69,MALE,0.0014542938702317935
46,85+,MALE,0.00003739291412418207
12,0-4,MALE,0.1034298194002693
45,10-14,FEMALE,0.0007991155329087468
25,25-29,FEMALE,0.018660270134681738
04,35-39,MALE,0.009809561988744194
15,65-69,MALE,0.0012537613023136222
25,35-39,FEMALE,0.01601108003270362
17,65-69,MALE,0.01600735170430969
47,65-69,MALE,0.0012429369205198622
34,40-44,FEMALE,0.01759792724976931
09,85+,MALE,0.002285524400782399
56,0-4,MALE,9.634940869361953e-6
39,35-39,FEMALE,0.005537880543881978
19,65-69,MALE,0.00038073726702558976
40,45-49,FEMALE,0.0008922868186929429
28,80-84,MALE,0.00012200349662786496
37,85+,FEMALE,0.005528462609852432
31,10-14,MALE,0.00025056540462970356
46,55-59,MALE,0.00003120251244813105
05,5-9,MALE,0.00028307774230935365
36,5-9,FEMALE,0.10110627664307437
09,35-39,MALE,0.002179440390943945
49,85+,MALE,0.0010514213078630843
15,60-64,MALE,0.0009619059827962815
41,20-24,MALE,0.0023973164288724324
33,50-54,MALE,0.00012739436695773467
17,75-79,MALE,0.01616712715094381
56,50-54,FEMALE,1.9983936997717274e-6
25,20-24,MALE,0.018983009218991615
34,35-39,MALE,0.01508611437345769
23,70-74,FEMALE,0.0001117425039782284
10,65-69,FEMALE,0.00009286624560948406
38,5-9,MALE,0.00003263131505111503
51,0-4,MALE,0.017167178472760294
04,20-24,FEMALE,0.00826937396168099
12,60-64,MALE,0.1731530936537975
45,80-84,MALE,0.001311307735164899
27,0-4,MALE,0.004360686141765911
44,60-64,MALE,0.0001456124757239201
17,60-64,MALE,0.01918363094706111
18,10-14,MALE,0.0019288031754412793
16,50-54,FEMALE,0.00012051758631575156
12,50-54,FEMALE,0.16979353198721378
51,30-34,MALE,0.017716631347895306
18,45-49,FEMALE,0.0017696140620468877
12,45-49,FEMALE,0.15286374273114536
02,60-64,MALE,0.00007359014340892531
53,20-24,FEMALE,0.01404220731516706
24,55-59,FEMALE,0.009695365195145847
28,20-24,FEMALE,0.00008616414019484293
06,40-44,FEMALE,0.40438602936509344
56,10-14,FEMALE,2.728324018618188e-6
01,85+,FEMALE,0.00024207668298528902
51,15-19,FEMALE,0.019473119032724216
27,50-54,MALE,0.0022602746677018518
28,10-14,MALE,0.00008113129123341382
09,45-49,MALE,0.001751441687731041
29,60-64,FEMALE,0.0014047839122052859
05,30-34,MALE,0.00040088467034155506
21,50-54,FEMALE,0.0005227605302342619
53,10-14,FEMALE,0.014029854559714863
15,70-74,FEMALE,0.0010427668677526801
47,70-74,FEMALE,0.0008979739154609298
44,45-49,FEMALE,0.00021589402355414307
42,65-69,FEMALE,0.009920321281335204
08,20-24,MALE,0.006001227455332204
55,30-34,FEMALE,0.0011305987140323654
20,40-44,FEMALE,0.0006333044801232667
46,70-74,MALE,7.815859203478146e-6
30,55-59,MALE,9.898999704299485e-6
11,85+,FEMALE,0.00010069383457187517
26,0-4,MALE,0.010583724544946159
01,0-4,FEMALE,0.0006577723253884269
06,80-84,FEMALE,0.43082018297702246
38,55-59,FEMALE,0.0000294139015716306
51,15-19,MALE,0.01862421743889881
26,20-24,MALE,0.010410576423866684
01,20-24,FEMALE,0.0006801937366633645
56,15-19,FEMALE,3.865993232925493e-6
01,65-69,MALE,0.0004366898183522265
47,5-9,FEMALE,0.002300915832711741
10,85+,FEMALE,0.0001168970152451517
18,30-34,FEMALE,0.0018451124041134544
28,45-49,MALE,0.000117673302088002
50,25-29,MALE,9.050340385105708e-6
18,5-9,MALE,0.0019288031754412793
27,20-24,FEMALE,0.003367956505805522
26,75-79,MALE,0.009503003406751885
49,75-79,FEMALE,0.0007661845459886848
53,30-34,MALE,0.018366203230889454
20,35-39,MALE,0.0011667538196794953
72,0-4,MALE,0.000031485781482990544
42,35-39,FEMALE,0.01081100137925863
01,10-14,MALE,0.000730002070802596
05,65-69,MALE,0.00014710431669030257
20,45-49,FEMALE,0.0005062337079654177
38,50-54,MALE,0.000031824832998859674
17,40-44,MALE,0.019640217915202558
23,20-24,FEMALE,0.00008978900263723343
72,85+,MALE,0.00005418190921403077
56,80-84,FEMALE,7.84077868321544e-6
25,65-69,MALE,0.01309425299539357
47,45-49,MALE,0.002592054514448133
55,65-69,MALE,0.0008103529669801404
15,0-4,FEMALE,0.001279285671835156
46,0-4,MALE,0.000029705274465612924
01,55-59,MALE,0.0006309009955423678
16,20-24,MALE,0.00044980817544757314
18,10-14,FEMALE,0.001875749415265181
10,35-39,FEMALE,0.00008729696049954687
37,55-59,FEMALE,0.006311822303450313
21,80-84,FEMALE,0.0004458852455997213
04,15-19,MALE,0.008048434202742661
17,85+,FEMALE,0.016330778496307267
20,75-79,FEMALE,0.0006325976385595382
21,15-19,FEMALE,0.0006167771401119205
48,35-39,MALE,0.19902237549088575
02,70-74,MALE,4.370756526967299e-6
27,40-44,MALE,0.002426817676458808
50,85+,MALE,0.000017549057867174334
55,80-84,MALE,0.0013084356696053396
10,0-4,MALE,0.0000992819070097849
20,65-69,MALE,0.000593164467344123
27,60-64,MALE,0.002241867229264525
33,85+,MALE,0.00010748857403182065
49,50-54,FEMALE,0.0007616558565998949
31,70-74,FEMALE,0.0001325977945798787
10,35-39,MALE,0.00008349845404648195
30,75-79,FEMALE,0.00003314019361025194
39,5-9,FEMALE,0.005671508439987841
29,75-79,FEMALE,0.001196676427676282
49,25-29,MALE,0.001348555263041504
34,35-39,FEMALE,0.016517459220317488
29,5-9,MALE,0.001655147775950845
27,75-79,MALE,0.002879276472533198
46,15-19,MALE,0.000023069115247884863
01,30-34,MALE,0.0005384058281846036
42,10-14,MALE,0.01358963382313784
46,0-4,FEMALE,0.000025981756181683067
47,20-24,FEMALE,0.001632535542018396
04,55-59,MALE,0.014051699677536847
01,60-64,MALE,0.0007477596891330371
23,40-44,MALE,0.00007295840221906584
01,50-54,FEMALE,0.0007640051228882686
04,70-74,FEMALE,0.012291184526870669
02,75-79,FEMALE,0.00003146887693877731
15,5-9,FEMALE,0.0010240883991907413
37,5-9,MALE,0.009000377933499813
29,70-74,MALE,0.001529248367027247
51,75-79,FEMALE,0.011743700831766558
56,65-69,FEMALE,3.1431302799768287e-6
22,65-69,MALE,0.00042965736954784047
55,5-9,FEMALE,0.0015735856793375792
44,20-24,MALE,0.00030642826553278595
55,5-9,MALE,0.0015923966815405476
05,25-29,MALE,0.0002897717737606065
45,60-64,FEMALE,0.0007011501075768451
22,35-39,MALE,0.001195148705091175
47,80-84,FEMALE,0.0014114531129074265
44,65-69,FEMALE,0.00009157207118396349
12,45-49,MALE,0.14685159709044016
10,10-14,FEMALE,0.000060430022711302215
25,10-14,MALE,0.01418866190255611
51,80-84,MALE,0.011385789670812158
25,40-44,MALE,0.01481922872099176
48,65-69,FEMALE,0.10634783195753576
34,15-19,FEMALE,0.015081131667032507
45,80-84,FEMALE,0.001039614417804015
37,70-74,FEMALE,0.0050344765954258505
29,60-64,MALE,0.0014780361295019528
12,75-79,MALE,0.20177841364162358
23,45-49,FEMALE,0.00010669327517298408
48,15-19,FEMALE,0.16992894893226881
45,60-64,MALE,0.0008790269627308424
30,25-29,FEMALE,0.000022869096142897013
11,30-34,FEMALE,0.0007748448073302063
20,60-64,MALE,0.0008037203086190775
08,10-14,MALE,0.006305050176069904
35,30-34,FEMALE,0.0004655319112235659
02,45-49,MALE,0.000060330152673135066
48,25-29,FEMALE,0.16368870534614002
42,10-14,FEMALE,0.013079986316787254
05,50-54,MALE,0.00016285750459386756
42,60-64,MALE,0.011773813600291543
53,5-9,MALE,0.013715671120999112
01,10-14,FEMALE,0.0007050309982107027
06,20-24,MALE,0.4281609540537028
16,10-14,MALE,0.00014058051059600855
44,55-59,FEMALE,0.00024651870552668714
28,0-4,MALE,0.00004330222201483227
35,50-54,MALE,0.0005964015578766565
02,55-59,FEMALE,0.000024807646135968705
53,75-79,FEMALE,0.011103665953814337
49,10-14,FEMALE,0.0012945337766574585
27,40-44,FEMALE,0.0024833188182697046
21,70-74,FEMALE,0.0005481593417025067
17,15-19,MALE,0.017833127524698025
01,40-44,FEMALE,0.000837103109118498
47,55-59,MALE,0.002410735801188524
54,70-74,FEMALE,0.000017883176755063664
22,35-39,FEMALE,0.0009062675382712172
54,0-4,FEMALE,4.274478812680454e-6
17,70-74,FEMALE,0.017251223158796368
72,0-4,FEMALE,0.000043805841511156796
28,65-69,MALE,0.00006630854182740182
26,55-59,MALE,0.007887249754583658
02,10-14,MALE,0.00007234597610265984
13,5-9,MALE,0.009683645461486244
72,45-49,MALE,0.000029928274986045838
49,80-84,FEMALE,0.0007661845459886848
30,15-19,FEMALE,0.000025263961056729467
46,70-74,FEMALE,6.718464051510191e-6
32,10-14,FEMALE,0.0009477732110954489
42,45-49,FEMALE,0.009930458150078971
17,15-19,FEMALE,0.018255578905732896
46,30-34,MALE,0.00004006467630965934
21,55-59,MALE,0.0008528613002266082
27,15-19,MALE,0.0037717362140922738
55,85+,FEMALE,0.0012716854484736745
32,70-74,MALE,0.0007900082104197372
13,10-14,MALE,0.009683645461486244
28,5-9,FEMALE,0.00006887530051038542
72,70-74,FEMALE,0.00004411931654034869
45,65-69,MALE,0.001193605134948117
01,50-54,MALE,0.0007995266629271036
51,45-49,FEMALE,0.019542885040519768
05,70-74,MALE,0.0004868684060610074
53,75-79,MALE,0.011036772377059618
05,35-39,FEMALE,0.00021865661691293416
04,45-49,FEMALE,0.007437704796197457
40,75-79,FEMALE,0.0007596464564825393
40,5-9,FEMALE,0.0009497543036389802
44,85+,FEMALE,0.00021850163696894044
42,5-9,FEMALE,0.013079986316787254
39,15-19,MALE,0.008992547814843859
50,50-54,MALE,0.000024031471116828987
13,60-64,FEMALE,0.007488330229136116
54,10-14,MALE,4.597326111733604e-6
19,50-54,FEMALE,0.0005021139732371975
39,25-29,MALE,0.007071030123285077
24,60-64,FEMALE,0.009483728399636621
33,80-84,MALE,0.00010748857403182065
34,50-54,FEMALE,0.019791459682040182
05,15-19,FEMALE,0.00024715697196260936
42,5-9,MALE,0.01358963382313784
29,85+,MALE,0.0012667572517661783
22,10-14,FEMALE,0.0007169912919588783
54,20-24,MALE,0.00006811109900926964
22,60-64,FEMALE,0.0005441057546180603
30,65-69,FEMALE,0.000024631285603689904
45,0-4,FEMALE,0.0014513366867536092
31,10-14,FEMALE,0.0002532292916202639
50,0-4,FEMALE,6.254299482057137e-6
12,75-79,FEMALE,0.2075605573033268
26,65-69,MALE,0.005718474939768584
30,45-49,MALE,9.982660354124062e-6
26,25-29,MALE,0.00884629474796012
40,45-49,MALE,0.0010066354249846131
40,40-44,FEMALE,0.000577593487522142
08,75-79,FEMALE,0.004036127422130443
27,60-64,FEMALE,0.0022789797486670368
56,45-49,MALE,0.0
24,70-74,MALE,0.008981516305888811
12,40-44,MALE,0.1407921076227658
47,85+,MALE,0.0015701864082434012
54,60-64,FEMALE,4.095356246447822e-6
21,0-4,FEMALE,0.0008406011192754413
37,75-79,MALE,0.00684812824913735
42,45-49,MALE,0.010366349921756795
09,50-54,FEMALE,0.0021610360609134894
31,45-49,FEMALE,0.00035236181324356904
37,55-59,MALE,0.007736067189882392
24,0-4,MALE,0.010179470863576729
37,25-29,MALE,0.011785059155108584
15,30-34,MALE,0.0016399160838679538
30,50-54,FEMALE,0.00002354031534394757
35,85+,MALE,0.00045681641645601065
49,20-24,FEMALE,0.004290177531814525
09,80-84,MALE,0.002285524400782399
39,30-34,FEMALE,0.005845093275022095
49,20-24,MALE,0.005825367790022916
19,65-69,FEMALE,0.00034209186193595993
09,20-24,FEMALE,0.0022113662334950733
06,50-54,MALE,0.4051146536705537
16,80-84,FEMALE,0.00008879918026774112
02,65-69,MALE,0.000025824182157244765
30,40-44,FEMALE,0.000013364321282934772
48,85+,FEMALE,0.1090879241510096
22,15-19,FEMALE,0.0006727377766060159
18,15-19,MALE,0.003341131929172996
23,65-69,MALE,0.000022351193874405113
09,60-64,MALE,0.0014243652684864292
06,65-69,MALE,0.4136015880636664
51,10-14,MALE,0.01959572595824788
36,85+,FEMALE,0.08843923828057691
31,35-39,FEMALE,0.00014668765457872036
19,70-74,MALE,0.0002717654746775194
54,10-14,FEMALE,2.72077248681804e-6
39,60-64,MALE,0.00648450763076584
01,15-19,FEMALE,0.0006403758830678333
28,75-79,MALE,0.00012200349662786496
19,30-34,MALE,0.0004658606585061231
33,55-59,MALE,0.00009184872226721762
53,15-19,MALE,0.01486342733711061
48,20-24,MALE,0.16499301189878132
56,50-54,MALE,2.427351328642651e-6
31,85+,FEMALE,0.0002467740309269884
39,40-44,MALE,0.006854229586193193
40,60-64,MALE,0.00047012135629919706
40,10-14,MALE,0.0010664067576351102
29,10-14,MALE,0.001655147775950845
55,35-39,FEMALE,0.001137515073300277
72,30-34,MALE,0.000030669648045509827
36,45-49,FEMALE,0.10399916082813318
37,65-69,MALE,0.00769819105086376
53,0-4,FEMALE,0.017835692652123595
06,35-39,FEMALE,0.41207141316350365
38,40-44,FEMALE,0.00002716318590717955
49,65-69,FEMALE,0.0010596334759931162
28,65-69,FEMALE,0.00005535790869309793
32,25-29,MALE,0.0009497703828589752
32,45-49,FEMALE,0.0013896923639086954
11,50-54,MALE,0.00041481201874836465
34,80-84,MALE,0.019951039718668503
01,5-9,MALE,0.000730002070802596
08,85+,FEMALE,0.004036127422130443
30,10-14,MALE,0.00001808513872450155
18,85+,FEMALE,0.0019171176216527
08,0-4,MALE,0.0053642541915731486
54,70-74,MALE,0.00003071500430702561
21,50-54,MALE,0.0007364259228313959
49,80-84,MALE,0.0010514213078630843
32,40-44,MALE,0.0010409958464386512
16,70-74,FEMALE,0.00008016151512983517
21,25-29,MALE,0.0011191014516496918
53,80-84,FEMALE,0.011103665953814337
23,55-59,FEMALE,0.00009845994581549019
41,15-19,MALE,0.0019149702064979676
22,75-79,MALE,0.0006425996110032682
35,65-69,MALE,0.00019098427825576107
56,80-84,MALE,9.580800265993841e-6
55,20-24,MALE,0.0017482338501945787
19,70-74,FEMALE,0.0002442776489977102
36,0-4,FEMALE,0.09962345390951657
54,5-9,FEMALE,2.72077248681804e-6
45,70-74,MALE,0.0007916043253297976
29,80-84,FEMALE,0.001196676427676282
04,45-49,MALE,0.009501893399554023
48,25-29,MALE,0.19060195155993082
33,50-54,FEMALE,0.00012327440654013544
15,35-39,MALE,0.0015828565453919886
39,10-14,MALE,0.006255726393628441
13,30-34,MALE,0.011664512789836223
72,5-9,FEMALE,0.00005348172503966014
48,70-74,FEMALE,0.11221316113837967
05,30-34,FEMALE,0.0003885943657706621
49,60-64,FEMALE,0.0010385610482466859
53,60-64,MALE,0.010863603359792452
53,50-54,FEMALE,0.01330164253450693
32,55-59,FEMALE,0.0022039180058969618
13,30-34,FEMALE,0.010787002763807218
55,45-49,FEMALE,0.0009990452694202073
18,50-54,MALE,0.0016122631856133455
55,60-64,FEMALE,0.0011831030976563145
01,65-69,FEMALE,0.0004147556061133602
39,25-29,FEMALE,0.006387740961926817
04,40-44,FEMALE,0.007468894597588658
11,25-29,FEMALE,0.0008269442321269211
47,10-14,MALE,0.0025175243882893466
49,45-49,FEMALE,0.0007459764042873969
54,55-59,FEMALE,0.00002657138167185117
41,0-4,FEMALE,0.0018137256247983274
38,85+,MALE,0.000017662540642152765
35,60-64,FEMALE,0.00029954336564893576
36,65-69,FEMALE,0.08126238296290898
06,55-59,FEMALE,0.4278353136106162
04,30-34,MALE,0.009752186275240682
16,40-44,MALE,0.00020669641381028452
25,20-24,FEMALE,0.021338645208027383
38,60-64,FEMALE,0.00004126207930171061
18,40-44,FEMALE,0.001742519136819123
17,30-34,FEMALE,0.023872356510128107
10,5-9,MALE,0.00005759921520386214
54,50-54,MALE,0.000013170756831943783
11,85+,MALE,0.00007946308537516998
16,75-79,MALE,0.00014125037912548016
30,40-44,MALE,0.000014743490666957647
08,30-34,FEMALE,0.005418292355684528
20,25-29,MALE,0.0011764368544622573
32,25-29,FEMALE,0.0009866530846593085
42,0-4,FEMALE,0.012258595212595836
46,35-39,MALE,0.000014066188168447716
02,55-59,MALE,0.00003557554177575256
16,45-49,FEMALE,0.00011984445208465128
44,70-74,FEMALE,0.00014832891218190817
10,65-69,MALE,0.00009000914125292922
24,15-19,FEMALE,0.009766645181738453
37,40-44,MALE,0.008958788631106673
15,45-49,MALE,0.0014231082401502705
10,30-34,MALE,0.00012845346840745586
72,55-59,FEMALE,0.00006657895668253413
34,15-19,MALE,0.013762832667983883
17,25-29,MALE,0.024434474003705433
53,15-19,FEMALE,0.015149054657034543
33,40-44,MALE,0.00008619936943293627
50,75-79,MALE,0.000017549057867174334
24,25-29,MALE,0.007487485112661864
41,70-74,MALE,0.0018182625544319437
53,55-59,MALE,0.01262390924378676
51,50-54,MALE,0.015577636045791838
42,70-74,FEMALE,0.010076125162915039
06,5-9,FEMALE,0.4079111664688407
27,0-4,FEMALE,0.004484405836962246
47,80-84,MALE,0.0015701864082434014
33,20-24,MALE,0.0002539640550560032
41,40-44,MALE,0.0016356921763416355
24,0-4,FEMALE,0.011307711360786668
22,80-84,MALE,0.0006425996110032682
42,20-24,MALE,0.014583038190610766
24,5-9,MALE,0.010859386640879343
17,60-64,FEMALE,0.01949602094995978
23,10-14,FEMALE,0.00012025755164035343
24,20-24,FEMALE,0.007181407607157663
18,40-44,MALE,0.0017988566772018696
20,55-59,FEMALE,0.00048214190868969804
25,60-64,FEMALE,0.01293041570973458
36,40-44,FEMALE,0.1030898197013278
09,15-19,FEMALE,0.00254539836684585
12,60-64,FEMALE,0.17920144930311024
56,55-59,MALE,4.795468654440047e-6
41,45-49,FEMALE,0.0016643604523708534
49,45-49,MALE,0.0010116092386493847
24,35-39,MALE,0.008120438579161424
25,75-79,MALE,0.013882631909818328
46,40-44,FEMALE,0.000026241007158734134
47,25-29,FEMALE,0.002257350499187676
22,10-14,MALE,0.0009422451243012638
01,40-44,MALE,0.0008701632719927733
12,65-69,FEMALE,0.23143398891385641
05,75-79,FEMALE,0.00020580298453634155
72,85+,FEMALE,0.00007406469093939549
24,35-39,FEMALE,0.008979758503900101
10,80-84,FEMALE,0.0001168970152451517
32,70-74,FEMALE,0.0008102907128112133
27,15-19,FEMALE,0.0038610798646040887
13,65-69,FEMALE,0.006907109261958058
11,20-24,MALE,0.0004976050227401843
45,40-44,FEMALE,0.0009852622676267584
30,80-84,FEMALE,0.00003314019361025194
46,60-64,FEMALE,5.754248550008952e-6
09,30-34,MALE,0.0021812723850072515
17,5-9,FEMALE,0.018216471616085
50,25-29,FEMALE,0.000010944353854302527
20,20-24,MALE,0.0021862397235406453
13,15-19,FEMALE,0.00948875758343286
25,70-74,FEMALE,0.015286793361208233
56,40-44,FEMALE,3.3681336026829547e-6
08,0-4,FEMALE,0.00476603404975063
18,55-59,FEMALE,0.0021967751790802023
47,30-34,MALE,0.002149970753771003
36,20-24,MALE,0.12310705343758108
16,30-34,FEMALE,0.00013463312212443627
24,40-44,FEMALE,0.009677057697729662
29,70-74,FEMALE,0.0014450415651968203
44,15-19,FEMALE,0.0003191043354137073
50,50-54,FEMALE,0.000028856323484053186
47,25-29,MALE,0.0024787240433891827
04,20-24,MALE,0.010578016466156052
12,15-19,FEMALE,0.1075047944332487
25,80-84,MALE,0.013882631909818328
16,65-69,MALE,0.00016082896483807653
49,5-9,MALE,0.00174720944457236
23,5-9,FEMALE,0.00012025755164035343
10,20-24,MALE,0.00009579755390247843
20,50-54,MALE,0.0007718591145549303
28,20-24,MALE,0.00010210992184655232
35,25-29,MALE,0.0006685882788771064
56,85+,MALE,9.580800265993841e-6
32,15-19,MALE,0.0008101963810161854
31,30-34,FEMALE,0.0002183409572082476
56,25-29,MALE,8.229187963754657e-6
40,50-54,FEMALE,0.0008567498521836987
27,50-54,FEMALE,0.002297426681725332
30,5-9,FEMALE,0.000016457897246793202
17,55-59,FEMALE,0.017483585743191105
39,0-4,MALE,0.007271392846154812
38,50-54,FEMALE,0.000028054758942829486
56,35-39,MALE,3.232909348927572e-6
42,35-39,MALE,0.011271504560137827
16,35-39,MALE,0.000034317359108436716
54,5-9,MALE,4.597326111733604e-6
50,15-19,MALE,0.000054934688576163115
08,60-64,MALE,0.003547973476715832
08,65-69,FEMALE,0.0032716918822357846
05,80-84,FEMALE,0.00020580298453634155
48,35-39,FEMALE,0.17093618271432762
46,50-54,FEMALE,0.00001441612322576291
41,35-39,MALE,0.0017337575994715866
21,30-34,FEMALE,0.0008380651939712197
53,85+,FEMALE,0.011103665953814337
25,35-39,MALE,0.01420750586135167
11,10-14,MALE,0.00028269001775252617
55,15-19,FEMALE,0.0017277751897657383
36,55-59,MALE,0.1003868350289558
12,15-19,MALE,0.10305555307185735
31,15-19,MALE,0.00027269698415608026
39,50-54,MALE,0.007304820799082979
35,5-9,MALE,0.00045709212309340014
39,45-49,FEMALE,0.005770027979492702
19,20-24,MALE,0.0006623463298417605
23,80-84,FEMALE,0.00009771092963804322
08,50-54,FEMALE,0.0036265473462974173
12,30-34,MALE,0.10587988583886028
12,30-34,FEMALE,0.11035609347928683
40,5-9,MALE,0.0010664067576351102
46,20-24,MALE,0.000023571267854363572
28,60-64,FEMALE,0.00016789650096437204
46,75-79,MALE,0.00003739291412418207
47,60-64,FEMALE,0.0013495222671107184
54,50-54,FEMALE,7.712174481423269e-6
24,45-49,FEMALE,0.011510695711005756
34,10-14,MALE,0.015398852018496592
27,45-49,MALE,0.0028927821576161207
24,5-9,FEMALE,0.012050525076755334
38,10-14,FEMALE,0.000029073397430569904
20,85+,FEMALE,0.0006325976385595382
54,25-29,MALE,0.000024028070112147578
42,70-74,MALE,0.010641107870745745
22,5-9,FEMALE,0.0007169912919588783
30,35-39,FEMALE,0.0000159549737270251
42,80-84,MALE,0.015074033541079734
22,85+,MALE,0.0006425996110032682
17,5-9,MALE,0.0177369288224153
29,45-49,FEMALE,0.0012429777271442386
40,25-29,FEMALE,0.0010016914760059149
46,20-24,FEMALE,0.000020471635333613608
23,70-74,MALE,0.00008719241683096547
18,55-59,MALE,0.002272523958167602
49,40-44,FEMALE,0.0008668353423127844
11,15-19,FEMALE,0.00046384014119637206
27,85+,MALE,0.002879276472533198
31,25-29,MALE,0.0002906777828381305
29,25-29,MALE,0.002039487408772477
17,35-39,MALE,0.02121930414409836
35,70-74,FEMALE,0.0005867954191060348
29,15-19,FEMALE,0.0017500172825405975
11,55-59,MALE,0.0003189505937261459
10,60-64,FEMALE,0.000056299681391167486
39,20-24,MALE,0.0073755176052885795
04,50-54,MALE,0.010812741427876223
50,30-34,MALE,9.834300816689828e-6
49,40-44,MALE,0.001174557022322342
33,70-74,FEMALE,0.00006223813044794967
11,30-34,MALE,0.0006034823066769749
09,40-44,MALE,0.002212372146269084
44,5-9,MALE,0.00014512348009574846
23,75-79,FEMALE,0.00009771092963804322
48,80-84,MALE,0.1286888389328275
37,45-49,FEMALE,0.008097990078066901
37,65-69,FEMALE,0.006213954362624372
28,10-14,FEMALE,0.00006887530051038542
47,75-79,FEMALE,0.0014114531129074265
09,55-59,MALE,0.0022281295233699135
31,35-39,MALE,0.00014565192736673086
53,50-54,MALE,0.013142862585588628
24,25-29,FEMALE,0.008279048339632155
44,60-64,FEMALE,0.00019964615980058338
22,30-34,FEMALE,0.0006928787199485008
24,40-44,MALE,0.008754847175090417
20,70-74,MALE,0.0005921641994750603
15,40-44,MALE,0.0013235100312233637
12,10-14,MALE,0.11675813267139154
12,20-24,MALE,0.08515094151979816
27,55-59,MALE,0.002825867952729372
06,10-14,FEMALE,0.4079111664688407
45,40-44,MALE,0.001227095292211629
06,70-74,MALE,0.4078661188204536
30,20-24,MALE,0.00003623098633060034
47,70-74,MALE,0.0009986872432771253
23,35-39,FEMALE,0.000057179525275962045
02,50-54,FEMALE,0.00005704074727913944
16,85+,FEMALE,0.00008879918026774112
20,65-69,FEMALE,0.00038539573977521506
06,30-34,FEMALE,0.421868134172514
32,45-49,MALE,0.0013392840653680478
27,35-39,FEMALE,0.002954447726018924
10,5-9,FEMALE,0.000060430022711302215
72,60-64,FEMALE,0.00004397675444560599
53,35-39,FEMALE,0.014814340866686131
18,80-84,MALE,0.002004350439646082
48,0-4,MALE,0.219397784054916
53,70-74,MALE,0.011131848247424327
19,75-79,FEMALE,0.0003860741511106412
28,75-79,FEMALE,0.00010186748701227792
08,35-39,FEMALE,0.00472195831348602
40,25-29,MALE,0.001128760555523213
01,80-84,MALE,0.0002548476561852568
37,25-29,FEMALE,0.009638730426291178
31,65-69,FEMALE,0.0001984110456495253
27,80-84,FEMALE,0.0029091948372140164
36,80-84,MALE,0.08629236732921003
42,40-44,MALE,0.012106091494536862
30,30-34,MALE,0.000012083457062610388
16,55-59,FEMALE,0.00006319786851961774
27,5-9,MALE,0.0035443082116556513
56,85+,FEMALE,7.84077868321544e-6
49,30-34,MALE,0.0011476533947876839
49,55-59,FEMALE,0.0013349041953344147
02,30-34,MALE,0.00011323192439058808
28,80-84,FEMALE,0.00010186748701227792
37,30-34,FEMALE,0.00933692590379383
01,70-74,MALE,0.0007481036982141613
01,25-29,FEMALE,0.0005176272824836158
50,85+,FEMALE,0.000020947077676479172
11,15-19,MALE,0.0003615651774128866
45,30-34,FEMALE,0.001034507440495988
37,10-14,MALE,0.009000377933499813
37,20-24,MALE,0.013287786259723156
22,70-74,FEMALE,0.0003559467501327871
33,0-4,MALE,0.00013258403949898388
41,65-69,FEMALE,0.0013660460756213997
01,5-9,FEMALE,0.0007050309982107027
39,0-4,FEMALE,0.006599139080582963
32,30-34,MALE,0.0010814574828924839
04,0-4,MALE,0.00856225870864182
27,45-49,FEMALE,0.00295774589065223
55,55-59,FEMALE,0.0016361225961189925
40,15-19,FEMALE,0.0011766585710652107
24,65-69,MALE,0.007185730559955214
27,70-74,FEMALE,0.0030828703212896864
42,80-84,FEMALE,0.014269777725547906
27,85+,FEMALE,0.0029091948372140164
25,15-19,MALE,0.019846704321857003
53,0-4,MALE,0.017418270789855576
16,50-54,MALE,0.0001905636609194737
42,30-34,FEMALE,0.012592623676671699
72,25-29,MALE,0.000019399814273169747
37,50-54,FEMALE,0.007214532315373187
32,85+,FEMALE,0.0015428131953796583
23,10-14,MALE,0.00009231660980569306
20,15-19,FEMALE,0.0007619380439317646
34,45-49,MALE,0.01375819349833513
18,80-84,FEMALE,0.0019171176216527003
44,75-79,FEMALE,0.00021850163696894047
40,20-24,MALE,0.0016078760243308208
30,70-74,MALE,0.000010319068488296466
16,25-29,FEMALE,0.00015519384507249102
32,30-34,FEMALE,0.0011236018843227618
01,35-39,MALE,0.0007592260827649705
36,35-39,MALE,0.106569446047143
15,75-79,MALE,0.0013028841873886548
11,50-54,FEMALE,0.0005287858076242363
15,40-44,FEMALE,0.001115376379825825
02,35-39,MALE,0.00012047465695306198
41,35-39,FEMALE,0.0017710553746039359
46,45-49,FEMALE,0.000013685080767280043
15,25-29,FEMALE,0.0011284136756716998
15,20-24,MALE,0.001641519876788965
41,10-14,FEMALE,0.0017844918187069098
22,25-29,FEMALE,0.0008771616660103426
34,75-79,MALE,0.019951039718668503
24,85+,FEMALE,0.008005607540908533
23,85+,FEMALE,0.00009771092963804322
20,55-59,MALE,0.0007341553098767724
12,65-69,MALE,0.2250143074193413
08,85+,MALE,0.0046235729788652955
38,35-39,FEMALE,0.00002113872531242496
11,70-74,FEMALE,0.0002929194222374506
05,70-74,FEMALE,0.00046590233903760753
15,75-79,FEMALE,0.0010841618696626606
39,70-74,MALE,0.005485230771283875
34,30-34,FEMALE,0.020486417233930406
46,60-64,MALE,6.655385032070096e-6
51,70-74,MALE,0.00863355258379715
21,70-74,MALE,0.0007766138368082202
23,0-4,FEMALE,0.000100900497199593
11,40-44,FEMALE,0.0005867816274871718
36,5-9,MALE,0.09702724574469854
04,80-84,FEMALE,0.010594371302816832
12,70-74,FEMALE,0.23760425288929304
10,25-29,FEMALE,0.00008085219287146738
51,60-64,FEMALE,0.017780184355934293
21,5-9,MALE,0.0008390580594895743
47,15-19,MALE,0.002159423387249366
08,70-74,MALE,0.0038630230943392852
47,35-39,FEMALE,0.0018384238246926022
21,25-29,FEMALE,0.0008000327282445118
24,50-54,FEMALE,0.010547074014269195
37,45-49,MALE,0.009912633717116346
50,0-4,MALE,5.148116855714068e-6
56,5-9,MALE,3.2788891399713805e-6
37,60-64,FEMALE,0.006414931896467147
32,55-59,MALE,0.002126684738412456
54,85+,FEMALE,0.000020279646279924688
29,75-79,MALE,0.0012667572517661783
02,45-49,FEMALE,0.000042123273217018796
15,85+,FEMALE,0.0010841618696626606
34,5-9,MALE,0.015398852018496592
21,40-44,FEMALE,0.0007498283761351223
33,30-34,MALE,0.00009874237307729665
13,65-69,MALE,0.007568816676160457
28,30-34,FEMALE,0.00007893253119791933
30,15-19,MALE,0.000027899679376310815
37,50-54,MALE,0.008883511894317754
51,40-44,FEMALE,0.020217909610714978
24,60-64,MALE,0.00863672515885928
51,5-9,MALE,0.01959572595824788
48,30-34,MALE,0.19404505435804023
44,70-74,MALE,0.00010881420601957228
19,60-64,MALE,0.0005087385369794923
09,30-34,FEMALE,0.0023167452909312602
22,40-44,FEMALE,0.0007221998737784154
36,85+,MALE,0.08629236732921003
50,40-44,FEMALE,0.00004139152138236884
32,75-79,FEMALE,0.0015428131953796583
55,0-4,FEMALE,0.001167669694967398
55,0-4,MALE,0.0011804077230881359
48,5-9,FEMALE,0.18958928820278115
40,15-19,MALE,0.0013267320354202426
35,80-84,FEMALE,0.0003448340785263062
44,20-24,FEMALE,0.00042203197906580685
25,65-69,FEMALE,0.014562438162461966
72,40-44,FEMALE,0.00009903530189575604
29,10-14,FEMALE,0.0015897612825573725
28,15-19,FEMALE,0.00008966974776341389
38,55-59,MALE,0.000033212471211940066
20,20-24,FEMALE,0.001435747209151508
35,35-39,MALE,0.0006084211457700123
44,35-39,MALE,0.0001772298836390066
05,10-14,FEMALE,0.000275347950366774
54,40-44,FEMALE,0.000014710222059910495
56,75-79,MALE,9.580800265993841e-6
36,60-64,MALE,0.09305942953730058
38,30-34,FEMALE,0.000024645558214807815
42,50-54,MALE,0.010875510783038299
37,70-74,MALE,0.006234517636073808
29,25-29,FEMALE,0.0019519106843880758
48,10-14,FEMALE,0.18958928820278115
38,0-4,FEMALE,0.00002829803237875211
