GEOID,AGE_GROUP,SEX,index,MORTALITY_RATE_100K
01,0-4,FEMALE,109549.0,161.24
01,0-4,MALE,109548.0,203.62000000000003
02,0-4,FEMALE,109551.0,131.36
02,0-4,MALE,109550.0,169.82
04,0-4,FEMALE,109553.0,122.28000000000002
04,0-4,MALE,109552.0,145.14
05,0-4,FEMALE,109555.0,174.14
05,0-4,MALE,109554.0,195.52
06,0-4,FEMALE,109557.0,85.5
06,0-4,MALE,109556.0,101.08000000000001
08,0-4,FEMALE,109559.0,102.58000000000001
08,0-4,MALE,109558.0,115.16000000000001
09,0-4,FEMALE,109561.0,87.4
09,0-4,MALE,109560.0,116.92
10,0-4,FEMALE,109563.0,137.58
10,0-4,MALE,109562.0,151.6
11,0-4,FEMALE,109565.0,122.42
11,0-4,MALE,109564.0,137.56
12,0-4,FEMALE,109567.0,127.60000000000001
12,0-4,MALE,109566.0,154.0
13,0-4,FEMALE,109569.0,148.28
13,0-4,MALE,109568.0,170.82
15,0-4,FEMALE,109571.0,103.24000000000001
15,0-4,MALE,109570.0,130.35999999999999
16,0-4,FEMALE,109573.0,110.64
16,0-4,MALE,109572.0,123.92000000000002
17,0-4,FEMALE,109575.0,116.9
17,0-4,MALE,109574.0,140.01999999999998
18,0-4,FEMALE,109577.0,145.72000000000003
18,0-4,MALE,109576.0,174.14000000000001
19,0-4,FEMALE,109579.0,94.16
19,0-4,MALE,109578.0,132.62
20,0-4,FEMALE,109581.0,128.56
20,0-4,MALE,109580.0,150.42000000000002
21,0-4,FEMALE,109583.0,137.58
21,0-4,MALE,109582.0,152.26000000000002
22,0-4,FEMALE,109585.0,168.56
22,0-4,MALE,109584.0,194.64000000000004
23,0-4,FEMALE,109587.0,129.64
23,0-4,MALE,109586.0,136.24
24,0-4,FEMALE,109589.0,128.16
24,0-4,MALE,109588.0,144.04000000000002
25,0-4,FEMALE,109591.0,68.8
25,0-4,MALE,109590.0,88.48
26,0-4,FEMALE,109593.0,135.54
26,0-4,MALE,109592.0,158.58
27,0-4,FEMALE,109595.0,100.34000000000002
27,0-4,MALE,109594.0,116.08000000000001
28,0-4,FEMALE,109597.0,186.92000000000002
28,0-4,MALE,109596.0,240.76
29,0-4,FEMALE,109599.0,130.94
29,0-4,MALE,109598.0,159.12000000000003
30,0-4,FEMALE,109601.0,109.24000000000001
30,0-4,MALE,109600.0,138.94
31,0-4,FEMALE,109603.0,118.36
31,0-4,MALE,109602.0,144.54000000000002
32,0-4,FEMALE,109605.0,109.04
32,0-4,MALE,109604.0,137.3
33,0-4,FEMALE,109607.0,77.60000000000001
33,0-4,MALE,109606.0,97.42000000000002
34,0-4,FEMALE,109609.0,80.18
34,0-4,MALE,109608.0,98.84000000000002
35,0-4,FEMALE,109611.0,118.24000000000001
35,0-4,MALE,109610.0,136.56
36,0-4,FEMALE,109613.0,86.12
36,0-4,MALE,109612.0,104.52000000000001
37,0-4,FEMALE,109615.0,145.56
37,0-4,MALE,109614.0,174.94000000000003
38,0-4,FEMALE,109617.0,97.92
38,0-4,MALE,109616.0,141.46
39,0-4,FEMALE,109619.0,147.72
39,0-4,MALE,109618.0,176.02
40,0-4,FEMALE,109621.0,146.06000000000003
40,0-4,MALE,109620.0,174.44
41,0-4,FEMALE,109623.0,85.76
41,0-4,MALE,109622.0,111.8
42,0-4,FEMALE,109625.0,120.86000000000001
42,0-4,MALE,109624.0,142.16000000000003
44,0-4,FEMALE,109627.0,86.88000000000001
44,0-4,MALE,109626.0,120.84
45,0-4,FEMALE,109629.0,155.98000000000002
45,0-4,MALE,109628.0,175.45999999999998
46,0-4,FEMALE,109631.0,163.22
46,0-4,MALE,109630.0,165.9
47,0-4,FEMALE,109633.0,136.44
47,0-4,MALE,109632.0,179.54
48,0-4,FEMALE,109635.0,121.28000000000002
48,0-4,MALE,109634.0,144.48000000000002
49,0-4,FEMALE,109637.0,108.50000000000001
49,0-4,MALE,109636.0,127.91999999999999
50,0-4,FEMALE,109639.0,68.7
50,0-4,MALE,109638.0,91.47999999999999
51,0-4,FEMALE,109641.0,125.20000000000002
51,0-4,MALE,109640.0,145.0
53,0-4,FEMALE,109643.0,96.0
53,0-4,MALE,109642.0,112.04
54,0-4,FEMALE,109645.0,137.58
54,0-4,MALE,109644.0,180.18
55,0-4,FEMALE,109647.0,127.82
55,0-4,MALE,109646.0,138.04000000000002
56,0-4,FEMALE,109649.0,125.26
56,0-4,MALE,109648.0,130.08
01,5-9,FEMALE,1123.0,15.699999999999998
01,5-9,MALE,1122.0,19.9
02,5-9,FEMALE,2636.0,10.0
02,5-9,MALE,2635.0,23.8
04,5-9,FEMALE,3265.0,10.2
04,5-9,MALE,3264.0,14.3
05,5-9,FEMALE,4795.0,14.2
05,5-9,MALE,4794.0,19.1
06,5-9,FEMALE,7056.0,8.2
06,5-9,MALE,7055.0,9.2
08,5-9,FEMALE,9130.0,8.0
08,5-9,MALE,9129.0,12.1
09,5-9,FEMALE,10235.0,6.7
09,5-9,MALE,10234.0,8.4
10,5-9,FEMALE,10303.0,10.5
10,5-9,MALE,10302.0,12.699999999999998
11,5-9,FEMALE,10371.0,10.5
11,5-9,MALE,10370.0,12.7
12,5-9,FEMALE,11527.0,11.3
12,5-9,MALE,11526.0,13.7
13,5-9,FEMALE,15352.0,11.6
13,5-9,MALE,15351.0,15.900000000000002
15,5-9,FEMALE,18123.0,8.7
15,5-9,MALE,18122.0,10.2
16,5-9,FEMALE,18956.0,12.5
16,5-9,MALE,18955.0,13.6
17,5-9,FEMALE,21438.0,11.6
17,5-9,MALE,21437.0,12.4
18,5-9,FEMALE,24736.0,11.6
18,5-9,MALE,24735.0,16.4
19,5-9,FEMALE,29650.5,9.8
19,5-9,MALE,29648.5,15.7
20,5-9,FEMALE,34817.0,14.0
20,5-9,MALE,34816.0,12.3
21,5-9,FEMALE,38642.0,14.5
21,5-9,MALE,38641.0,15.8
22,5-9,FEMALE,41770.0,13.6
22,5-9,MALE,41769.0,19.1
23,5-9,FEMALE,43130.0,7.2
23,5-9,MALE,43129.0,9.2
24,5-9,FEMALE,43810.0,11.5
24,5-9,MALE,43809.0,9.9
25,5-9,FEMALE,44456.0,7.6
25,5-9,MALE,44455.0,8.0
26,5-9,FEMALE,46105.0,11.1
26,5-9,MALE,46104.0,15.1
27,5-9,FEMALE,48995.0,10.1
27,5-9,MALE,48994.0,11.3
28,5-9,FEMALE,51868.0,19.0
28,5-9,MALE,51867.0,24.9
29,5-9,FEMALE,55217.0,11.4
29,5-9,MALE,55216.0,15.7
30,5-9,FEMALE,58124.0,14.5
30,5-9,MALE,58123.0,17.8
31,5-9,FEMALE,60657.0,11.1
31,5-9,MALE,60656.0,13.1
32,5-9,FEMALE,62527.0,12.1
32,5-9,MALE,62526.0,14.2
33,5-9,FEMALE,62986.0,7.2
33,5-9,MALE,62985.0,15.4
34,5-9,FEMALE,63513.0,6.9
34,5-9,MALE,63512.0,7.799999999999999
35,5-9,FEMALE,64431.0,13.3
35,5-9,MALE,64430.0,13.7
36,5-9,FEMALE,66046.0,10.6
36,5-9,MALE,66045.0,11.1
37,5-9,FEMALE,68800.0,12.6
37,5-9,MALE,68799.0,14.8
38,5-9,FEMALE,71401.0,9.6
38,5-9,MALE,71400.0,12.699999999999998
39,5-9,FEMALE,73798.0,10.5
39,5-9,MALE,73797.0,13.9
40,5-9,FEMALE,76586.0,14.5
40,5-9,MALE,76585.0,18.9
41,5-9,FEMALE,78490.0,7.599999999999999
41,5-9,MALE,78489.0,11.3
42,5-9,FEMALE,80241.0,9.8
42,5-9,MALE,80240.0,14.3
44,5-9,FEMALE,81465.0,7.2
44,5-9,MALE,81464.0,9.2
45,5-9,FEMALE,82332.0,14.2
45,5-9,MALE,82331.0,17.8
46,5-9,FEMALE,84219.0,9.6
46,5-9,MALE,84218.0,13.3
47,5-9,FEMALE,86939.0,14.4
47,5-9,MALE,86938.0,16.2
48,5-9,FEMALE,92855.0,10.5
48,5-9,MALE,92854.0,12.6
49,5-9,FEMALE,97649.0,9.7
49,5-9,MALE,97648.0,11.8
50,5-9,FEMALE,98380.0,7.2
50,5-9,MALE,98379.0,9.2
51,5-9,FEMALE,100862.0,10.4
51,5-9,MALE,100861.0,12.3
53,5-9,FEMALE,103769.0,10.4
53,5-9,MALE,103768.0,9.3
54,5-9,FEMALE,105367.0,10.4
54,5-9,MALE,105366.0,13.9
55,5-9,FEMALE,107526.0,11.3
55,5-9,MALE,107525.0,14.1
56,5-9,FEMALE,109141.0,9.6
56,5-9,MALE,109140.0,12.7
01,10-14,FEMALE,1125.0,13.0
01,10-14,MALE,1124.0,31.0
02,10-14,FEMALE,2638.0,17.4
02,10-14,MALE,2637.0,32.5
04,10-14,FEMALE,3267.0,16.5
04,10-14,MALE,3266.0,21.7
05,10-14,FEMALE,4797.0,18.7
05,10-14,MALE,4796.0,28.5
06,10-14,FEMALE,7058.0,10.9
06,10-14,MALE,7057.0,13.6
08,10-14,FEMALE,9132.0,17.1
08,10-14,MALE,9131.0,22.4
09,10-14,FEMALE,10237.0,9.8
09,10-14,MALE,10236.0,11.1
10,10-14,FEMALE,10305.0,15.0
10,10-14,MALE,10304.0,18.2
11,10-14,FEMALE,10373.0,12.3
11,10-14,MALE,10372.0,30.7
12,10-14,FEMALE,11529.0,13.2
12,10-14,MALE,11528.0,19.1
13,10-14,FEMALE,15354.0,15.400000000000002
13,10-14,MALE,15353.0,24.1
15,10-14,FEMALE,18125.0,12.5
15,10-14,MALE,18124.0,20.9
16,10-14,FEMALE,18958.0,16.9
16,10-14,MALE,18957.0,23.3
17,10-14,FEMALE,21440.0,12.4
17,10-14,MALE,21439.0,18.1
18,10-14,FEMALE,24738.0,15.8
18,10-14,MALE,24737.0,22.1
19,10-14,FEMALE,29654.5,13.900000000000002
19,10-14,MALE,29652.5,21.1
20,10-14,FEMALE,34819.0,14.2
20,10-14,MALE,34818.0,23.4
21,10-14,FEMALE,38644.0,18.0
21,10-14,MALE,38643.0,25.0
22,10-14,FEMALE,41772.0,21.6
22,10-14,MALE,41771.0,28.7
23,10-14,FEMALE,43132.0,11.9
23,10-14,MALE,43131.0,21.5
24,10-14,FEMALE,43812.0,12.6
24,10-14,MALE,43811.0,16.9
25,10-14,FEMALE,44458.0,8.3
25,10-14,MALE,44457.0,10.7
26,10-14,FEMALE,46107.0,14.2
26,10-14,MALE,46106.0,19.4
27,10-14,FEMALE,48997.0,12.4
27,10-14,MALE,48996.0,16.3
28,10-14,FEMALE,51870.0,22.2
28,10-14,MALE,51869.0,34.1
29,10-14,FEMALE,55219.0,14.8
29,10-14,MALE,55218.0,25.2
30,10-14,FEMALE,58126.0,22.0
30,10-14,MALE,58125.0,28.2
31,10-14,FEMALE,60659.0,13.6
31,10-14,MALE,60658.0,20.3
32,10-14,FEMALE,62529.0,13.8
32,10-14,MALE,62528.0,19.7
33,10-14,FEMALE,62988.0,14.4
33,10-14,MALE,62987.0,12.1
34,10-14,FEMALE,63515.0,9.6
34,10-14,MALE,63514.0,12.0
35,10-14,FEMALE,64433.0,15.900000000000002
35,10-14,MALE,64432.0,26.1
36,10-14,FEMALE,66048.0,10.6
36,10-14,MALE,66047.0,14.3
37,10-14,FEMALE,68802.0,14.0
37,10-14,MALE,68801.0,21.3
38,10-14,FEMALE,71403.0,16.3
38,10-14,MALE,71402.0,26.5
39,10-14,FEMALE,73800.0,14.3
39,10-14,MALE,73799.0,24.2
40,10-14,FEMALE,76588.0,18.6
40,10-14,MALE,76587.0,29.0
41,10-14,FEMALE,78492.0,10.2
41,10-14,MALE,78491.0,15.199999999999998
42,10-14,FEMALE,80243.0,11.8
42,10-14,MALE,80242.0,19.1
44,10-14,FEMALE,81467.0,10.1
44,10-14,MALE,81466.0,13.5
45,10-14,FEMALE,82334.0,16.4
45,10-14,MALE,82333.0,25.3
46,10-14,FEMALE,84221.0,17.2
46,10-14,MALE,84220.0,24.5
47,10-14,FEMALE,86941.0,15.0
47,10-14,MALE,86940.0,22.3
48,10-14,FEMALE,92857.0,13.9
48,10-14,MALE,92856.0,19.4
49,10-14,FEMALE,97651.0,14.1
49,10-14,MALE,97650.0,18.8
50,10-14,FEMALE,98382.0,10.1
50,10-14,MALE,98381.0,12.1
51,10-14,FEMALE,100864.0,12.4
51,10-14,MALE,100863.0,16.9
53,10-14,FEMALE,103771.0,12.6
53,10-14,MALE,103770.0,18.3
54,10-14,FEMALE,105369.0,13.9
54,10-14,MALE,105368.0,23.7
55,10-14,FEMALE,107528.0,14.399999999999999
55,10-14,MALE,107527.0,19.1
56,10-14,FEMALE,109143.0,16.3
56,10-14,MALE,109142.0,36.8
01,15-19,FEMALE,1127.0,38.8
01,15-19,MALE,1126.0,117.2
02,15-19,FEMALE,2640.0,80.3
02,15-19,MALE,2639.0,127.2
04,15-19,FEMALE,3269.0,41.4
04,15-19,MALE,3268.0,103.7
05,15-19,FEMALE,4799.0,40.7
05,15-19,MALE,4798.0,117.1
06,15-19,FEMALE,7060.0,26.4
06,15-19,MALE,7059.0,63.5
08,15-19,FEMALE,9134.0,39.4
08,15-19,MALE,9133.0,98.8
09,15-19,FEMALE,10239.0,21.3
09,15-19,MALE,10238.0,52.1
10,15-19,FEMALE,10307.0,30.100000000000005
10,15-19,MALE,10306.0,85.8
11,15-19,FEMALE,10375.0,33.2
11,15-19,MALE,10374.0,156.2
12,15-19,FEMALE,11531.0,32.8
12,15-19,MALE,11530.0,80.4
13,15-19,FEMALE,15356.0,38.0
13,15-19,MALE,15355.0,93.4
15,15-19,FEMALE,18127.0,20.5
15,15-19,MALE,18126.0,51.9
16,15-19,FEMALE,18960.0,35.6
16,15-19,MALE,18959.0,77.5
17,15-19,FEMALE,21442.0,30.3
17,15-19,MALE,21441.0,87.0
18,15-19,FEMALE,24740.0,37.6
18,15-19,MALE,24739.0,99.3
19,15-19,FEMALE,29658.5,31.0
19,15-19,MALE,29656.5,65.8
20,15-19,FEMALE,34821.0,43.4
20,15-19,MALE,34820.0,98.9
21,15-19,FEMALE,38646.0,44.2
21,15-19,MALE,38645.0,94.1
22,15-19,FEMALE,41774.0,50.7
22,15-19,MALE,41773.0,144.3
23,15-19,FEMALE,43134.0,30.5
23,15-19,MALE,43133.0,64.0
24,15-19,FEMALE,43814.0,28.8
24,15-19,MALE,43813.0,78.7
25,15-19,FEMALE,44460.0,16.8
25,15-19,MALE,44459.0,41.0
26,15-19,FEMALE,46109.0,30.4
26,15-19,MALE,46108.0,68.7
27,15-19,FEMALE,48999.0,35.5
27,15-19,MALE,48998.0,63.3
28,15-19,FEMALE,51872.0,46.9
28,15-19,MALE,51871.0,144.5
29,15-19,FEMALE,55221.0,41.0
29,15-19,MALE,55220.0,113.3
30,15-19,FEMALE,58128.0,63.3
30,15-19,MALE,58127.0,122.6
31,15-19,FEMALE,60661.0,34.3
31,15-19,MALE,60660.0,73.7
32,15-19,FEMALE,62531.0,38.4
32,15-19,MALE,62530.0,85.6
33,15-19,FEMALE,62990.0,18.5
33,15-19,MALE,62989.0,50.1
34,15-19,FEMALE,63517.0,20.6
34,15-19,MALE,63516.0,46.9
35,15-19,FEMALE,64435.0,49.5
35,15-19,MALE,64434.0,129.6
36,15-19,FEMALE,66050.0,20.0
36,15-19,MALE,66049.0,46.4
37,15-19,FEMALE,68804.0,35.2
37,15-19,MALE,68803.0,96.1
38,15-19,FEMALE,71405.0,35.7
38,15-19,MALE,71404.0,81.3
39,15-19,FEMALE,73802.0,30.5
39,15-19,MALE,73801.0,79.4
40,15-19,FEMALE,76590.0,46.9
40,15-19,MALE,76589.0,95.3
41,15-19,FEMALE,78494.0,32.6
41,15-19,MALE,78493.0,76.8
42,15-19,FEMALE,80245.0,26.4
42,15-19,MALE,80244.0,71.1
44,15-19,FEMALE,81469.0,19.0
44,15-19,MALE,81468.0,35.8
45,15-19,FEMALE,82336.0,38.1
45,15-19,MALE,82335.0,111.9
46,15-19,FEMALE,84223.0,59.6
46,15-19,MALE,84222.0,94.1
47,15-19,FEMALE,86943.0,45.5
47,15-19,MALE,86942.0,114.7
48,15-19,FEMALE,92859.0,33.5
48,15-19,MALE,92858.0,88.0
49,15-19,FEMALE,97653.0,28.7
49,15-19,MALE,97652.0,73.0
50,15-19,FEMALE,98384.0,28.8
50,15-19,MALE,98383.0,56.8
51,15-19,FEMALE,100866.0,29.5
51,15-19,MALE,100865.0,79.3
53,15-19,FEMALE,103773.0,34.3
53,15-19,MALE,103772.0,73.5
54,15-19,FEMALE,105371.0,42.3
54,15-19,MALE,105370.0,75.8
55,15-19,FEMALE,107530.0,30.5
55,15-19,MALE,107529.0,71.6
56,15-19,FEMALE,109145.0,45.7
56,15-19,MALE,109144.0,113.8
01,20-24,FEMALE,1129.0,77.8
01,20-24,MALE,1128.0,200.1
02,20-24,FEMALE,2642.0,102.6
02,20-24,MALE,2641.0,214.6
04,20-24,FEMALE,3271.0,63.2
04,20-24,MALE,3270.0,179.7
05,20-24,FEMALE,4801.0,73.6
05,20-24,MALE,4800.0,183.0
06,20-24,FEMALE,7062.0,44.2
06,20-24,MALE,7061.0,128.9
08,20-24,FEMALE,9136.0,59.5
08,20-24,MALE,9135.0,156.3
09,20-24,FEMALE,10241.0,39.0
09,20-24,MALE,10240.0,104.8
10,20-24,FEMALE,10309.0,68.8
10,20-24,MALE,10308.0,167.2
11,20-24,FEMALE,10377.0,41.3
11,20-24,MALE,10376.0,219.0
12,20-24,FEMALE,11533.0,57.0
12,20-24,MALE,11532.0,154.2
13,20-24,FEMALE,15358.0,61.2
13,20-24,MALE,15357.0,172.8
15,20-24,FEMALE,18129.0,39.0
15,20-24,MALE,18128.0,87.9
16,20-24,FEMALE,18962.0,48.5
16,20-24,MALE,18961.0,144.1
17,20-24,FEMALE,21444.0,52.0
17,20-24,MALE,21443.0,145.6
18,20-24,FEMALE,24742.0,68.0
18,20-24,MALE,24741.0,162.2
19,20-24,FEMALE,29662.5,37.8
19,20-24,MALE,29660.5,104.1
20,20-24,FEMALE,34823.0,50.3
20,20-24,MALE,34822.0,139.6
21,20-24,FEMALE,38648.0,75.4
21,20-24,MALE,38647.0,170.4
22,20-24,FEMALE,41776.0,82.8
22,20-24,MALE,41775.0,235.4
23,20-24,FEMALE,43136.0,42.1
23,20-24,MALE,43135.0,140.2
24,20-24,FEMALE,43816.0,53.4
24,20-24,MALE,43815.0,173.30000000000004
25,20-24,FEMALE,44462.0,31.0
25,20-24,MALE,44461.0,86.6
26,20-24,FEMALE,46111.0,54.0
26,20-24,MALE,46110.0,128.2
27,20-24,FEMALE,49001.0,48.8
27,20-24,MALE,49000.0,120.3
28,20-24,FEMALE,51874.0,91.5
28,20-24,MALE,51873.0,235.0
29,20-24,FEMALE,55223.0,72.3
29,20-24,MALE,55222.0,187.9
30,20-24,FEMALE,58130.0,61.8
30,20-24,MALE,58129.0,149.3
31,20-24,FEMALE,60663.0,49.6
31,20-24,MALE,60662.0,112.7
32,20-24,FEMALE,62533.0,65.4
32,20-24,MALE,62532.0,164.1
33,20-24,FEMALE,62992.0,50.9
33,20-24,MALE,62991.0,100.3
34,20-24,FEMALE,63519.0,39.5
34,20-24,MALE,63518.0,103.29999999999998
35,20-24,FEMALE,64437.0,86.3
35,20-24,MALE,64436.0,224.0
36,20-24,FEMALE,66052.0,37.0
36,20-24,MALE,66051.0,102.8
37,20-24,FEMALE,68806.0,69.1
37,20-24,MALE,68805.0,173.4
38,20-24,FEMALE,71407.0,56.0
38,20-24,MALE,71406.0,123.59999999999998
39,20-24,FEMALE,73804.0,63.0
39,20-24,MALE,73803.0,154.1
40,20-24,FEMALE,76592.0,63.199999999999996
40,20-24,MALE,76591.0,147.2
41,20-24,FEMALE,78496.0,45.3
41,20-24,MALE,78495.0,141.1
42,20-24,FEMALE,80247.0,50.3
42,20-24,MALE,80246.0,142.2
44,20-24,FEMALE,81471.0,38.9
44,20-24,MALE,81470.0,90.1
45,20-24,FEMALE,82338.0,76.7
45,20-24,MALE,82337.0,207.0
46,20-24,FEMALE,84225.0,67.0
46,20-24,MALE,84224.0,151.4
47,20-24,FEMALE,86945.0,80.1
47,20-24,MALE,86944.0,213.3
48,20-24,FEMALE,92861.0,55.1
48,20-24,MALE,92860.0,148.0
49,20-24,FEMALE,97655.0,37.2
49,20-24,MALE,97654.0,104.6
50,20-24,FEMALE,98386.0,41.8
50,20-24,MALE,98385.0,97.3
51,20-24,FEMALE,100868.0,53.0
51,20-24,MALE,100867.0,139.5
53,20-24,FEMALE,103775.0,51.1
53,20-24,MALE,103774.0,129.0
54,20-24,FEMALE,105373.0,70.9
54,20-24,MALE,105372.0,169.9
55,20-24,FEMALE,107532.0,47.0
55,20-24,MALE,107531.0,121.40000000000002
56,20-24,FEMALE,109147.0,62.5
56,20-24,MALE,109146.0,166.2
01,25-29,FEMALE,1131.0,97.4
01,25-29,MALE,1130.0,271.2
02,25-29,FEMALE,2644.0,150.7
02,25-29,MALE,2643.0,218.9
04,25-29,FEMALE,3273.0,89.5
04,25-29,MALE,3272.0,239.7
05,25-29,FEMALE,4803.0,94.2
05,25-29,MALE,4802.0,217.2
06,25-29,FEMALE,7064.0,56.5
06,25-29,MALE,7063.0,165.8
08,25-29,FEMALE,9138.0,71.0
08,25-29,MALE,9137.0,189.5
09,25-29,FEMALE,10243.0,60.7
09,25-29,MALE,10242.0,167.1
10,25-29,FEMALE,10311.0,87.40000000000002
10,25-29,MALE,10310.0,245.5
11,25-29,FEMALE,10379.0,44.5
11,25-29,MALE,10378.0,193.7
12,25-29,FEMALE,11535.0,85.8
12,25-29,MALE,11534.0,206.4
13,25-29,FEMALE,15360.0,86.2
13,25-29,MALE,15359.0,205.5
15,25-29,FEMALE,18131.0,47.2
15,25-29,MALE,18130.0,113.0
16,25-29,FEMALE,18964.0,68.5
16,25-29,MALE,18963.0,156.8
17,25-29,FEMALE,21446.0,69.1
17,25-29,MALE,21445.0,196.2
18,25-29,FEMALE,24744.0,95.7
18,25-29,MALE,24743.0,230.7
19,25-29,FEMALE,29666.5,61.89999999999999
19,25-29,MALE,29664.5,142.3
20,25-29,FEMALE,34825.0,74.1
20,25-29,MALE,34824.0,185.3
21,25-29,FEMALE,38650.0,107.2
21,25-29,MALE,38649.0,226.9
22,25-29,FEMALE,41778.0,106.6
22,25-29,MALE,41777.0,289.6
23,25-29,FEMALE,43138.0,83.7
23,25-29,MALE,43137.0,190.1
24,25-29,FEMALE,43818.0,84.3
24,25-29,MALE,43817.0,229.1
25,25-29,FEMALE,44464.0,52.8
25,25-29,MALE,44463.0,135.3
26,25-29,FEMALE,46113.0,87.6
26,25-29,MALE,46112.0,187.0
27,25-29,FEMALE,49003.0,58.9
27,25-29,MALE,49002.0,158.2
28,25-29,FEMALE,51876.0,120.19999999999999
28,25-29,MALE,51875.0,290.1
29,25-29,FEMALE,55225.0,97.1
29,25-29,MALE,55224.0,247.6
30,25-29,FEMALE,58132.0,85.7
30,25-29,MALE,58131.0,187.9
31,25-29,FEMALE,60665.0,61.2
31,25-29,MALE,60664.0,140.9
32,25-29,FEMALE,62535.0,81.9
32,25-29,MALE,62534.0,187.7
33,25-29,FEMALE,62994.0,79.9
33,25-29,MALE,62993.0,173.1
34,25-29,FEMALE,63521.0,63.2
34,25-29,MALE,63520.0,163.9
35,25-29,FEMALE,64439.0,154.7
35,25-29,MALE,64438.0,340.1
36,25-29,FEMALE,66054.0,55.5
36,25-29,MALE,66053.0,140.0
37,25-29,FEMALE,68808.0,98.3
37,25-29,MALE,68807.0,239.4
38,25-29,FEMALE,71409.0,77.59999999999998
38,25-29,MALE,71408.0,181.4
39,25-29,FEMALE,73806.0,98.9
39,25-29,MALE,73805.0,222.0
40,25-29,FEMALE,76594.0,100.2
40,25-29,MALE,76593.0,202.9
41,25-29,FEMALE,78498.0,64.3
41,25-29,MALE,78497.0,163.8
42,25-29,FEMALE,80249.0,83.5
42,25-29,MALE,80248.0,204.7
44,25-29,FEMALE,81473.0,63.6
44,25-29,MALE,81472.0,136.6
45,25-29,FEMALE,82340.0,104.4
45,25-29,MALE,82339.0,268.7
46,25-29,FEMALE,84227.0,99.5
46,25-29,MALE,84226.0,197.2
47,25-29,FEMALE,86947.0,112.0
47,25-29,MALE,86946.0,259.1
48,25-29,FEMALE,92863.0,68.2
48,25-29,MALE,92862.0,171.0
49,25-29,FEMALE,97657.0,60.2
49,25-29,MALE,97656.0,128.9
50,25-29,FEMALE,98388.0,73.8
50,25-29,MALE,98387.0,176.3
51,25-29,FEMALE,100870.0,76.7
51,25-29,MALE,100869.0,168.8
53,25-29,FEMALE,103777.0,57.7
53,25-29,MALE,103776.0,156.3
54,25-29,FEMALE,105375.0,149.1
54,25-29,MALE,105374.0,288.1
55,25-29,FEMALE,107534.0,70.4
55,25-29,MALE,107533.0,170.9
56,25-29,FEMALE,109149.0,87.3
56,25-29,MALE,109148.0,210.9
01,30-34,FEMALE,1133.0,162.0
01,30-34,MALE,1132.0,338.3
02,30-34,FEMALE,2646.0,215.3
02,30-34,MALE,2645.0,307.6
04,30-34,FEMALE,3275.0,135.3
04,30-34,MALE,3274.0,300.2
05,30-34,FEMALE,4805.0,143.1
05,30-34,MALE,4804.0,284.4
06,30-34,FEMALE,7066.0,77.4
06,30-34,MALE,7065.0,197.2
08,30-34,FEMALE,9140.0,99.4
08,30-34,MALE,9139.0,225.8
09,30-34,FEMALE,10245.0,96.0
09,30-34,MALE,10244.0,230.5
10,30-34,FEMALE,10313.0,141.9
10,30-34,MALE,10312.0,309.1
11,30-34,FEMALE,10381.0,71.8
11,30-34,MALE,10380.0,209.8
12,30-34,FEMALE,11537.0,123.30000000000001
12,30-34,MALE,11536.0,258.1
13,30-34,FEMALE,15362.0,122.29999999999998
13,30-34,MALE,15361.0,257.9
15,30-34,FEMALE,18133.0,70.7
15,30-34,MALE,18132.0,163.9
16,30-34,FEMALE,18966.0,88.1
16,30-34,MALE,18965.0,195.7
17,30-34,FEMALE,21448.0,93.9
17,30-34,MALE,21447.0,227.6
18,30-34,FEMALE,24746.0,139.2
18,30-34,MALE,24745.0,285.9
19,30-34,FEMALE,29670.5,83.6
19,30-34,MALE,29668.5,184.09999999999997
20,30-34,FEMALE,34827.0,112.4
20,30-34,MALE,34826.0,239.2
21,30-34,FEMALE,38652.0,162.4
21,30-34,MALE,38651.0,330.1
22,30-34,FEMALE,41780.0,166.8
22,30-34,MALE,41779.0,356.3
23,30-34,FEMALE,43140.0,110.0
23,30-34,MALE,43139.0,272.1
24,30-34,FEMALE,43820.0,111.0
24,30-34,MALE,43819.0,275.0
25,30-34,FEMALE,44466.0,85.3
25,30-34,MALE,44465.0,190.8
26,30-34,FEMALE,46115.0,123.9
26,30-34,MALE,46114.0,254.1
27,30-34,FEMALE,49005.0,91.2
27,30-34,MALE,49004.0,186.7
28,30-34,FEMALE,51878.0,173.2
28,30-34,MALE,51877.0,362.4
29,30-34,FEMALE,55227.0,136.0
29,30-34,MALE,55226.0,297.3
30,30-34,FEMALE,58134.0,136.5
30,30-34,MALE,58133.0,268.3
31,30-34,FEMALE,60667.0,87.2
31,30-34,MALE,60666.0,180.9
32,30-34,FEMALE,62537.0,106.7
32,30-34,MALE,62536.0,231.6
33,30-34,FEMALE,62996.0,112.1
33,30-34,MALE,62995.0,223.2
34,30-34,FEMALE,63523.0,89.2
34,30-34,MALE,63522.0,208.09999999999997
35,30-34,FEMALE,64441.0,237.5
35,30-34,MALE,64440.0,472.7
36,30-34,FEMALE,66056.0,80.5
36,30-34,MALE,66055.0,183.0
37,30-34,FEMALE,68810.0,132.6
37,30-34,MALE,68809.0,291.3
38,30-34,FEMALE,71411.0,130.0
38,30-34,MALE,71410.0,242.4
39,30-34,FEMALE,73808.0,141.6
39,30-34,MALE,73807.0,287.6
40,30-34,FEMALE,76596.0,134.6
40,30-34,MALE,76595.0,286.1
41,30-34,FEMALE,78500.0,91.9
41,30-34,MALE,78499.0,213.7
42,30-34,FEMALE,80251.0,110.6
42,30-34,MALE,80250.0,251.80000000000004
44,30-34,FEMALE,81475.0,78.5
44,30-34,MALE,81474.0,200.8
45,30-34,FEMALE,82342.0,149.5
45,30-34,MALE,82341.0,325.5
46,30-34,FEMALE,84229.0,140.8
46,30-34,MALE,84228.0,250.7
47,30-34,FEMALE,86949.0,166.5
47,30-34,MALE,86948.0,347.2
48,30-34,FEMALE,92865.0,90.1
48,30-34,MALE,92864.0,205.6
49,30-34,FEMALE,97659.0,86.9
49,30-34,MALE,97658.0,173.4
50,30-34,FEMALE,98390.0,103.1
50,30-34,MALE,98389.0,278.9
51,30-34,FEMALE,100872.0,102.2
51,30-34,MALE,100871.0,214.4
53,30-34,FEMALE,103779.0,84.9
53,30-34,MALE,103778.0,183.7
54,30-34,FEMALE,105377.0,224.5
54,30-34,MALE,105376.0,411.4
55,30-34,FEMALE,107536.0,110.0
55,30-34,MALE,107535.0,228.19999999999996
56,30-34,FEMALE,109151.0,128.9
56,30-34,MALE,109150.0,265.5
01,35-39,FEMALE,1135.0,220.2
01,35-39,MALE,1134.0,430.8
02,35-39,FEMALE,2648.0,221.3
02,35-39,MALE,2647.0,379.6
04,35-39,FEMALE,3277.0,168.8
04,35-39,MALE,3276.0,359.1
05,35-39,FEMALE,4807.0,212.5
05,35-39,MALE,4806.0,363.2
06,35-39,FEMALE,7068.0,102.1
06,35-39,MALE,7067.0,232.9
08,35-39,FEMALE,9142.0,128.3
08,35-39,MALE,9141.0,264.3
09,35-39,FEMALE,10247.0,118.5
09,35-39,MALE,10246.0,277.7
10,35-39,FEMALE,10315.0,190.5
10,35-39,MALE,10314.0,357.0
11,35-39,FEMALE,10383.0,124.8
11,35-39,MALE,10382.0,251.9
12,35-39,FEMALE,11539.0,161.4
12,35-39,MALE,11538.0,308.3
13,35-39,FEMALE,15364.0,165.8
13,35-39,MALE,15363.0,306.1
15,35-39,FEMALE,18135.0,100.5
15,35-39,MALE,18134.0,215.5
16,35-39,FEMALE,18968.0,124.8
16,35-39,MALE,18967.0,224.8
17,35-39,FEMALE,21450.0,126.6
17,35-39,MALE,21449.0,261.9
18,35-39,FEMALE,24748.0,174.5
18,35-39,MALE,24747.0,327.1
19,35-39,FEMALE,29674.5,116.20000000000002
19,35-39,MALE,29672.5,218.40000000000003
20,35-39,FEMALE,34829.0,141.7
20,35-39,MALE,34828.0,262.9
21,35-39,FEMALE,38654.0,238.8
21,35-39,MALE,38653.0,427.9
22,35-39,FEMALE,41782.0,215.7
22,35-39,MALE,41781.0,448.5
23,35-39,FEMALE,43142.0,161.9
23,35-39,MALE,43141.0,361.0
24,35-39,FEMALE,43822.0,141.2
24,35-39,MALE,43821.0,306.0
25,35-39,FEMALE,44468.0,115.9
25,35-39,MALE,44467.0,237.9
26,35-39,FEMALE,46117.0,166.9
26,35-39,MALE,46116.0,301.7
27,35-39,FEMALE,49007.0,105.9
27,35-39,MALE,49006.0,209.8
28,35-39,FEMALE,51880.0,237.39999999999998
28,35-39,MALE,51879.0,449.79999999999995
29,35-39,FEMALE,55229.0,173.3
29,35-39,MALE,55228.0,347.0
30,35-39,FEMALE,58136.0,175.1
30,35-39,MALE,58135.0,294.3
31,35-39,FEMALE,60669.0,121.5
31,35-39,MALE,60668.0,206.6
32,35-39,FEMALE,62539.0,155.3
32,35-39,MALE,62538.0,283.4
33,35-39,FEMALE,62998.0,142.7
33,35-39,MALE,62997.0,274.6
34,35-39,FEMALE,63525.0,114.79999999999998
34,35-39,MALE,63524.0,240.3
35,35-39,FEMALE,64443.0,261.1
35,35-39,MALE,64442.0,548.8
36,35-39,FEMALE,66058.0,109.3
36,35-39,MALE,66057.0,236.2
37,35-39,FEMALE,68812.0,167.3
37,35-39,MALE,68811.0,332.5
38,35-39,FEMALE,71413.0,145.4
38,35-39,MALE,71412.0,279.1
39,35-39,FEMALE,73810.0,186.7
39,35-39,MALE,73809.0,343.1
40,35-39,FEMALE,76598.0,194.5
40,35-39,MALE,76597.0,346.7
41,35-39,FEMALE,78502.0,124.80000000000001
41,35-39,MALE,78501.0,242.5
42,35-39,FEMALE,80253.0,148.0
42,35-39,MALE,80252.0,299.1
44,35-39,FEMALE,81477.0,128.2
44,35-39,MALE,81476.0,234.4
45,35-39,FEMALE,82344.0,198.0
45,35-39,MALE,82343.0,385.2
46,35-39,FEMALE,84231.0,201.9
46,35-39,MALE,84230.0,305.8
47,35-39,FEMALE,86951.0,217.2
47,35-39,MALE,86950.0,426.2
48,35-39,FEMALE,92867.0,131.4
48,35-39,MALE,92866.0,248.5
49,35-39,FEMALE,97661.0,122.2
49,35-39,MALE,97660.0,232.4
50,35-39,FEMALE,98392.0,167.2
50,35-39,MALE,98391.0,289.5
51,35-39,FEMALE,100874.0,130.9
51,35-39,MALE,100873.0,253.0
53,35-39,FEMALE,103781.0,112.3
53,35-39,MALE,103780.0,221.0
54,35-39,FEMALE,105379.0,294.5
54,35-39,MALE,105378.0,538.5
55,35-39,FEMALE,107538.0,137.0
55,35-39,MALE,107537.0,263.3
56,35-39,FEMALE,109153.0,144.0
56,35-39,MALE,109152.0,326.9
01,40-44,FEMALE,1137.0,301.6
01,40-44,MALE,1136.0,555.9
02,40-44,FEMALE,2650.0,276.8
02,40-44,MALE,2649.0,400.1
04,40-44,FEMALE,3279.0,208.2
04,40-44,MALE,3278.0,409.0
05,40-44,FEMALE,4809.0,294.4
05,40-44,MALE,4808.0,481.4
06,40-44,FEMALE,7070.0,144.1
06,40-44,MALE,7069.0,290.1
08,40-44,FEMALE,9144.0,170.0
08,40-44,MALE,9143.0,310.8
09,40-44,FEMALE,10249.0,152.3
09,40-44,MALE,10248.0,316.8
10,40-44,FEMALE,10317.0,237.6
10,40-44,MALE,10316.0,409.7
11,40-44,FEMALE,10385.0,193.2
11,40-44,MALE,10384.0,362.9
12,40-44,FEMALE,11541.0,207.3
12,40-44,MALE,11540.0,369.9
13,40-44,FEMALE,15366.0,224.40000000000003
13,40-44,MALE,15365.0,384.3
15,40-44,FEMALE,18137.0,145.5
15,40-44,MALE,18136.0,292.5
16,40-44,FEMALE,18970.0,167.7
16,40-44,MALE,18969.0,273.3
17,40-44,FEMALE,21452.0,168.9
17,40-44,MALE,21451.0,320.2
18,40-44,FEMALE,24750.0,237.4
18,40-44,MALE,24749.0,393.8
19,40-44,FEMALE,29678.5,163.1
19,40-44,MALE,29676.5,281.0
20,40-44,FEMALE,34831.0,220.2
20,40-44,MALE,34830.0,341.2
21,40-44,FEMALE,38656.0,315.7
21,40-44,MALE,38655.0,533.1
22,40-44,FEMALE,41784.0,303.5
22,40-44,MALE,41783.0,561.8
23,40-44,FEMALE,43144.0,209.6
23,40-44,MALE,43143.0,424.0
24,40-44,FEMALE,43824.0,183.5
24,40-44,MALE,43823.0,348.8
25,40-44,FEMALE,44470.0,142.4
25,40-44,MALE,44469.0,291.9
26,40-44,FEMALE,46119.0,210.9
26,40-44,MALE,46118.0,378.1
27,40-44,FEMALE,49009.0,153.0
27,40-44,MALE,49008.0,249.8
28,40-44,FEMALE,51882.0,339.1
28,40-44,MALE,51881.0,594.7
29,40-44,FEMALE,55231.0,236.0
29,40-44,MALE,55230.0,430.4
30,40-44,FEMALE,58138.0,206.5
30,40-44,MALE,58137.0,365.0
31,40-44,FEMALE,60671.0,149.2
31,40-44,MALE,60670.0,257.4
32,40-44,FEMALE,62541.0,208.7
32,40-44,MALE,62540.0,362.5
33,40-44,FEMALE,63000.0,149.4
33,40-44,MALE,62999.0,302.9
34,40-44,FEMALE,63527.0,141.5
34,40-44,MALE,63526.0,288.5
35,40-44,FEMALE,64445.0,324.4
35,40-44,MALE,64444.0,651.2
36,40-44,FEMALE,66060.0,147.0
36,40-44,MALE,66059.0,301.7
37,40-44,FEMALE,68814.0,224.6
37,40-44,MALE,68813.0,403.1
38,40-44,FEMALE,71415.0,203.9
38,40-44,MALE,71414.0,324.1000000000001
39,40-44,FEMALE,73812.0,238.0
39,40-44,MALE,73811.0,420.9
40,40-44,FEMALE,76600.0,277.2
40,40-44,MALE,76599.0,458.5
41,40-44,FEMALE,78504.0,162.5
41,40-44,MALE,78503.0,310.6
42,40-44,FEMALE,80255.0,199.8
42,40-44,MALE,80254.0,347.8
44,40-44,FEMALE,81479.0,160.7
44,40-44,MALE,81478.0,316.2
45,40-44,FEMALE,82346.0,272.8
45,40-44,MALE,82345.0,476.4
46,40-44,FEMALE,84233.0,212.5
46,40-44,MALE,84232.0,362.9
47,40-44,FEMALE,86953.0,290.3
47,40-44,MALE,86952.0,541.0
48,40-44,FEMALE,92869.0,182.5
48,40-44,MALE,92868.0,317.7
49,40-44,FEMALE,97663.0,167.5
49,40-44,MALE,97662.0,258.7
50,40-44,FEMALE,98394.0,169.9
50,40-44,MALE,98393.0,357.2
51,40-44,FEMALE,100876.0,178.7
51,40-44,MALE,100875.0,299.4
53,40-44,FEMALE,103783.0,162.1
53,40-44,MALE,103782.0,285.7
54,40-44,FEMALE,105381.0,365.0
54,40-44,MALE,105380.0,669.3
55,40-44,FEMALE,107540.0,177.3
55,40-44,MALE,107539.0,290.6
56,40-44,FEMALE,109155.0,191.2
56,40-44,MALE,109154.0,378.3
01,45-49,FEMALE,1139.0,425.7
01,45-49,MALE,1138.0,702.5
02,45-49,FEMALE,2652.0,387.0
02,45-49,MALE,2651.0,464.9
04,45-49,FEMALE,3281.0,286.8
04,45-49,MALE,3280.0,517.5
05,45-49,FEMALE,4811.0,408.7
05,45-49,MALE,4810.0,628.7
06,45-49,FEMALE,7072.0,205.2
06,45-49,MALE,7071.0,380.2
08,45-49,FEMALE,9146.0,233.8
08,45-49,MALE,9145.0,393.6
09,45-49,FEMALE,10251.0,196.8
09,45-49,MALE,10250.0,380.6
10,45-49,FEMALE,10319.0,282.3
10,45-49,MALE,10318.0,542.4
11,45-49,FEMALE,10387.0,311.2
11,45-49,MALE,10386.0,503.4
12,45-49,FEMALE,11543.0,272.2
12,45-49,MALE,11542.0,462.0
13,45-49,FEMALE,15368.0,306.5
13,45-49,MALE,15367.0,509.1
15,45-49,FEMALE,18139.0,217.3
15,45-49,MALE,18138.0,411.1
16,45-49,FEMALE,18972.0,231.7
16,45-49,MALE,18971.0,381.8
17,45-49,FEMALE,21454.0,244.3
17,45-49,MALE,21453.0,442.6
18,45-49,FEMALE,24752.0,321.2
18,45-49,MALE,24751.0,543.3
19,45-49,FEMALE,29682.5,257.0
19,45-49,MALE,29680.5,414.5
20,45-49,FEMALE,34833.0,293.3
20,45-49,MALE,34832.0,448.1
21,45-49,FEMALE,38658.0,424.2
21,45-49,MALE,38657.0,671.2
22,45-49,FEMALE,41786.0,394.5
22,45-49,MALE,41785.0,708.2
23,45-49,FEMALE,43146.0,277.0
23,45-49,MALE,43145.0,491.3
24,45-49,FEMALE,43826.0,238.9
24,45-49,MALE,43825.0,441.1000000000001
25,45-49,FEMALE,44472.0,188.2
25,45-49,MALE,44471.0,348.6
26,45-49,FEMALE,46121.0,286.8
26,45-49,MALE,46120.0,493.5
27,45-49,FEMALE,49011.0,210.6
27,45-49,MALE,49010.0,338.9
28,45-49,FEMALE,51884.0,477.3999999999999
28,45-49,MALE,51883.0,741.8
29,45-49,FEMALE,55233.0,318.0
29,45-49,MALE,55232.0,544.2
30,45-49,FEMALE,58140.0,284.9
30,45-49,MALE,58139.0,472.7
31,45-49,FEMALE,60673.0,251.7
31,45-49,MALE,60672.0,386.3
32,45-49,FEMALE,62543.0,301.1
32,45-49,MALE,62542.0,515.9
33,45-49,FEMALE,63002.0,216.1
33,45-49,MALE,63001.0,404.8
34,45-49,FEMALE,63529.0,202.09999999999997
34,45-49,MALE,63528.0,381.4
35,45-49,FEMALE,64447.0,419.4
35,45-49,MALE,64446.0,771.5
36,45-49,FEMALE,66062.0,209.9
36,45-49,MALE,66061.0,387.0
37,45-49,FEMALE,68816.0,301.9
37,45-49,MALE,68815.0,503.8
38,45-49,FEMALE,71417.0,286.8
38,45-49,MALE,71416.0,492.5
39,45-49,FEMALE,73814.0,329.2
39,45-49,MALE,73813.0,538.1
40,45-49,FEMALE,76602.0,405.6
40,45-49,MALE,76601.0,629.5
41,45-49,FEMALE,78506.0,231.80000000000004
41,45-49,MALE,78505.0,407.7
42,45-49,FEMALE,80257.0,273.1
42,45-49,MALE,80256.0,449.3
44,45-49,FEMALE,81481.0,202.1
44,45-49,MALE,81480.0,399.3
45,45-49,FEMALE,82348.0,370.0
45,45-49,MALE,82347.0,626.1
46,45-49,FEMALE,84235.0,345.9
46,45-49,MALE,84234.0,483.4
47,45-49,FEMALE,86955.0,409.1
47,45-49,MALE,86954.0,692.0
48,45-49,FEMALE,92871.0,264.2
48,45-49,MALE,92870.0,448.6
49,45-49,FEMALE,97665.0,220.6
49,45-49,MALE,97664.0,337.2
50,45-49,FEMALE,98396.0,237.9
50,45-49,MALE,98395.0,418.7
51,45-49,FEMALE,100878.0,247.4
51,45-49,MALE,100877.0,402.6
53,45-49,FEMALE,103785.0,221.4
53,45-49,MALE,103784.0,371.6
54,45-49,FEMALE,105383.0,467.7
54,45-49,MALE,105382.0,797.0
55,45-49,FEMALE,107542.0,235.60000000000002
55,45-49,MALE,107541.0,396.1
56,45-49,FEMALE,109157.0,320.6
56,45-49,MALE,109156.0,471.0
01,50-54,FEMALE,1141.0,598.6
01,50-54,MALE,1140.0,940.8
02,50-54,FEMALE,2654.0,426.5
02,50-54,MALE,2653.0,728.0
04,50-54,FEMALE,3283.0,421.5
04,50-54,MALE,3282.0,731.8
05,50-54,FEMALE,4813.0,593.8
05,50-54,MALE,4812.0,922.7
06,50-54,FEMALE,7074.0,303.8
06,50-54,MALE,7073.0,554.9
08,50-54,FEMALE,9148.0,328.5
08,50-54,MALE,9147.0,562.1
09,50-54,FEMALE,10253.0,299.2
09,50-54,MALE,10252.0,554.2
10,50-54,FEMALE,10321.0,414.8999999999999
10,50-54,MALE,10320.0,754.7999999999998
11,50-54,FEMALE,10389.0,565.0
11,50-54,MALE,10388.0,766.1
12,50-54,FEMALE,11545.0,389.1
12,50-54,MALE,11544.0,667.1
13,50-54,FEMALE,15370.0,459.4
13,50-54,MALE,15369.0,721.9
15,50-54,FEMALE,18141.0,332.7
15,50-54,MALE,18140.0,608.7
16,50-54,FEMALE,18974.0,339.5
16,50-54,MALE,18973.0,541.6
17,50-54,FEMALE,21456.0,362.4
17,50-54,MALE,21455.0,635.8
18,50-54,FEMALE,24754.0,471.0
18,50-54,MALE,24753.0,754.6
19,50-54,FEMALE,29686.5,378.30000000000007
19,50-54,MALE,29684.5,624.4
20,50-54,FEMALE,34835.0,422.4
20,50-54,MALE,34834.0,649.2
21,50-54,FEMALE,38660.0,610.6
21,50-54,MALE,38659.0,977.2
22,50-54,FEMALE,41788.0,561.7
22,50-54,MALE,41787.0,956.4
23,50-54,FEMALE,43148.0,383.5
23,50-54,MALE,43147.0,690.5
24,50-54,FEMALE,43828.0,366.0
24,50-54,MALE,43827.0,623.8
25,50-54,FEMALE,44474.0,289.7
25,50-54,MALE,44473.0,530.0
26,50-54,FEMALE,46123.0,417.9
26,50-54,MALE,46122.0,700.5
27,50-54,FEMALE,49013.0,308.8
27,50-54,MALE,49012.0,504.2
28,50-54,FEMALE,51886.0,630.0
28,50-54,MALE,51885.0,1051.0
29,50-54,FEMALE,55235.0,472.9
29,50-54,MALE,55234.0,780.2
30,50-54,FEMALE,58142.0,429.6
30,50-54,MALE,58141.0,682.3
31,50-54,FEMALE,60675.0,372.4
31,50-54,MALE,60674.0,567.1
32,50-54,FEMALE,62545.0,424.2
32,50-54,MALE,62544.0,709.0
33,50-54,FEMALE,63004.0,306.7
33,50-54,MALE,63003.0,552.1
34,50-54,FEMALE,63531.0,309.7
34,50-54,MALE,63530.0,563.1
35,50-54,FEMALE,64449.0,541.6
35,50-54,MALE,64448.0,970.0
36,50-54,FEMALE,66064.0,319.0
36,50-54,MALE,66063.0,575.8
37,50-54,FEMALE,68818.0,439.4
37,50-54,MALE,68817.0,730.2
38,50-54,FEMALE,71419.0,384.1000000000001
38,50-54,MALE,71418.0,611.1
39,50-54,FEMALE,73816.0,475.6
39,50-54,MALE,73815.0,752.3
40,50-54,FEMALE,76604.0,585.5
40,50-54,MALE,76603.0,924.6999999999999
41,50-54,FEMALE,78508.0,380.3
41,50-54,MALE,78507.0,614.6
42,50-54,FEMALE,80259.0,401.3
42,50-54,MALE,80258.0,652.2
44,50-54,FEMALE,81483.0,340.6
44,50-54,MALE,81482.0,572.3
45,50-54,FEMALE,82350.0,520.7
45,50-54,MALE,82349.0,848.9
46,50-54,FEMALE,84237.0,442.6
46,50-54,MALE,84236.0,650.1
47,50-54,FEMALE,86957.0,585.8
47,50-54,MALE,86956.0,925.9
48,50-54,FEMALE,92873.0,396.2
48,50-54,MALE,92872.0,665.7
49,50-54,FEMALE,97667.0,327.1
49,50-54,MALE,97666.0,487.0
50,50-54,FEMALE,98398.0,323.4
50,50-54,MALE,98397.0,618.8
51,50-54,FEMALE,100880.0,369.4
51,50-54,MALE,100879.0,592.2
53,50-54,FEMALE,103787.0,346.6
53,50-54,MALE,103786.0,568.2
54,50-54,FEMALE,105385.0,690.6
54,50-54,MALE,105384.0,1054.4
55,50-54,FEMALE,107544.0,354.2
55,50-54,MALE,107543.0,588.0
56,50-54,FEMALE,109159.0,440.0
56,50-54,MALE,109158.0,661.3
01,55-59,FEMALE,1143.0,866.1
01,55-59,MALE,1142.0,1400.4
02,55-59,FEMALE,2656.0,651.5
02,55-59,MALE,2655.0,1000.2
04,55-59,FEMALE,3285.0,626.4
04,55-59,MALE,3284.0,1083.4
05,55-59,FEMALE,4815.0,884.0
05,55-59,MALE,4814.0,1382.0
06,55-59,FEMALE,7076.0,463.1
06,55-59,MALE,7075.0,848.6
08,55-59,FEMALE,9150.0,494.3
08,55-59,MALE,9149.0,837.3
09,55-59,FEMALE,10255.0,446.3
09,55-59,MALE,10254.0,800.5
10,55-59,FEMALE,10323.0,589.7
10,55-59,MALE,10322.0,1069.3
11,55-59,FEMALE,10391.0,907.3
11,55-59,MALE,10390.0,1415.5
12,55-59,FEMALE,11547.0,586.3
12,55-59,MALE,11546.0,1008.7999999999998
13,55-59,FEMALE,15372.0,694.4
13,55-59,MALE,15371.0,1115.3
15,55-59,FEMALE,18143.0,449.4
15,55-59,MALE,18142.0,899.3
16,55-59,FEMALE,18976.0,549.2
16,55-59,MALE,18975.0,827.7
17,55-59,FEMALE,21458.0,564.8
17,55-59,MALE,21457.0,963.0
18,55-59,FEMALE,24756.0,710.8
18,55-59,MALE,24755.0,1128.6
19,55-59,FEMALE,29690.5,570.2
19,55-59,MALE,29688.5,943.1000000000001
20,55-59,FEMALE,34837.0,650.9
20,55-59,MALE,34836.0,1023.8
21,55-59,FEMALE,38662.0,906.5
21,55-59,MALE,38661.0,1397.7
22,55-59,FEMALE,41790.0,838.1
22,55-59,MALE,41789.0,1400.6
23,55-59,FEMALE,43150.0,549.1
23,55-59,MALE,43149.0,1027.7
24,55-59,FEMALE,43830.0,568.1
24,55-59,MALE,43829.0,937.5
25,55-59,FEMALE,44476.0,436.7
25,55-59,MALE,44475.0,769.8
26,55-59,FEMALE,46125.0,631.7
26,55-59,MALE,46124.0,1045.7
27,55-59,FEMALE,49015.0,451.5
27,55-59,MALE,49014.0,754.5
28,55-59,FEMALE,51888.0,985.7999999999998
28,55-59,MALE,51887.0,1542.0
29,55-59,FEMALE,55237.0,738.8
29,55-59,MALE,55236.0,1191.6
30,55-59,FEMALE,58144.0,604.2
30,55-59,MALE,58143.0,955.0
31,55-59,FEMALE,60677.0,560.6
31,55-59,MALE,60676.0,893.4
32,55-59,FEMALE,62547.0,641.3
32,55-59,MALE,62546.0,1087.3
33,55-59,FEMALE,63006.0,463.2
33,55-59,MALE,63005.0,794.3
34,55-59,FEMALE,63533.0,482.4
34,55-59,MALE,63532.0,830.5
35,55-59,FEMALE,64451.0,713.9
35,55-59,MALE,64450.0,1308.2
36,55-59,FEMALE,66066.0,487.8
36,55-59,MALE,66065.0,855.3
37,55-59,FEMALE,68820.0,674.0
37,55-59,MALE,68819.0,1105.6
38,55-59,FEMALE,71421.0,558.8
38,55-59,MALE,71420.0,957.6
39,55-59,FEMALE,73818.0,713.5
39,55-59,MALE,73817.0,1150.4
40,55-59,FEMALE,76606.0,873.6999999999999
40,55-59,MALE,76605.0,1409.0
41,55-59,FEMALE,78510.0,573.5
41,55-59,MALE,78509.0,967.4000000000001
42,55-59,FEMALE,80261.0,592.4
42,55-59,MALE,80260.0,984.7000000000002
44,55-59,FEMALE,81485.0,490.6
44,55-59,MALE,81484.0,866.4
45,55-59,FEMALE,82352.0,766.1
45,55-59,MALE,82351.0,1258.9
46,55-59,FEMALE,84239.0,592.4
46,55-59,MALE,84238.0,934.9
47,55-59,FEMALE,86959.0,847.6
47,55-59,MALE,86958.0,1379.4
48,55-59,FEMALE,92875.0,615.7
48,55-59,MALE,92874.0,1037.3
49,55-59,FEMALE,97669.0,503.0
49,55-59,MALE,97668.0,749.8
50,55-59,FEMALE,98400.0,478.9
50,55-59,MALE,98399.0,885.6
51,55-59,FEMALE,100882.0,577.1
51,55-59,MALE,100881.0,931.6
53,55-59,FEMALE,103789.0,522.9
53,55-59,MALE,103788.0,837.6
54,55-59,FEMALE,105387.0,993.0
54,55-59,MALE,105386.0,1549.2
55,55-59,FEMALE,107546.0,525.1
55,55-59,MALE,107545.0,842.0
56,55-59,FEMALE,109161.0,708.2
56,55-59,MALE,109160.0,1009.5
01,60-64,FEMALE,1145.0,1255.3
01,60-64,MALE,1144.0,2048.2
02,60-64,FEMALE,2658.0,833.8
02,60-64,MALE,2657.0,1413.7
04,60-64,FEMALE,3287.0,873.9
04,60-64,MALE,3286.0,1510.1
05,60-64,FEMALE,4817.0,1286.6
05,60-64,MALE,4816.0,2037.8
06,60-64,FEMALE,7078.0,715.8
06,60-64,MALE,7077.0,1251.5
08,60-64,FEMALE,9152.0,709.6
08,60-64,MALE,9151.0,1198.8
09,60-64,FEMALE,10257.0,679.7
09,60-64,MALE,10256.0,1156.2
10,60-64,FEMALE,10325.0,828.7999999999998
10,60-64,MALE,10324.0,1434.4000000000003
11,60-64,FEMALE,10393.0,1266.1
11,60-64,MALE,10392.0,2074.9
12,60-64,FEMALE,11549.0,856.4
12,60-64,MALE,11548.0,1469.3
13,60-64,FEMALE,15374.0,1052.9
13,60-64,MALE,15373.0,1706.4
15,60-64,FEMALE,18145.0,667.2
15,60-64,MALE,18144.0,1247.9
16,60-64,FEMALE,18978.0,778.4
16,60-64,MALE,18977.0,1205.1
17,60-64,FEMALE,21460.0,857.9
17,60-64,MALE,21459.0,1430.0
18,60-64,FEMALE,24758.0,1068.3
18,60-64,MALE,24757.0,1684.8
19,60-64,FEMALE,29694.5,852.0
19,60-64,MALE,29692.5,1409.9
20,60-64,FEMALE,34839.0,996.1
20,60-64,MALE,34838.0,1501.7
21,60-64,FEMALE,38664.0,1269.5
21,60-64,MALE,38663.0,2027.9
22,60-64,FEMALE,41792.0,1199.2
22,60-64,MALE,41791.0,1984.0
23,60-64,FEMALE,43152.0,781.7
23,60-64,MALE,43151.0,1418.7
24,60-64,FEMALE,43832.0,836.2000000000002
24,60-64,MALE,43831.0,1346.6
25,60-64,FEMALE,44478.0,657.3
25,60-64,MALE,44477.0,1101.5
26,60-64,FEMALE,46127.0,939.6
26,60-64,MALE,46126.0,1523.3
27,60-64,FEMALE,49017.0,678.9
27,60-64,MALE,49016.0,1096.0
28,60-64,FEMALE,51890.0,1392.3
28,60-64,MALE,51889.0,2252.8
29,60-64,FEMALE,55239.0,1053.5
29,60-64,MALE,55238.0,1712.8
30,60-64,FEMALE,58146.0,859.6
30,60-64,MALE,58145.0,1368.5
31,60-64,FEMALE,60679.0,825.4
31,60-64,MALE,60678.0,1267.1
32,60-64,FEMALE,62549.0,958.9
32,60-64,MALE,62548.0,1540.6
33,60-64,FEMALE,63008.0,658.0
33,60-64,MALE,63007.0,1122.4
34,60-64,FEMALE,63535.0,720.5
34,60-64,MALE,63534.0,1181.6
35,60-64,FEMALE,64453.0,944.2
35,60-64,MALE,64452.0,1669.8
36,60-64,FEMALE,66068.0,721.7
36,60-64,MALE,66067.0,1236.0
37,60-64,FEMALE,68822.0,975.6
37,60-64,MALE,68821.0,1592.4
38,60-64,FEMALE,71423.0,798.0
38,60-64,MALE,71422.0,1284.2
39,60-64,FEMALE,73820.0,1040.1
39,60-64,MALE,73819.0,1675.7
40,60-64,FEMALE,76608.0,1276.3
40,60-64,MALE,76607.0,2026.3
41,60-64,FEMALE,78512.0,840.3
41,60-64,MALE,78511.0,1403.2
42,60-64,FEMALE,80263.0,880.3
42,60-64,MALE,80262.0,1424.3
44,60-64,FEMALE,81487.0,728.3
44,60-64,MALE,81486.0,1183.9
45,60-64,FEMALE,82354.0,1056.0
45,60-64,MALE,82353.0,1800.9
46,60-64,FEMALE,84241.0,813.8
46,60-64,MALE,84240.0,1227.3
47,60-64,FEMALE,86961.0,1217.4
47,60-64,MALE,86960.0,1955.5
48,60-64,FEMALE,92877.0,948.7
48,60-64,MALE,92876.0,1557.0
49,60-64,FEMALE,97671.0,718.0
49,60-64,MALE,97670.0,1088.5
50,60-64,FEMALE,98402.0,729.4
50,60-64,MALE,98401.0,1218.2
51,60-64,FEMALE,100884.0,857.7
51,60-64,MALE,100883.0,1392.3
53,60-64,FEMALE,103791.0,784.9
53,60-64,MALE,103790.0,1263.3
54,60-64,FEMALE,105389.0,1400.6
54,60-64,MALE,105388.0,2115.5
55,60-64,FEMALE,107548.0,783.0
55,60-64,MALE,107547.0,1249.6
56,60-64,FEMALE,109163.0,942.2
56,60-64,MALE,109162.0,1423.1
01,65-69,FEMALE,1147.0,1700.0
01,65-69,MALE,1146.0,2766.8
02,65-69,FEMALE,2660.0,1230.7
02,65-69,MALE,2659.0,1959.4
04,65-69,FEMALE,3289.0,1207.9
04,65-69,MALE,3288.0,2028.2
05,65-69,FEMALE,4819.0,1693.9
05,65-69,MALE,4818.0,2707.5
06,65-69,FEMALE,7080.0,1016.6
06,65-69,MALE,7079.0,1748.5
08,65-69,FEMALE,9154.0,1029.7
08,65-69,MALE,9153.0,1650.4
09,65-69,FEMALE,10259.0,985.0
09,65-69,MALE,10258.0,1587.1
10,65-69,FEMALE,10327.0,1150.9
10,65-69,MALE,10326.0,1848.9000000000003
11,65-69,FEMALE,10395.0,1587.8
11,65-69,MALE,10394.0,2834.4
12,65-69,FEMALE,11551.0,1126.0
12,65-69,MALE,11550.0,1960.5999999999997
13,65-69,FEMALE,15376.0,1481.7
13,65-69,MALE,15375.0,2336.1
15,65-69,FEMALE,18147.0,909.4
15,65-69,MALE,18146.0,1646.6
16,65-69,FEMALE,18980.0,1098.5
16,65-69,MALE,18979.0,1676.4
17,65-69,FEMALE,21462.0,1247.5
17,65-69,MALE,21461.0,2000.9
18,65-69,FEMALE,24760.0,1478.6
18,65-69,MALE,24759.0,2331.4
19,65-69,FEMALE,29698.5,1254.9
19,65-69,MALE,29696.5,1938.0
20,65-69,FEMALE,34841.0,1357.8
20,65-69,MALE,34840.0,2112.0
21,65-69,FEMALE,38666.0,1762.4
21,65-69,MALE,38665.0,2645.2
22,65-69,FEMALE,41794.0,1631.6
22,65-69,MALE,41793.0,2631.7
23,65-69,FEMALE,43154.0,1130.1
23,65-69,MALE,43153.0,1767.6
24,65-69,FEMALE,43834.0,1200.2
24,65-69,MALE,43833.0,1908.5
25,65-69,FEMALE,44480.0,977.3
25,65-69,MALE,44479.0,1601.0
26,65-69,FEMALE,46129.0,1356.4
26,65-69,MALE,46128.0,2128.8
27,65-69,FEMALE,49019.0,1012.5
27,65-69,MALE,49018.0,1585.9
28,65-69,FEMALE,51892.0,1889.5999999999997
28,65-69,MALE,51891.0,3024.3
29,65-69,FEMALE,55241.0,1470.4
29,65-69,MALE,55240.0,2340.2
30,65-69,FEMALE,58148.0,1128.9
30,65-69,MALE,58147.0,1776.3
31,65-69,FEMALE,60681.0,1154.2
31,65-69,MALE,60680.0,1851.0
32,65-69,FEMALE,62551.0,1315.4
32,65-69,MALE,62550.0,2293.4
33,65-69,FEMALE,63010.0,1051.7
33,65-69,MALE,63009.0,1664.5
34,65-69,FEMALE,63537.0,1048.3
34,65-69,MALE,63536.0,1717.2000000000003
35,65-69,FEMALE,64455.0,1277.4
35,65-69,MALE,64454.0,2103.3
36,65-69,FEMALE,66070.0,1060.2
36,65-69,MALE,66069.0,1742.0
37,65-69,FEMALE,68824.0,1352.3
37,65-69,MALE,68823.0,2171.0
38,65-69,FEMALE,71425.0,1129.5
38,65-69,MALE,71424.0,1842.9000000000003
39,65-69,FEMALE,73822.0,1466.7
39,65-69,MALE,73821.0,2304.6
40,65-69,FEMALE,76610.0,1821.8
40,65-69,MALE,76609.0,2739.9
41,65-69,FEMALE,78514.0,1173.0
41,65-69,MALE,78513.0,1885.0999999999997
42,65-69,FEMALE,80265.0,1248.4
42,65-69,MALE,80264.0,1998.1999999999998
44,65-69,FEMALE,81489.0,1077.1
44,65-69,MALE,81488.0,1734.7
45,65-69,FEMALE,82356.0,1403.4
45,65-69,MALE,82355.0,2344.5
46,65-69,FEMALE,84243.0,1110.3
46,65-69,MALE,84242.0,1689.5
47,65-69,FEMALE,86963.0,1650.9
47,65-69,MALE,86962.0,2597.8
48,65-69,FEMALE,92879.0,1371.1
48,65-69,MALE,92878.0,2205.4
49,65-69,FEMALE,97673.0,1037.8
49,65-69,MALE,97672.0,1563.9
50,65-69,FEMALE,98404.0,977.0
50,65-69,MALE,98403.0,1642.8
51,65-69,FEMALE,100886.0,1263.3
51,65-69,MALE,100885.0,1959.3
53,65-69,FEMALE,103793.0,1090.3
53,65-69,MALE,103792.0,1748.3
54,65-69,FEMALE,105391.0,1786.0
54,65-69,MALE,105390.0,2738.8
55,65-69,FEMALE,107550.0,1099.2
55,65-69,MALE,107549.0,1768.9
56,65-69,FEMALE,109165.0,1263.2
56,65-69,MALE,109164.0,1945.5
01,70-74,FEMALE,1149.0,2503.1
01,70-74,MALE,1148.0,3824.8
02,70-74,FEMALE,2662.0,1855.3
02,70-74,MALE,2661.0,2648.9
04,70-74,FEMALE,3291.0,1791.5
04,70-74,MALE,3290.0,2746.3
05,70-74,FEMALE,4821.0,2509.2
05,70-74,MALE,4820.0,3810.1
06,70-74,FEMALE,7082.0,1564.1
06,70-74,MALE,7081.0,2472.6
08,70-74,FEMALE,9156.0,1602.0
08,70-74,MALE,9155.0,2336.9
09,70-74,FEMALE,10261.0,1558.5
09,70-74,MALE,10260.0,2341.8
10,70-74,FEMALE,10329.0,1799.0999999999997
10,70-74,MALE,10328.0,2647.5
11,70-74,FEMALE,10397.0,2063.9
11,70-74,MALE,10396.0,3278.7
12,70-74,FEMALE,11553.0,1644.0
12,70-74,MALE,11552.0,2598.9
13,70-74,FEMALE,15378.0,2212.7
13,70-74,MALE,15377.0,3289.8
15,70-74,FEMALE,18149.0,1295.3
15,70-74,MALE,18148.0,2270.9
16,70-74,FEMALE,18982.0,1830.7
16,70-74,MALE,18981.0,2532.8
17,70-74,FEMALE,21464.0,1931.4
17,70-74,MALE,21463.0,2858.2
18,70-74,FEMALE,24762.0,2327.1
18,70-74,MALE,24761.0,3327.2
19,70-74,FEMALE,29702.5,1964.6
19,70-74,MALE,29700.5,2941.7
20,70-74,FEMALE,34843.0,2132.9
20,70-74,MALE,34842.0,3125.3
21,70-74,FEMALE,38668.0,2593.3
21,70-74,MALE,38667.0,3726.5
22,70-74,FEMALE,41796.0,2385.5
22,70-74,MALE,41795.0,3574.8
23,70-74,FEMALE,43156.0,1777.9
23,70-74,MALE,43155.0,2725.4
24,70-74,FEMALE,43836.0,1835.8
24,70-74,MALE,43835.0,2718.7
25,70-74,FEMALE,44482.0,1578.1
25,70-74,MALE,44481.0,2371.7
26,70-74,FEMALE,46131.0,2075.4
26,70-74,MALE,46130.0,2996.2
27,70-74,FEMALE,49021.0,1646.7
27,70-74,MALE,49020.0,2406.0
28,70-74,FEMALE,51894.0,2665.2
28,70-74,MALE,51893.0,4071.6999999999994
29,70-74,FEMALE,55243.0,2239.2
29,70-74,MALE,55242.0,3260.0
30,70-74,FEMALE,58150.0,1800.1
30,70-74,MALE,58149.0,2639.2
31,70-74,FEMALE,60683.0,1897.7
31,70-74,MALE,60682.0,2750.7
32,70-74,FEMALE,62553.0,2011.2
32,70-74,MALE,62552.0,3207.2
33,70-74,FEMALE,63012.0,1659.0
33,70-74,MALE,63011.0,2465.5
34,70-74,FEMALE,63539.0,1686.4
34,70-74,MALE,63538.0,2506.6
35,70-74,FEMALE,64457.0,1876.4
35,70-74,MALE,64456.0,2805.2
36,70-74,FEMALE,66072.0,1635.4
36,70-74,MALE,66071.0,2510.4
37,70-74,FEMALE,68826.0,2030.2
37,70-74,MALE,68825.0,3074.9
38,70-74,FEMALE,71427.0,1789.9000000000003
38,70-74,MALE,71426.0,2644.6
39,70-74,FEMALE,73824.0,2247.9
39,70-74,MALE,73823.0,3255.2
40,70-74,FEMALE,76612.0,2665.6
40,70-74,MALE,76611.0,3791.2000000000003
41,70-74,FEMALE,78516.0,1766.8
41,70-74,MALE,78515.0,2624.9
42,70-74,FEMALE,80267.0,1951.8
42,70-74,MALE,80266.0,2911.0
44,70-74,FEMALE,81491.0,1677.1
44,70-74,MALE,81490.0,2667.4
45,70-74,FEMALE,82358.0,2093.3
45,70-74,MALE,82357.0,3172.0
46,70-74,FEMALE,84245.0,1832.7
46,70-74,MALE,84244.0,2685.0
47,70-74,FEMALE,86965.0,2448.8
47,70-74,MALE,86964.0,3607.4
48,70-74,FEMALE,92881.0,2078.1
48,70-74,MALE,92880.0,3122.3
49,70-74,FEMALE,97675.0,1727.1
49,70-74,MALE,97674.0,2347.3
50,70-74,FEMALE,98406.0,1633.8
50,70-74,MALE,98405.0,2354.9
51,70-74,FEMALE,100888.0,1914.8
51,70-74,MALE,100887.0,2784.9
53,70-74,FEMALE,103795.0,1709.4
53,70-74,MALE,103794.0,2529.7
54,70-74,FEMALE,105393.0,2613.8
54,70-74,MALE,105392.0,3724.9
55,70-74,FEMALE,107552.0,1807.2
55,70-74,MALE,107551.0,2674.3
56,70-74,FEMALE,109167.0,2024.7
56,70-74,MALE,109166.0,2799.8
01,75-79,FEMALE,1151.0,3969.0
01,75-79,MALE,1150.0,5613.0
02,75-79,FEMALE,2664.0,3050.6
02,75-79,MALE,2663.0,4211.3
04,75-79,FEMALE,3293.0,2885.0
04,75-79,MALE,3292.0,4087.2
05,75-79,FEMALE,4823.0,3991.7
05,75-79,MALE,4822.0,5570.1
06,75-79,FEMALE,7084.0,2581.7
06,75-79,MALE,7083.0,3824.8
08,75-79,FEMALE,9158.0,2838.2
08,75-79,MALE,9157.0,3791.3
09,75-79,FEMALE,10263.0,2714.4
09,75-79,MALE,10262.0,3801.9
10,75-79,FEMALE,10331.0,2983.1999999999994
10,75-79,MALE,10330.0,4292.6
11,75-79,FEMALE,10399.0,2931.4
11,75-79,MALE,10398.0,4160.3
12,75-79,FEMALE,11555.0,2617.0
12,75-79,MALE,11554.0,3833.9
13,75-79,FEMALE,15380.0,3525.2
13,75-79,MALE,15379.0,4939.2
15,75-79,FEMALE,18151.0,2034.4
15,75-79,MALE,18150.0,3297.6
16,75-79,FEMALE,18984.0,3129.6
16,75-79,MALE,18983.0,4289.8
17,75-79,FEMALE,21466.0,3150.0
17,75-79,MALE,21465.0,4468.2
18,75-79,FEMALE,24764.0,3744.2
18,75-79,MALE,24763.0,5229.9
19,75-79,FEMALE,29706.5,3293.2
19,75-79,MALE,29704.5,4663.5
20,75-79,FEMALE,34845.0,3502.5
20,75-79,MALE,34844.0,4909.5
21,75-79,FEMALE,38670.0,4204.5
21,75-79,MALE,38669.0,5784.3
22,75-79,FEMALE,41798.0,3794.6
22,75-79,MALE,41797.0,5384.4
23,75-79,FEMALE,43158.0,3219.7
23,75-79,MALE,43157.0,4313.6
24,75-79,FEMALE,43838.0,3020.8000000000006
24,75-79,MALE,43837.0,4203.5
25,75-79,FEMALE,44484.0,2801.4
25,75-79,MALE,44483.0,3971.3
26,75-79,FEMALE,46133.0,3422.4
26,75-79,MALE,46132.0,4713.0
27,75-79,FEMALE,49023.0,2892.4
27,75-79,MALE,49022.0,4020.9
28,75-79,FEMALE,51896.0,4204.7
28,75-79,MALE,51895.0,5975.7
29,75-79,FEMALE,55245.0,3604.4
29,75-79,MALE,55244.0,4997.0
30,75-79,FEMALE,58152.0,3021.1
30,75-79,MALE,58151.0,4381.8
31,75-79,FEMALE,60685.0,3188.9
31,75-79,MALE,60684.0,4608.1
32,75-79,FEMALE,62555.0,3374.6
32,75-79,MALE,62554.0,4723.6
33,75-79,FEMALE,63014.0,3094.2
33,75-79,MALE,63013.0,4074.6
34,75-79,FEMALE,63541.0,2793.2
34,75-79,MALE,63540.0,4040.9000000000005
35,75-79,FEMALE,64459.0,2960.1
35,75-79,MALE,64458.0,4181.2
36,75-79,FEMALE,66074.0,2694.8
36,75-79,MALE,66073.0,3949.4
37,75-79,FEMALE,68828.0,3417.4
37,75-79,MALE,68827.0,4735.3
38,75-79,FEMALE,71429.0,2940.1
38,75-79,MALE,71428.0,4416.9
39,75-79,FEMALE,73826.0,3671.8
39,75-79,MALE,73825.0,5064.3
40,75-79,FEMALE,76614.0,4150.8
40,75-79,MALE,76613.0,5700.7
41,75-79,FEMALE,78518.0,3044.3
41,75-79,MALE,78517.0,4244.4
42,75-79,FEMALE,80269.0,3258.0
42,75-79,MALE,80268.0,4655.3
44,75-79,FEMALE,81493.0,3022.8
44,75-79,MALE,81492.0,4137.6
45,75-79,FEMALE,82360.0,3407.3
45,75-79,MALE,82359.0,4838.9
46,75-79,FEMALE,84247.0,3130.9
46,75-79,MALE,84246.0,4527.7
47,75-79,FEMALE,86967.0,3963.1
47,75-79,MALE,86966.0,5413.5
48,75-79,FEMALE,92883.0,3373.9
48,75-79,MALE,92882.0,4792.5
49,75-79,FEMALE,97677.0,3112.3
49,75-79,MALE,97676.0,3981.8
50,75-79,FEMALE,98408.0,2799.6
50,75-79,MALE,98407.0,3842.9
51,75-79,FEMALE,100890.0,3175.0
51,75-79,MALE,100889.0,4413.7
53,75-79,FEMALE,103797.0,2894.9
53,75-79,MALE,103796.0,4041.8
54,75-79,FEMALE,105395.0,4116.9
54,75-79,MALE,105394.0,5636.4
55,75-79,FEMALE,107554.0,3117.1
55,75-79,MALE,107553.0,4322.3
56,75-79,FEMALE,109169.0,3396.6
56,75-79,MALE,109168.0,4493.4
01,80-84,FEMALE,1153.0,6551.3
01,80-84,MALE,1152.0,8777.3
02,80-84,FEMALE,2666.0,5134.1
02,80-84,MALE,2665.0,7135.0
04,80-84,FEMALE,3295.0,4957.6
04,80-84,MALE,3294.0,6465.8
05,80-84,FEMALE,4825.0,6509.5
05,80-84,MALE,4824.0,8588.1
06,80-84,FEMALE,7086.0,4583.2
06,80-84,MALE,7085.0,6326.1
08,80-84,FEMALE,9160.0,5122.8
08,80-84,MALE,9159.0,6863.2
09,80-84,FEMALE,10265.0,4824.8
09,80-84,MALE,10264.0,6610.1
10,80-84,FEMALE,10333.0,5492.8
10,80-84,MALE,10332.0,7151.7
11,80-84,FEMALE,10401.0,4486.0
11,80-84,MALE,10400.0,6260.7
12,80-84,FEMALE,11557.0,4430.3
12,80-84,MALE,11556.0,6068.7
13,80-84,FEMALE,15382.0,6055.8
13,80-84,MALE,15381.0,8004.5
15,80-84,FEMALE,18153.0,3563.9
15,80-84,MALE,18152.0,5458.3
16,80-84,FEMALE,18986.0,5777.2
16,80-84,MALE,18985.0,7470.3
17,80-84,FEMALE,21468.0,5305.9
17,80-84,MALE,21467.0,7355.2
18,80-84,FEMALE,24766.0,6301.8
18,80-84,MALE,24765.0,8419.2
19,80-84,FEMALE,29710.5,5620.800000000001
19,80-84,MALE,29708.5,7735.199999999999
20,80-84,FEMALE,34847.0,5894.2
20,80-84,MALE,34846.0,8088.9
21,80-84,FEMALE,38672.0,6869.9
21,80-84,MALE,38671.0,9019.7
22,80-84,FEMALE,41800.0,6257.0
22,80-84,MALE,41799.0,8453.1
23,80-84,FEMALE,43160.0,5820.4
23,80-84,MALE,43159.0,7613.4
24,80-84,FEMALE,43840.0,5116.3
24,80-84,MALE,43839.0,6984.399999999999
25,80-84,FEMALE,44486.0,4986.4
25,80-84,MALE,44485.0,6891.6
26,80-84,FEMALE,46135.0,5834.1
26,80-84,MALE,46134.0,7772.2
27,80-84,FEMALE,49025.0,5153.7
27,80-84,MALE,49024.0,6935.3
28,80-84,FEMALE,51898.0,6771.700000000001
28,80-84,MALE,51897.0,9288.1
29,80-84,FEMALE,55247.0,5968.7
29,80-84,MALE,55246.0,8178.8
30,80-84,FEMALE,58154.0,5742.8
30,80-84,MALE,58153.0,7259.9
31,80-84,FEMALE,60687.0,5518.6
31,80-84,MALE,60686.0,7616.4
32,80-84,FEMALE,62557.0,5775.2
32,80-84,MALE,62556.0,7510.1
33,80-84,FEMALE,63016.0,5433.0
33,80-84,MALE,63015.0,7340.9
34,80-84,FEMALE,63543.0,4866.1
34,80-84,MALE,63542.0,6817.699999999999
35,80-84,FEMALE,64461.0,5213.8
35,80-84,MALE,64460.0,6857.3
36,80-84,FEMALE,66076.0,4566.6
36,80-84,MALE,66075.0,6535.7
37,80-84,FEMALE,68830.0,5888.7
37,80-84,MALE,68829.0,7784.1
38,80-84,FEMALE,71431.0,5086.8
38,80-84,MALE,71430.0,7100.3
39,80-84,FEMALE,73828.0,6143.9
39,80-84,MALE,73827.0,8385.2
40,80-84,FEMALE,76616.0,6629.6
40,80-84,MALE,76615.0,8904.4
41,80-84,FEMALE,78520.0,5437.6
41,80-84,MALE,78519.0,7256.2
42,80-84,FEMALE,80271.0,5532.2
42,80-84,MALE,80270.0,7728.6
44,80-84,FEMALE,81495.0,5196.5
44,80-84,MALE,81494.0,7138.8
45,80-84,FEMALE,82362.0,6132.4
45,80-84,MALE,82361.0,7878.6
46,80-84,FEMALE,84249.0,5302.6
46,80-84,MALE,84248.0,7982.8
47,80-84,FEMALE,86969.0,6605.4
47,80-84,MALE,86968.0,8763.9
48,80-84,FEMALE,92885.0,5759.6
48,80-84,MALE,92884.0,7736.7
49,80-84,FEMALE,97679.0,5922.1
49,80-84,MALE,97678.0,7099.0
50,80-84,FEMALE,98410.0,5223.9
50,80-84,MALE,98409.0,6831.7
51,80-84,FEMALE,100892.0,5468.6
51,80-84,MALE,100891.0,7338.0
53,80-84,FEMALE,103799.0,5228.4
53,80-84,MALE,103798.0,6903.7
54,80-84,FEMALE,105397.0,6872.0
54,80-84,MALE,105396.0,8814.1
55,80-84,FEMALE,107556.0,5471.9
55,80-84,MALE,107555.0,7569.299999999999
56,80-84,FEMALE,109171.0,5760.2
56,80-84,MALE,109170.0,7495.2
01,85+,FEMALE,1155.0,14946.2
01,85+,MALE,1154.0,16902.4
02,85+,FEMALE,2668.0,12459.4
02,85+,MALE,2667.0,14717.8
04,85+,FEMALE,3297.0,12929.9
04,85+,MALE,3296.0,13301.8
05,85+,FEMALE,4827.0,14611.0
05,85+,MALE,4826.0,16359.6
06,85+,FEMALE,7088.0,12559.0
06,85+,MALE,7087.0,14586.4
08,85+,FEMALE,9162.0,14166.5
08,85+,MALE,9161.0,16140.2
09,85+,FEMALE,10267.0,14079.3
09,85+,MALE,10266.0,16472.0
10,85+,FEMALE,10335.0,14393.299999999997
10,85+,MALE,10334.0,16066.700000000003
11,85+,FEMALE,10403.0,11053.7
11,85+,MALE,10402.0,11679.9
12,85+,FEMALE,11559.0,12076.1
12,85+,MALE,11558.0,12792.5
13,85+,FEMALE,15384.0,14530.5
13,85+,MALE,15383.0,16074.899999999998
15,85+,FEMALE,18155.0,10075.2
15,85+,MALE,18154.0,11910.4
16,85+,FEMALE,18988.0,15744.2
16,85+,MALE,18987.0,17156.0
17,85+,FEMALE,21470.0,13529.2
17,85+,MALE,21469.0,16103.9
18,85+,FEMALE,24768.0,14982.1
18,85+,MALE,24767.0,17974.1
19,85+,FEMALE,29714.5,14342.100000000002
19,85+,MALE,29712.5,17425.1
20,85+,FEMALE,34849.0,14557.9
20,85+,MALE,34848.0,17261.1
21,85+,FEMALE,38674.0,15281.4
21,85+,MALE,38673.0,17597.1
22,85+,FEMALE,41802.0,14580.5
22,85+,MALE,41801.0,16347.5
23,85+,FEMALE,43162.0,15089.5
23,85+,MALE,43161.0,17575.3
24,85+,FEMALE,43842.0,12997.5
24,85+,MALE,43841.0,15378.1
25,85+,FEMALE,44488.0,14119.6
25,85+,MALE,44487.0,16954.1
26,85+,FEMALE,46137.0,15224.8
26,85+,MALE,46136.0,17891.9
27,85+,FEMALE,49027.0,13650.1
27,85+,MALE,49026.0,16378.5
28,85+,FEMALE,51900.0,15141.900000000001
28,85+,MALE,51899.0,17617.4
29,85+,FEMALE,55249.0,14210.7
29,85+,MALE,55248.0,16814.9
30,85+,FEMALE,58156.0,14421.8
30,85+,MALE,58155.0,16775.5
31,85+,FEMALE,60689.0,14636.6
31,85+,MALE,60688.0,16841.1
32,85+,FEMALE,62559.0,13778.7
32,85+,MALE,62558.0,15085.2
33,85+,FEMALE,63018.0,14342.3
33,85+,MALE,63017.0,17043.7
34,85+,FEMALE,63545.0,13677.3
34,85+,MALE,63544.0,15731.100000000002
35,85+,FEMALE,64463.0,13394.4
35,85+,MALE,64462.0,15096.2
36,85+,FEMALE,66078.0,12382.3
36,85+,MALE,66077.0,14517.3
37,85+,FEMALE,68832.0,14684.5
37,85+,MALE,68831.0,16584.6
38,85+,FEMALE,71433.0,12450.1
38,85+,MALE,71432.0,16311.0
39,85+,FEMALE,73830.0,15327.3
39,85+,MALE,73829.0,18145.7
40,85+,FEMALE,76618.0,14953.5
40,85+,MALE,76617.0,17099.9
41,85+,FEMALE,78522.0,14960.0
41,85+,MALE,78521.0,16962.8
42,85+,FEMALE,80273.0,14604.9
42,85+,MALE,80272.0,17468.6
44,85+,FEMALE,81497.0,14408.0
44,85+,MALE,81496.0,17546.5
45,85+,FEMALE,82364.0,15006.3
45,85+,MALE,82363.0,16771.6
46,85+,FEMALE,84251.0,13513.3
46,85+,MALE,84250.0,17635.9
47,85+,FEMALE,86971.0,15431.6
47,85+,MALE,86970.0,17485.2
48,85+,FEMALE,92887.0,14127.0
48,85+,MALE,92886.0,16011.6
49,85+,FEMALE,97681.0,16118.6
49,85+,MALE,97680.0,17330.8
50,85+,FEMALE,98412.0,14573.2
50,85+,MALE,98411.0,17013.2
51,85+,FEMALE,100894.0,14220.4
51,85+,MALE,100893.0,16229.300000000001
53,85+,FEMALE,103801.0,13970.1
53,85+,MALE,103800.0,16198.2
54,85+,FEMALE,105399.0,15733.8
54,85+,MALE,105398.0,17334.7
55,85+,FEMALE,107558.0,15294.200000000003
55,85+,MALE,107557.0,18083.7
56,85+,FEMALE,109173.0,14135.5
56,85+,MALE,109172.0,15814.9
