GEOID,AGE_GROUP,SEX,MORTALITY_RATE_100K
01,0-4,FEMALE,156.16802189541158
01,0-4,MALE,201.5627410939649
02,0-4,FEMALE,134.5540794127004
02,0-4,MALE,178.24526675957003
04,0-4,FEMALE,127.09041009113973
04,0-4,MALE,137.5066938946348
05,0-4,FEMALE,194.11142968767737
05,0-4,MALE,188.6451637382067
06,0-4,FEMALE,86.360017530704
06,0-4,MALE,103.84236482954367
08,0-4,FEMALE,93.1115214557624
08,0-4,MALE,114.52736484897432
09,0-4,FEMALE,89.01535988294076
09,0-4,MALE,113.44827246417292
10,0-4,FEMALE,117.55723706951962
10,0-4,MALE,148.20552611809921
11,0-4,FEMALE,180.32147430517688
11,0-4,MALE,121.36682299350502
12,0-4,FEMALE,127.50314725574506
12,0-4,MALE,149.50315822188534
13,0-4,FEMALE,146.17271637014073
13,0-4,MALE,178.56849191298045
15,0-4,FEMALE,95.84910646701515
15,0-4,MALE,121.03344941469273
16,0-4,FEMALE,96.1855002662769
16,0-4,MALE,114.8355067268592
17,0-4,FEMALE,115.35043895106973
17,0-4,MALE,148.94095960206442
18,0-4,FEMALE,137.24790026096903
18,0-4,MALE,170.49490136359728
19,0-4,FEMALE,101.14923094388806
19,0-4,MALE,139.16283080842115
20,0-4,FEMALE,136.66027529100887
20,0-4,MALE,148.37401317309536
21,0-4,FEMALE,162.43989648572045
21,0-4,MALE,157.48035214586935
22,0-4,FEMALE,155.50741924925325
22,0-4,MALE,186.0734119231042
23,0-4,FEMALE,103.9591691955398
23,0-4,MALE,134.36859509829833
24,0-4,FEMALE,123.65469869404303
24,0-4,MALE,133.2694863648763
25,0-4,FEMALE,61.7211996172188
25,0-4,MALE,82.22407776182403
26,0-4,FEMALE,129.34222509594247
26,0-4,MALE,150.57044873890067
27,0-4,FEMALE,110.70704109781204
27,0-4,MALE,110.18032918421892
28,0-4,FEMALE,190.6598943366978
28,0-4,MALE,214.62282849013798
29,0-4,FEMALE,131.1368220187281
29,0-4,MALE,151.4351069128985
30,0-4,FEMALE,117.416544678766
30,0-4,MALE,140.15242618463603
31,0-4,FEMALE,131.99943853503748
31,0-4,MALE,159.2757191214674
32,0-4,FEMALE,101.46723641825275
32,0-4,MALE,161.8810622396952
33,0-4,FEMALE,73.95283359956554
33,0-4,MALE,96.48806714525992
34,0-4,FEMALE,72.7380068296588
34,0-4,MALE,95.59402736401886
35,0-4,FEMALE,123.54635470797398
35,0-4,MALE,120.8626629898292
36,0-4,FEMALE,88.25546692042688
36,0-4,MALE,100.52575388570828
37,0-4,FEMALE,140.9244097528377
37,0-4,MALE,170.48028017364786
38,0-4,FEMALE,104.41089984086926
38,0-4,MALE,131.58713442338527
39,0-4,FEMALE,145.07796427165508
39,0-4,MALE,187.3148504593375
40,0-4,FEMALE,149.30899589265204
40,0-4,MALE,183.41651117701943
41,0-4,FEMALE,93.20255530917098
41,0-4,MALE,120.10517810264345
42,0-4,FEMALE,117.01088148308045
42,0-4,MALE,133.84740355007168
44,0-4,FEMALE,92.98613211580441
44,0-4,MALE,113.7981437802828
45,0-4,FEMALE,164.42753425552394
45,0-4,MALE,171.68888590518463
46,0-4,FEMALE,118.59543287760435
46,0-4,MALE,160.3543881161974
47,0-4,FEMALE,144.5815538376144
47,0-4,MALE,186.15414832961378
48,0-4,FEMALE,117.82343820299363
48,0-4,MALE,147.18208369581876
49,0-4,FEMALE,111.28027312476104
49,0-4,MALE,126.10106908140132
50,0-4,FEMALE,73.76588068887473
50,0-4,MALE,96.24414511926412
51,0-4,FEMALE,115.716802731474
51,0-4,MALE,141.62999079865102
53,0-4,FEMALE,103.97197326507062
53,0-4,MALE,122.7594762081143
54,0-4,FEMALE,116.81216966300335
54,0-4,MALE,148.66820004260305
55,0-4,FEMALE,134.55651202648568
55,0-4,MALE,134.06636008117573
56,0-4,FEMALE,105.93102271346822
56,0-4,MALE,128.7538792187968
01,5-9,FEMALE,14.302177390998674
01,5-9,MALE,21.55122620561444
02,5-9,FEMALE,10.791548276596636
02,5-9,MALE,12.152644455626842
04,5-9,FEMALE,11.062406671005077
04,5-9,MALE,18.50260938778725
05,5-9,FEMALE,11.699382158039711
05,5-9,MALE,22.513937094042806
06,5-9,FEMALE,7.937501611277941
06,5-9,MALE,8.036720381418915
08,5-9,FEMALE,10.350023681452914
08,5-9,MALE,10.54348206802213
09,5-9,FEMALE,8.384798411755646
09,5-9,MALE,7.994807787953058
10,5-9,FEMALE,9.343990563591335
10,5-9,MALE,14.16352253849634
11,5-9,FEMALE,9.331375999015036
11,5-9,MALE,14.144401514296476
12,5-9,FEMALE,11.629961744215116
12,5-9,MALE,14.828201223874276
13,5-9,FEMALE,14.88560423975706
13,5-9,MALE,14.395946205554525
15,5-9,FEMALE,8.603346969703523
15,5-9,MALE,9.581000034442559
16,5-9,FEMALE,10.861231464452429
16,5-9,MALE,12.231116514023006
17,5-9,FEMALE,13.199794038807298
17,5-9,MALE,15.46543032905034
18,5-9,FEMALE,11.095542680257347
18,5-9,MALE,17.534920128620985
19,5-9,FEMALE,11.86102092959856
19,5-9,MALE,18.763746224692806
20,5-9,FEMALE,12.090321671865905
20,5-9,MALE,15.063351591177193
21,5-9,FEMALE,14.424172781240229
21,5-9,MALE,16.40008686086218
22,5-9,FEMALE,13.973583607291202
22,5-9,MALE,25.015646178087746
23,5-9,FEMALE,8.409037387901074
23,5-9,MALE,8.017919369859165
24,5-9,FEMALE,10.467712383568466
24,5-9,MALE,14.053873107568773
25,5-9,FEMALE,8.309366260301841
25,5-9,MALE,7.922884108659895
26,5-9,FEMALE,7.595600467043601
26,5-9,MALE,16.078998391274116
27,5-9,FEMALE,10.729316758378259
27,5-9,MALE,15.216121948245531
28,5-9,FEMALE,14.373822458513827
28,5-9,MALE,27.566234851944326
29,5-9,FEMALE,12.773067079746246
29,5-9,MALE,15.743547795966302
30,5-9,FEMALE,10.467897250981471
30,5-9,MALE,10.66355888184094
31,5-9,FEMALE,11.775322829244347
31,5-9,MALE,14.67089401676345
32,5-9,FEMALE,8.552793874335482
32,5-9,MALE,9.524702269146331
33,5-9,FEMALE,8.346382794701622
33,5-9,MALE,7.958178943785267
34,5-9,FEMALE,7.67112565266818
34,5-9,MALE,9.04799435955734
35,5-9,FEMALE,11.487745124432648
35,5-9,MALE,13.41845859072385
36,5-9,FEMALE,10.63556173555691
36,5-9,MALE,11.521858546853318
37,5-9,FEMALE,16.117853120415504
37,5-9,MALE,14.56432510880919
38,5-9,FEMALE,10.348245908644879
38,5-9,MALE,10.541671065815812
39,5-9,FEMALE,10.984757185643732
39,5-9,MALE,17.81311976050335
40,5-9,FEMALE,19.495635179863562
40,5-9,MALE,13.686329747479975
41,5-9,FEMALE,10.835236321028463
41,5-9,MALE,12.201842703860882
42,5-9,FEMALE,9.135335777305642
42,5-9,MALE,12.966283038756394
44,5-9,FEMALE,8.324804665791357
44,5-9,MALE,7.9376044487778055
45,5-9,FEMALE,13.407077843713115
45,5-9,MALE,18.985205121754337
46,5-9,FEMALE,10.271743012711399
46,5-9,MALE,10.463738209210678
47,5-9,FEMALE,21.296631267147927
47,5-9,MALE,13.739762107837372
48,5-9,FEMALE,9.818619850249467
48,5-9,MALE,11.082402603251875
49,5-9,FEMALE,10.231130112003292
49,5-9,MALE,10.422366188863167
50,5-9,FEMALE,8.32528312236644
50,5-9,MALE,7.938060651558698
51,5-9,FEMALE,10.004334530098616
51,5-9,MALE,15.006501795147926
53,5-9,FEMALE,11.828438369177544
53,5-9,MALE,13.306993165324737
54,5-9,FEMALE,9.583036371317199
54,5-9,MALE,14.525865657575546
55,5-9,FEMALE,14.11637602492637
55,5-9,MALE,13.430163301492447
56,5-9,FEMALE,10.49890647493618
56,5-9,MALE,10.695147717458353
01,10-14,FEMALE,17.53486132184084
01,10-14,MALE,29.388035734928785
02,10-14,FEMALE,13.708182945947078
02,10-14,MALE,19.152567662067902
04,10-14,FEMALE,18.01312236694632
04,10-14,MALE,26.040709508737617
05,10-14,FEMALE,14.747120367276947
05,10-14,MALE,34.50826165942806
06,10-14,FEMALE,11.112502255789117
06,10-14,MALE,12.898440118326654
08,10-14,FEMALE,14.219191412837182
08,10-14,MALE,20.022943009913583
09,10-14,FEMALE,10.139756218867294
09,10-14,MALE,11.699718714077648
10,10-14,FEMALE,11.606219857934502
10,10-14,MALE,18.294549945557772
11,10-14,FEMALE,11.590551240881835
11,10-14,MALE,18.26985195596628
12,10-14,FEMALE,12.405292527162793
12,10-14,MALE,21.321596531061047
13,10-14,FEMALE,12.33938246190388
13,10-14,MALE,24.189106889605224
15,10-14,FEMALE,12.807255148081378
15,10-14,MALE,14.95809189050726
16,10-14,FEMALE,13.796699427817948
16,10-14,MALE,19.276239626100256
17,10-14,FEMALE,9.259557012297657
17,10-14,MALE,22.16383327411673
18,10-14,FEMALE,15.751707912151057
18,10-14,MALE,20.110671107966443
19,10-14,FEMALE,13.22212169201151
19,10-14,MALE,21.194283300430218
20,10-14,FEMALE,13.477735634211173
20,10-14,MALE,23.09053237331767
21,10-14,FEMALE,16.992861084748764
21,10-14,MALE,24.007356067406683
22,10-14,FEMALE,21.400103566410998
22,10-14,MALE,26.28597196056876
23,10-14,FEMALE,10.169068469089673
23,10-14,MALE,11.733540541257314
24,10-14,FEMALE,15.313875524109422
24,10-14,MALE,18.99695951092055
25,10-14,FEMALE,10.0485359426906
25,10-14,MALE,11.787705625079356
26,10-14,FEMALE,12.429164400616802
26,10-14,MALE,20.320697353389377
27,10-14,FEMALE,18.23983848924304
27,10-14,MALE,12.777640866795927
28,10-14,FEMALE,22.93904543036796
28,10-14,MALE,30.027505820867926
29,10-14,FEMALE,15.05043562884829
29,10-14,MALE,26.1402303027365
30,10-14,FEMALE,15.55509965332761
30,10-14,MALE,22.20759510254948
31,10-14,FEMALE,13.12658938341993
31,10-14,MALE,21.041150629305477
32,10-14,FEMALE,23.131419796498232
32,10-14,MALE,14.870198440606007
33,10-14,FEMALE,10.093300123825218
33,10-14,MALE,11.646115527490636
34,10-14,FEMALE,9.834776477779718
34,10-14,MALE,13.080252715447026
35,10-14,FEMALE,14.48035099718401
35,10-14,MALE,21.430919475832333
36,10-14,FEMALE,11.915768240762835
36,10-14,MALE,13.688361863355654
37,10-14,FEMALE,15.82656661823932
37,10-14,MALE,23.302920174094705
38,10-14,FEMALE,15.37729999508912
38,10-14,MALE,21.953755338900816
39,10-14,FEMALE,13.557763373271994
39,10-14,MALE,22.167437924181947
40,10-14,FEMALE,20.283337611373202
40,10-14,MALE,27.668047906776067
41,10-14,FEMALE,13.763678569955074
41,10-14,MALE,17.961112460083214
42,10-14,FEMALE,8.545959275543987
42,10-14,MALE,18.270671554611283
44,10-14,FEMALE,10.06720564235234
44,10-14,MALE,11.616006510406546
45,10-14,FEMALE,18.202310065187152
45,10-14,MALE,28.7713933288442
46,10-14,FEMALE,15.263618121692641
46,10-14,MALE,21.79145480266811
47,10-14,FEMALE,13.64162094992425
47,10-14,MALE,24.73157179410727
48,10-14,FEMALE,13.123897819640376
48,10-14,MALE,18.859527237112836
49,10-14,FEMALE,15.203268110360034
49,10-14,MALE,17.115628878958777
50,10-14,FEMALE,10.067784241001275
50,10-14,MALE,11.61667412423224
51,10-14,FEMALE,13.241030995718758
51,10-14,MALE,16.085400617021303
53,10-14,FEMALE,14.982688600958223
53,10-14,MALE,19.615493628886092
54,10-14,FEMALE,11.903139913846628
54,10-14,MALE,18.762576474368416
55,10-14,FEMALE,12.64592018899654
55,10-14,MALE,20.586381703017622
56,10-14,FEMALE,15.601178780512642
56,10-14,MALE,22.273381026266474
01,15-19,FEMALE,44.96369467444104
01,15-19,MALE,113.14393757947582
02,15-19,FEMALE,38.888462258005895
02,15-19,MALE,99.36002106920506
04,15-19,FEMALE,42.97696042983388
04,15-19,MALE,88.98874038888155
05,15-19,FEMALE,36.47454437506498
05,15-19,MALE,112.66799960599587
06,15-19,FEMALE,26.789067938063052
06,15-19,MALE,61.813293797826965
08,15-19,FEMALE,33.75848845632773
08,15-19,MALE,94.50442183906074
09,15-19,FEMALE,17.354582759215177
09,15-19,MALE,50.796278750287115
10,15-19,FEMALE,24.687806646962372
10,15-19,MALE,77.6043005755112
11,15-19,FEMALE,24.654477639502886
11,15-19,MALE,208.33524730432515
12,15-19,FEMALE,28.00882453398474
12,15-19,MALE,77.43616194689899
13,15-19,FEMALE,41.32713808669395
13,15-19,MALE,91.95777882323605
15,15-19,FEMALE,29.231826635697193
15,15-19,MALE,66.28487778930668
16,15-19,FEMALE,38.45463032008833
16,15-19,MALE,77.39850530073757
17,15-19,FEMALE,30.832354732437942
17,15-19,MALE,87.1777442115258
18,15-19,FEMALE,32.791291313974845
18,15-19,MALE,103.9216452820532
19,15-19,FEMALE,31.791424950645325
19,15-19,MALE,59.207883164963306
20,15-19,FEMALE,49.74870064980889
20,15-19,MALE,98.30818933189326
21,15-19,FEMALE,46.13759375917252
21,15-19,MALE,94.25110159796698
22,15-19,FEMALE,48.56553183792816
22,15-19,MALE,148.82355128604544
23,15-19,FEMALE,19.653680406606004
23,15-19,MALE,56.12543558901415
24,15-19,FEMALE,31.79083020194867
24,15-19,MALE,80.05861508173659
25,15-19,FEMALE,15.459286065677846
25,15-19,MALE,40.677246460314834
26,15-19,FEMALE,30.678334353903377
26,15-19,MALE,67.37396258429584
27,15-19,FEMALE,35.1141275728743
27,15-19,MALE,59.30385990085438
28,15-19,FEMALE,54.83711718761783
28,15-19,MALE,167.36642588680485
29,15-19,FEMALE,38.913297382482746
29,15-19,MALE,111.09597878663014
30,15-19,FEMALE,36.686555786150016
30,15-19,MALE,100.66790907719566
31,15-19,FEMALE,39.47628718984376
31,15-19,MALE,71.6171273713058
32,15-19,FEMALE,35.76622892903928
32,15-19,MALE,91.65096163066316
33,15-19,FEMALE,19.507243508546814
33,15-19,MALE,45.90510537085892
34,15-19,FEMALE,21.046421662448594
34,15-19,MALE,47.40362262289824
35,15-19,FEMALE,46.53019453761795
35,15-19,MALE,151.5610071038593
36,15-19,FEMALE,21.960465435455472
36,15-19,MALE,45.69352449350376
37,15-19,FEMALE,36.21662177057218
37,15-19,MALE,97.67807372974697
38,15-19,FEMALE,36.26721696954981
38,15-19,MALE,78.33718865422759
39,15-19,FEMALE,27.21448852299123
39,15-19,MALE,78.87253582845095
40,15-19,FEMALE,56.12379824506177
40,15-19,MALE,106.53675386167866
41,15-19,FEMALE,29.08919300600434
41,15-19,MALE,91.66024239140295
42,15-19,FEMALE,18.467130388531835
42,15-19,MALE,67.87652711955052
44,15-19,FEMALE,19.456810904930965
44,15-19,MALE,46.36722598737279
45,15-19,FEMALE,28.28208391848971
45,15-19,MALE,96.88326325018967
46,15-19,FEMALE,72.382189080228
46,15-19,MALE,77.75805458220779
47,15-19,FEMALE,43.182109481774596
47,15-19,MALE,115.70842517957331
48,15-19,FEMALE,31.40014070921364
48,15-19,MALE,89.53414734732435
49,15-19,FEMALE,30.406536220720067
49,15-19,MALE,56.98835090424264
50,15-19,FEMALE,19.457929158089005
50,15-19,MALE,46.36989087922703
51,15-19,FEMALE,25.010836325246544
51,15-19,MALE,84.05602639504427
53,15-19,FEMALE,42.6809484487823
53,15-19,MALE,74.51916172581852
54,15-19,FEMALE,38.332145485268796
54,15-19,MALE,75.95817250107211
55,15-19,FEMALE,36.56533512012177
55,15-19,MALE,74.89521724335935
56,15-19,FEMALE,36.79523297290717
56,15-19,MALE,108.22704525097762
01,20-24,FEMALE,69.74760481089766
01,20-24,MALE,186.51606679768136
02,20-24,FEMALE,96.3461652442096
02,20-24,MALE,247.81672573914256
04,20-24,FEMALE,50.025573529943316
04,20-24,MALE,149.6851309731572
05,20-24,FEMALE,63.80587412241826
05,20-24,MALE,177.0637585431052
06,20-24,FEMALE,42.26719608005504
06,20-24,MALE,118.56643031846424
08,20-24,FEMALE,48.074409062449526
08,20-24,MALE,143.54612283435634
09,20-24,FEMALE,31.394245216108356
09,20-24,MALE,85.70043958061876
10,20-24,FEMALE,48.19531974905004
10,20-24,MALE,155.60203233264727
11,20-24,FEMALE,48.13025515281439
11,20-24,MALE,210.98732258825575
12,20-24,FEMALE,49.33042106504578
12,20-24,MALE,133.6476437106054
13,20-24,FEMALE,61.50104909583838
13,20-24,MALE,172.16376482561128
15,20-24,FEMALE,43.50556138088713
15,20-24,MALE,99.23178607101221
16,20-24,FEMALE,51.37068935889662
16,20-24,MALE,144.81641952603238
17,20-24,FEMALE,46.88882061546473
17,20-24,MALE,127.76218558457509
18,20-24,FEMALE,63.79937041147976
18,20-24,MALE,147.90754662164483
19,20-24,FEMALE,44.04133181236187
19,20-24,MALE,100.81867790158778
20,20-24,FEMALE,60.05520437008802
20,20-24,MALE,126.65107456266087
21,20-24,FEMALE,67.97144433899506
21,20-24,MALE,162.9141158648297
22,20-24,FEMALE,72.79943907295066
22,20-24,MALE,240.09157288891242
23,20-24,FEMALE,31.19166193884236
23,20-24,MALE,143.54031262138116
24,20-24,FEMALE,47.97701509135547
24,20-24,MALE,145.28797095341787
25,20-24,FEMALE,27.05375061493623
25,20-24,MALE,74.39781419107463
26,20-24,FEMALE,48.92750430718995
26,20-24,MALE,110.2841730149967
27,20-24,FEMALE,42.5271100604811
27,20-24,MALE,113.4381399090356
28,20-24,FEMALE,81.41884365199272
28,20-24,MALE,247.8007611512281
29,20-24,FEMALE,65.84565587621127
29,20-24,MALE,163.87151951147314
30,20-24,FEMALE,69.45987895511071
30,20-24,MALE,108.1030510498554
31,20-24,FEMALE,39.76584430859567
31,20-24,MALE,93.04435415894714
32,20-24,FEMALE,51.99709912238048
32,20-24,MALE,134.900885199746
33,20-24,FEMALE,30.959257110579273
33,20-24,MALE,93.75122999629961
34,20-24,FEMALE,35.79858637911817
34,20-24,MALE,95.10228854012988
35,20-24,FEMALE,83.11721472383621
35,20-24,MALE,223.76969074315025
36,20-24,FEMALE,33.28536913535403
36,20-24,MALE,87.54642947138976
37,20-24,FEMALE,65.73365399109215
37,20-24,MALE,162.44077271358518
38,20-24,FEMALE,47.582588664049354
38,20-24,MALE,99.7106685216156
39,20-24,FEMALE,56.507174351374516
39,20-24,MALE,131.32227734548857
40,20-24,FEMALE,59.373070775039025
40,20-24,MALE,127.90318231637761
41,20-24,FEMALE,55.835632212867395
41,20-24,MALE,147.788718829163
42,20-24,FEMALE,40.56874920459387
42,20-24,MALE,128.09115971619954
44,20-24,FEMALE,30.879217306830732
44,20-24,MALE,70.2768393879596
45,20-24,FEMALE,58.814991124610096
45,20-24,MALE,193.08149332588306
46,20-24,FEMALE,47.230818338822516
46,20-24,MALE,116.9250746680606
47,20-24,FEMALE,72.72259801362495
47,20-24,MALE,213.65330077687113
48,20-24,FEMALE,56.09251142172221
48,20-24,MALE,140.27988558326714
49,20-24,FEMALE,37.6735071413953
49,20-24,MALE,93.8012956997685
50,20-24,FEMALE,30.880992046917374
50,20-24,MALE,103.96923341187856
51,20-24,FEMALE,55.710411893098176
51,20-24,MALE,139.07986631058665
53,20-24,FEMALE,46.82090187799445
53,20-24,MALE,132.8727910137611
54,20-24,FEMALE,69.40135814174982
54,20-24,MALE,179.55583937836437
55,20-24,FEMALE,41.172763406035244
55,20-24,MALE,112.636917032225
56,20-24,FEMALE,48.275345660454214
56,20-24,MALE,164.35204061231872
01,25-29,FEMALE,78.6619756504927
01,25-29,MALE,275.95365555098124
02,25-29,FEMALE,161.58156068201447
02,25-29,MALE,186.27573421584822
04,25-29,FEMALE,82.23381950127667
04,25-29,MALE,228.29674652021095
05,25-29,FEMALE,83.37038714300567
05,25-29,MALE,207.24619822813204
06,25-29,FEMALE,55.06641742824072
06,25-29,MALE,166.48909629655483
08,25-29,FEMALE,63.84126756784041
08,25-29,MALE,181.56069579520673
09,25-29,FEMALE,49.723804534829995
09,25-29,MALE,128.40441288700217
10,25-29,FEMALE,108.29193274225325
10,25-29,MALE,244.81255276609298
11,25-29,FEMALE,71.9989327081897
11,25-29,MALE,206.27252208349026
12,25-29,FEMALE,72.3965118577391
12,25-29,MALE,173.28642998880525
13,25-29,FEMALE,81.87082331866382
13,25-29,MALE,193.80664993736332
15,25-29,FEMALE,59.05024511023781
15,25-29,MALE,122.793224931223
16,25-29,FEMALE,57.14377635351548
16,25-29,MALE,152.35078729867053
17,25-29,FEMALE,59.89160280294654
17,25-29,MALE,177.01514841594562
18,25-29,FEMALE,77.569731416442
18,25-29,MALE,206.3572803837148
19,25-29,FEMALE,54.152366047429496
19,25-29,MALE,127.74902870075827
20,25-29,FEMALE,82.45202976223305
20,25-29,MALE,167.0842814652944
21,25-29,FEMALE,88.02697224715783
21,25-29,MALE,213.79390341509492
22,25-29,FEMALE,97.6196505152721
22,25-29,MALE,268.91819641444323
23,25-29,FEMALE,54.56096351684651
23,25-29,MALE,177.56758019102736
24,25-29,FEMALE,73.85552626184418
24,25-29,MALE,203.05423558866607
25,25-29,FEMALE,40.96710807404629
25,25-29,MALE,109.66431052840223
26,25-29,FEMALE,73.39125646078493
26,25-29,MALE,160.09947477937357
27,25-29,FEMALE,60.084173846918254
27,25-29,MALE,150.5030523470696
28,25-29,FEMALE,102.09351979095096
28,25-29,MALE,253.31400812161698
29,25-29,FEMALE,80.10396331406754
29,25-29,MALE,215.45886794982815
30,25-29,FEMALE,76.30803603519205
30,25-29,MALE,169.54080313972796
31,25-29,FEMALE,58.39401894830189
31,25-29,MALE,125.66778953832902
32,25-29,FEMALE,72.40717541340834
32,25-29,MALE,199.04683925726212
33,25-29,FEMALE,45.12869766902622
33,25-29,MALE,170.22738862682147
34,25-29,FEMALE,47.89536144678723
34,25-29,MALE,127.95044197591412
35,25-29,FEMALE,119.02848519685256
35,25-29,MALE,309.6864399931087
36,25-29,FEMALE,52.88237640735242
36,25-29,MALE,120.7333211832664
37,25-29,FEMALE,85.44404063834725
37,25-29,MALE,215.552011610376
38,25-29,FEMALE,65.76455343811699
38,25-29,MALE,157.1579402013825
39,25-29,FEMALE,74.22133233543063
39,25-29,MALE,192.97546407211962
40,25-29,FEMALE,108.21062152863664
40,25-29,MALE,191.51015366078096
41,25-29,FEMALE,75.65142476393746
41,25-29,MALE,190.05590195533708
42,25-29,FEMALE,73.08268621844513
42,25-29,MALE,170.03512075823727
44,25-29,FEMALE,58.080032552032726
44,25-29,MALE,133.58407486967528
45,25-29,FEMALE,96.58967760397698
45,25-29,MALE,249.05848987043709
46,25-29,FEMALE,116.54108427506205
46,25-29,MALE,180.09149431632324
47,25-29,FEMALE,105.8943093882609
47,25-29,MALE,230.926144569581
48,25-29,FEMALE,64.55013446104601
48,25-29,MALE,159.13941282037996
49,25-29,FEMALE,49.81699802199734
49,25-29,MALE,114.93288219278465
50,25-29,FEMALE,45.01461223139994
50,25-29,MALE,208.132078059161
51,25-29,FEMALE,62.18380482433846
51,25-29,MALE,156.14608403840194
53,25-29,FEMALE,57.1707854510248
53,25-29,MALE,180.28511481021442
54,25-29,FEMALE,113.78594765100843
54,25-29,MALE,290.11381688324497
55,25-29,FEMALE,57.249747212201385
55,25-29,MALE,151.3589207117105
56,25-29,FEMALE,66.72202245753834
56,25-29,MALE,216.65033174447746
01,30-34,FEMALE,146.74425843641106
01,30-34,MALE,307.6927341447044
02,30-34,FEMALE,236.44185052867581
02,30-34,MALE,281.3580244366726
04,30-34,FEMALE,125.99395916445604
04,30-34,MALE,282.5319084293863
05,30-34,FEMALE,123.48255454199897
05,30-34,MALE,245.09714050414286
06,30-34,FEMALE,77.98595333080577
06,30-34,MALE,200.81879076533193
08,30-34,FEMALE,79.99504284636973
08,30-34,MALE,217.64068489036504
09,30-34,FEMALE,70.39330759636718
09,30-34,MALE,206.11004467966788
10,30-34,FEMALE,134.25839072949654
10,30-34,MALE,314.15479852748126
11,30-34,FEMALE,98.71613556852748
11,30-34,MALE,278.7625798442597
12,30-34,FEMALE,103.79740856711992
12,30-34,MALE,237.54196862559377
13,30-34,FEMALE,114.28618518287165
13,30-34,MALE,238.65932587031548
15,30-34,FEMALE,90.72620440778259
15,30-34,MALE,164.73454140852766
16,30-34,FEMALE,97.16398958739875
16,30-34,MALE,195.4043174280315
17,30-34,FEMALE,89.34487457610611
17,30-34,MALE,218.4861431199596
18,30-34,FEMALE,113.63024512727837
18,30-34,MALE,244.99354507389663
19,30-34,FEMALE,81.86048871083598
19,30-34,MALE,173.63756869068058
20,30-34,FEMALE,107.42548108444788
20,30-34,MALE,243.19384739966338
21,30-34,FEMALE,145.22968485221327
21,30-34,MALE,275.14603558735644
22,30-34,FEMALE,146.77148656049917
22,30-34,MALE,347.97154703191586
23,30-34,FEMALE,97.09504797890428
23,30-34,MALE,218.5371925809175
24,30-34,FEMALE,100.99403984887353
24,30-34,MALE,234.0696796881282
25,30-34,FEMALE,76.52346602510534
25,30-34,MALE,166.28394574394733
26,30-34,FEMALE,115.70960192002784
26,30-34,MALE,227.57208152557905
27,30-34,FEMALE,92.85735958160093
27,30-34,MALE,175.18048089133958
28,30-34,FEMALE,139.01258432480495
28,30-34,MALE,335.1266551286374
29,30-34,FEMALE,132.18639187179255
29,30-34,MALE,275.0665143219773
30,30-34,FEMALE,124.04947396490194
30,30-34,MALE,271.2848511866507
31,30-34,FEMALE,87.44624986307687
31,30-34,MALE,191.39725549501264
32,30-34,FEMALE,110.2144119715504
32,30-34,MALE,250.36360250327502
33,30-34,FEMALE,83.6579298724744
33,30-34,MALE,203.70997076835704
34,30-34,FEMALE,78.48151629268214
34,30-34,MALE,182.2384081332582
35,30-34,FEMALE,221.25976323697165
35,30-34,MALE,416.84103737227036
36,30-34,FEMALE,78.9788936288578
36,30-34,MALE,171.843103968026
37,30-34,FEMALE,127.19510595026692
37,30-34,MALE,284.68400812685695
38,30-34,FEMALE,136.6548735412637
38,30-34,MALE,221.27837980354658
39,30-34,FEMALE,123.40533522970932
39,30-34,MALE,250.27433263507208
40,30-34,FEMALE,130.75860363060005
40,30-34,MALE,310.84707203449125
41,30-34,FEMALE,86.29143160170416
41,30-34,MALE,267.7572362935232
42,30-34,FEMALE,96.95243453979214
42,30-34,MALE,216.59586439740795
44,30-34,FEMALE,54.88563076167093
44,30-34,MALE,167.27049374985427
45,30-34,FEMALE,141.11683394623586
45,30-34,MALE,297.7937071417446
46,30-34,FEMALE,113.56515872932323
46,30-34,MALE,218.8745240091775
47,30-34,FEMALE,147.99686613299113
47,30-34,MALE,340.5498179585406
48,30-34,FEMALE,80.2015977866912
48,30-34,MALE,195.2058283099102
49,30-34,FEMALE,50.96441448315659
49,30-34,MALE,161.30763083130424
50,30-34,FEMALE,97.38645140814695
50,30-34,MALE,287.0286564862383
51,30-34,FEMALE,97.49322081292182
51,30-34,MALE,205.18693957810103
53,30-34,FEMALE,92.95181151778687
53,30-34,MALE,215.96757055723333
54,30-34,FEMALE,220.20808840616263
54,30-34,MALE,344.48493903208674
55,30-34,FEMALE,93.22689999795122
55,30-34,MALE,220.5683753894745
56,30-34,FEMALE,83.30440745066184
56,30-34,MALE,235.78385289038917
01,35-39,FEMALE,217.7653447958223
01,35-39,MALE,436.11845030634316
02,35-39,FEMALE,231.19190812384505
02,35-39,MALE,401.71781512520084
04,35-39,FEMALE,142.83231268138414
04,35-39,MALE,348.8084510512486
05,35-39,FEMALE,185.51877422034397
05,35-39,MALE,340.5601663483156
06,35-39,FEMALE,97.23439473815478
06,35-39,MALE,234.0570787625583
08,35-39,FEMALE,116.84886548780487
08,35-39,MALE,272.29267909616783
09,35-39,FEMALE,111.53731840754024
09,35-39,MALE,245.98658596348253
10,35-39,FEMALE,152.848014061273
10,35-39,MALE,353.89134787159605
11,35-39,FEMALE,121.4061129977114
11,35-39,MALE,278.4679048127118
12,35-39,FEMALE,135.7798033637115
12,35-39,MALE,273.88559907626603
13,35-39,FEMALE,148.6601791838896
13,35-39,MALE,293.79482052152093
15,35-39,FEMALE,128.17031678728767
15,35-39,MALE,200.2233476585547
16,35-39,FEMALE,118.00581212729395
16,35-39,MALE,229.2600479388472
17,35-39,FEMALE,117.911593018301
17,35-39,MALE,243.80216601528403
18,35-39,FEMALE,159.7956280647777
18,35-39,MALE,309.9817236296896
19,35-39,FEMALE,106.65196688335756
19,35-39,MALE,205.5262151243554
20,35-39,FEMALE,115.74996485851948
20,35-39,MALE,265.491571794498
21,35-39,FEMALE,193.24439698702662
21,35-39,MALE,368.1127930335692
22,35-39,FEMALE,201.4932125750661
22,35-39,MALE,419.10979085085285
23,35-39,FEMALE,164.17178807309193
23,35-39,MALE,335.6770389844697
24,35-39,FEMALE,131.52486763428155
24,35-39,MALE,282.919004144781
25,35-39,FEMALE,104.15693986750449
25,35-39,MALE,216.91310760904227
26,35-39,FEMALE,149.54454945504025
26,35-39,MALE,297.510792319526
27,35-39,FEMALE,101.34327374504556
27,35-39,MALE,193.81047635361455
28,35-39,FEMALE,208.51887648720745
28,35-39,MALE,429.7379111740607
29,35-39,FEMALE,158.32662217452904
29,35-39,MALE,319.52470904140415
30,35-39,FEMALE,147.52886966803797
30,35-39,MALE,269.71955813977496
31,35-39,FEMALE,101.05543444441666
31,35-39,MALE,185.4130750408065
32,35-39,FEMALE,135.96998443403794
32,35-39,MALE,322.6735870772022
33,35-39,FEMALE,155.08743844108363
33,35-39,MALE,272.61615430600995
34,35-39,FEMALE,98.54446030735278
34,35-39,MALE,201.51457002970642
35,35-39,FEMALE,246.74518099201552
35,35-39,MALE,529.3050967837328
36,35-39,FEMALE,101.13631391126803
36,35-39,MALE,222.06658994148918
37,35-39,FEMALE,149.72126211855846
37,35-39,MALE,324.0076859206418
38,35-39,FEMALE,129.88499304028107
38,35-39,MALE,220.6013917534483
39,35-39,FEMALE,169.81840838346525
39,35-39,MALE,310.44309271499446
40,35-39,FEMALE,182.4515756984201
40,35-39,MALE,346.7859954721185
41,35-39,FEMALE,128.2657705029856
41,35-39,MALE,301.53193689781006
42,35-39,FEMALE,127.01063612963651
42,35-39,MALE,259.03097252424703
44,35-39,FEMALE,123.71046933582971
44,35-39,MALE,236.96653281229354
45,35-39,FEMALE,174.48773573241232
45,35-39,MALE,353.37925615801504
46,35-39,FEMALE,166.17184257012553
46,35-39,MALE,272.4411838324762
47,35-39,FEMALE,190.59012866728696
47,35-39,MALE,415.1370979725149
48,35-39,FEMALE,120.73985994069147
48,35-39,MALE,228.55025017758908
49,35-39,FEMALE,122.96479742089937
49,35-39,MALE,233.11677769218718
50,35-39,FEMALE,214.7148600628926
50,35-39,MALE,323.62117997756985
51,35-39,FEMALE,124.26952793759753
51,35-39,MALE,247.36207534224226
53,35-39,FEMALE,121.43863392355613
53,35-39,MALE,257.2685345296116
54,35-39,FEMALE,249.76419005664619
54,35-39,MALE,461.29710869509006
55,35-39,FEMALE,142.7322464742555
55,35-39,MALE,254.78098117210854
56,35-39,FEMALE,115.2917299817758
56,35-39,MALE,323.79805016158315
01,40-44,FEMALE,279.87206031563846
01,40-44,MALE,544.7562224064633
02,40-44,FEMALE,335.99631390917096
02,40-44,MALE,462.18937393640005
04,40-44,FEMALE,197.94855122807314
04,40-44,MALE,384.6389009768048
05,40-44,FEMALE,215.2096432264616
05,40-44,MALE,484.1971187255931
06,40-44,FEMALE,139.8984658987737
06,40-44,MALE,287.6352146386844
08,40-44,FEMALE,159.50643972631642
08,40-44,MALE,304.21331288008804
09,40-44,FEMALE,137.27669957851106
09,40-44,MALE,293.76043737929956
10,40-44,FEMALE,264.38575405193166
10,40-44,MALE,399.23429155386555
11,40-44,FEMALE,168.65234305588226
11,40-44,MALE,368.93313949789973
12,40-44,FEMALE,180.2644070353343
12,40-44,MALE,334.07065110257923
13,40-44,FEMALE,202.3266997324874
13,40-44,MALE,364.893167087729
15,40-44,FEMALE,148.50550053385967
15,40-44,MALE,311.48026642585705
16,40-44,FEMALE,177.1065671230531
16,40-44,MALE,289.24144332361607
17,40-44,FEMALE,161.84523586388352
17,40-44,MALE,308.42205325004215
18,40-44,FEMALE,213.68826394031336
18,40-44,MALE,378.4372592730631
19,40-44,FEMALE,158.37379585504965
19,40-44,MALE,253.84529219001513
20,40-44,FEMALE,201.47232753199498
20,40-44,MALE,296.5101839526458
21,40-44,FEMALE,317.03541407534175
21,40-44,MALE,502.27735903989947
22,40-44,FEMALE,268.03874010349483
22,40-44,MALE,542.4291091193948
23,40-44,FEMALE,213.06154032833075
23,40-44,MALE,427.6875527288291
24,40-44,FEMALE,166.02954919493317
24,40-44,MALE,324.98370020467655
25,40-44,FEMALE,129.278279724231
25,40-44,MALE,270.15102399772036
26,40-44,FEMALE,196.49917052403705
26,40-44,MALE,350.0881306173732
27,40-44,FEMALE,146.0162471572023
27,40-44,MALE,231.55816349445445
28,40-44,FEMALE,303.9177392426862
28,40-44,MALE,518.1467643777963
29,40-44,FEMALE,214.46870771108811
29,40-44,MALE,416.857460509548
30,40-44,FEMALE,188.7156429639557
30,40-44,MALE,303.5690202784627
31,40-44,FEMALE,132.52064134879092
31,40-44,MALE,247.76437461205114
32,40-44,FEMALE,206.3361522183435
32,40-44,MALE,368.2560907938311
33,40-44,FEMALE,138.87992766532582
33,40-44,MALE,291.249939149995
34,40-44,FEMALE,136.1133064524713
34,40-44,MALE,265.0472260761634
35,40-44,FEMALE,267.11420806138767
35,40-44,MALE,628.9299116443589
36,40-44,FEMALE,142.00444465438022
36,40-44,MALE,293.65967680954356
37,40-44,FEMALE,215.7462026118268
37,40-44,MALE,404.8882380248955
38,40-44,FEMALE,205.41751691553011
38,40-44,MALE,248.45461438606253
39,40-44,FEMALE,216.82525219590465
39,40-44,MALE,381.99245708634965
40,40-44,FEMALE,248.71704274916846
40,40-44,MALE,430.08552760426284
41,40-44,FEMALE,169.84965043774346
41,40-44,MALE,363.2244536085307
42,40-44,FEMALE,187.6181863941266
42,40-44,MALE,321.2101934601016
44,40-44,FEMALE,159.6232894638366
44,40-44,MALE,286.43136053577473
45,40-44,FEMALE,247.39483787523181
45,40-44,MALE,433.72386133822283
46,40-44,FEMALE,211.29071374745598
46,40-44,MALE,321.0159685467936
47,40-44,FEMALE,258.50380994316885
47,40-44,MALE,522.3072424136465
48,40-44,FEMALE,166.5276812225479
48,40-44,MALE,286.87868493154633
49,40-44,FEMALE,140.55851649200784
49,40-44,MALE,260.1766825678595
50,40-44,FEMALE,157.40593438334687
50,40-44,MALE,360.21370346890143
51,40-44,FEMALE,169.28903332304128
51,40-44,MALE,285.81010608536633
53,40-44,FEMALE,175.65230978228652
53,40-44,MALE,331.88626657517324
54,40-44,FEMALE,377.57163302989767
54,40-44,MALE,605.4461505331141
55,40-44,FEMALE,182.7286452115469
55,40-44,MALE,269.38750914234487
56,40-44,FEMALE,233.13459611633985
56,40-44,MALE,336.6518515467854
01,45-49,FEMALE,378.4199401467663
01,45-49,MALE,693.3617231060864
02,45-49,FEMALE,385.4818821324834
02,45-49,MALE,491.06405716296945
04,45-49,FEMALE,243.56874157044808
04,45-49,MALE,438.4824732693074
05,45-49,FEMALE,345.3775590016261
05,45-49,MALE,596.865118331589
06,45-49,FEMALE,188.5156632678511
06,45-49,MALE,349.25007089622943
08,45-49,FEMALE,203.42149347752786
08,45-49,MALE,368.53822641435147
09,45-49,FEMALE,181.05314710035157
09,45-49,MALE,355.5739512520098
10,45-49,FEMALE,272.84452445686696
10,45-49,MALE,492.3791238035603
11,45-49,FEMALE,269.4312038452447
11,45-49,MALE,524.423331144645
12,45-49,FEMALE,233.8591474065923
12,45-49,MALE,401.2336801754215
13,45-49,FEMALE,268.72432917035115
13,45-49,MALE,469.38619158654996
15,45-49,FEMALE,209.70658238652334
15,45-49,MALE,392.1366442668276
16,45-49,FEMALE,190.80541761875887
16,45-49,MALE,350.1034790973945
17,45-49,FEMALE,208.9310683306737
17,45-49,MALE,395.8953152385561
18,45-49,FEMALE,288.6822443774099
18,45-49,MALE,492.0675044003415
19,45-49,FEMALE,239.16484825256114
19,45-49,MALE,384.3165224155993
20,45-49,FEMALE,244.87856435393977
20,45-49,MALE,440.3057310500018
21,45-49,FEMALE,373.4477610485484
21,45-49,MALE,648.4950009319238
22,45-49,FEMALE,357.54784908446504
22,45-49,MALE,652.7520174594771
23,45-49,FEMALE,266.05803177300965
23,45-49,MALE,473.15502232620116
24,45-49,FEMALE,210.8080966135316
24,45-49,MALE,403.5884663442508
25,45-49,FEMALE,170.8251110257402
25,45-49,MALE,322.42273500729357
26,45-49,FEMALE,252.23312200299335
26,45-49,MALE,445.67432350783105
27,45-49,FEMALE,202.39392976031718
27,45-49,MALE,318.3680899940603
28,45-49,FEMALE,421.46804071847737
28,45-49,MALE,663.9524565768305
29,45-49,FEMALE,283.87894044676347
29,45-49,MALE,506.6649941632677
30,45-49,FEMALE,298.5796486915463
30,45-49,MALE,364.12629502946766
31,45-49,FEMALE,210.02543013471887
31,45-49,MALE,341.3878430085021
32,45-49,FEMALE,261.1517856856754
32,45-49,MALE,448.5357242052073
33,45-49,FEMALE,177.79736371969037
33,45-49,MALE,407.4199415367141
34,45-49,FEMALE,163.15894176636553
34,45-49,MALE,320.51536541084096
35,45-49,FEMALE,362.87759598943126
35,45-49,MALE,729.0374048715577
36,45-49,FEMALE,201.38633101123963
36,45-49,MALE,350.08724046208164
37,45-49,FEMALE,265.1678124810527
37,45-49,MALE,482.0791611015842
38,45-49,FEMALE,224.08304458252508
38,45-49,MALE,480.27466525542496
39,45-49,FEMALE,302.5261505992152
39,45-49,MALE,499.4600857292245
40,45-49,FEMALE,368.8416635543884
40,45-49,MALE,568.3273043342044
41,45-49,FEMALE,213.8738989132735
41,45-49,MALE,403.73457138534883
42,45-49,FEMALE,239.0904008813111
42,45-49,MALE,412.6617806501183
44,45-49,FEMALE,202.892913715101
44,45-49,MALE,326.40978294242393
45,45-49,FEMALE,323.92282965467456
45,45-49,MALE,542.2526885548494
46,45-49,FEMALE,280.216989290697
46,45-49,MALE,455.79659648928714
47,45-49,FEMALE,380.4932692291821
47,45-49,MALE,637.2305383299147
48,45-49,FEMALE,220.5786974278816
48,45-49,MALE,380.2041805378779
49,45-49,FEMALE,197.16439524253073
49,45-49,MALE,314.3921103576339
50,45-49,FEMALE,166.31205121192494
50,45-49,MALE,392.5467797813478
51,45-49,FEMALE,221.27234019512235
51,45-49,MALE,383.7937354536852
53,45-49,FEMALE,212.81332032545268
53,45-49,MALE,396.84410728590666
54,45-49,FEMALE,443.44239882432015
54,45-49,MALE,770.1735020527034
55,45-49,FEMALE,216.74519021605695
55,45-49,MALE,365.35926003403176
56,45-49,FEMALE,275.13022201608453
56,45-49,MALE,357.944026360441
01,50-54,FEMALE,530.7479253728138
01,50-54,MALE,818.2608749795337
02,50-54,FEMALE,377.41252621394716
02,50-54,MALE,649.6317620199885
04,50-54,FEMALE,364.6678305264948
04,50-54,MALE,635.060460839026
05,50-54,FEMALE,535.7137258752805
05,50-54,MALE,888.8581016036725
06,50-54,FEMALE,271.76021141612847
06,50-54,MALE,481.2110351837252
08,50-54,FEMALE,307.8890222249031
08,50-54,MALE,510.92359892929255
09,50-54,FEMALE,265.97360543336515
09,50-54,MALE,486.6108008496795
10,50-54,FEMALE,404.8406858920204
10,50-54,MALE,669.8165867163893
11,50-54,FEMALE,529.4328066809584
11,50-54,MALE,579.9204620861555
12,50-54,FEMALE,326.0265942294971
12,50-54,MALE,560.4672397233002
13,50-54,FEMALE,408.2768689180736
13,50-54,MALE,636.0657864290928
15,50-54,FEMALE,297.01100106771935
15,50-54,MALE,539.2734305100525
16,50-54,FEMALE,310.1811147956234
16,50-54,MALE,413.9988317666507
17,50-54,FEMALE,316.79505693137514
17,50-54,MALE,578.131277714627
18,50-54,FEMALE,424.70170955592187
18,50-54,MALE,699.8117276190884
19,50-54,FEMALE,350.28900335527555
19,50-54,MALE,558.6346414874863
20,50-54,FEMALE,385.0073745508118
20,50-54,MALE,594.6059838622576
21,50-54,FEMALE,577.6584811774769
21,50-54,MALE,866.5371196182058
22,50-54,FEMALE,485.3621662756321
22,50-54,MALE,846.9164274433066
23,50-54,FEMALE,374.8866202931712
23,50-54,MALE,627.4510804437349
24,50-54,FEMALE,299.008265771377
24,50-54,MALE,546.065662676155
25,50-54,FEMALE,275.85163573443907
25,50-54,MALE,476.04939028496716
26,50-54,FEMALE,363.70102496090595
26,50-54,MALE,588.3137816291953
27,50-54,FEMALE,289.2038562599231
27,50-54,MALE,470.72438796303163
28,50-54,FEMALE,551.3246970388866
28,50-54,MALE,946.309462131746
29,50-54,FEMALE,430.12560770866423
29,50-54,MALE,681.032212205385
30,50-54,FEMALE,345.83193254410753
30,50-54,MALE,601.1703608157117
31,50-54,FEMALE,307.60617915411257
31,50-54,MALE,504.89109606374745
32,50-54,FEMALE,364.95160225147424
32,50-54,MALE,671.0055557774109
33,50-54,FEMALE,299.98452579561297
33,50-54,MALE,530.9658170908439
34,50-54,FEMALE,261.4083587793849
34,50-54,MALE,466.7584916354254
35,50-54,FEMALE,443.8710259003472
35,50-54,MALE,876.1577710029471
36,50-54,FEMALE,282.9256376505093
36,50-54,MALE,501.84095004072236
37,50-54,FEMALE,410.71396806841915
37,50-54,MALE,658.0162084159992
38,50-54,FEMALE,384.9160627701553
38,50-54,MALE,634.7246532564144
39,50-54,FEMALE,410.79033403249673
39,50-54,MALE,690.753199601741
40,50-54,FEMALE,480.5969460248184
40,50-54,MALE,798.4348771389576
41,50-54,FEMALE,402.5631944857782
41,50-54,MALE,601.3068084462642
42,50-54,FEMALE,346.9463007036938
42,50-54,MALE,576.4102187228979
44,50-54,FEMALE,305.50097122369215
44,50-54,MALE,499.48827994748143
45,50-54,FEMALE,453.0026521061898
45,50-54,MALE,772.3259733035322
46,50-54,FEMALE,464.14838753700576
46,50-54,MALE,545.8423436474488
47,50-54,FEMALE,503.9548458838922
47,50-54,MALE,834.0035599457285
48,50-54,FEMALE,338.693777804645
48,50-54,MALE,550.2315678456632
49,50-54,FEMALE,267.06118133481493
49,50-54,MALE,436.209491317374
50,50-54,FEMALE,271.6365632716306
50,50-54,MALE,625.5579015899062
51,50-54,FEMALE,331.12385660404834
51,50-54,MALE,514.9289831668406
53,50-54,FEMALE,317.5935702124171
53,50-54,MALE,558.0065800659507
54,50-54,FEMALE,643.4756738171833
54,50-54,MALE,953.2599337783952
55,50-54,FEMALE,335.0678698138773
55,50-54,MALE,541.0297172331154
56,50-54,FEMALE,436.93112647561503
56,50-54,MALE,658.8799717681911
01,55-59,FEMALE,777.2155850697499
01,55-59,MALE,1189.4317663116844
02,55-59,FEMALE,658.6733294949748
02,55-59,MALE,946.9340559824435
04,55-59,FEMALE,509.3601938870744
04,55-59,MALE,914.5575497391985
05,55-59,FEMALE,832.5241018006745
05,55-59,MALE,1222.3396501756952
06,55-59,FEMALE,422.77117957069134
06,55-59,MALE,741.5610880336417
08,55-59,FEMALE,448.14635248758276
08,55-59,MALE,729.6283049457882
09,55-59,FEMALE,370.2960973005575
09,55-59,MALE,697.9857189506822
10,55-59,FEMALE,556.7051219992311
10,55-59,MALE,1103.0826754808086
11,55-59,FEMALE,810.9456868196646
11,55-59,MALE,1047.3732871315508
12,55-59,FEMALE,483.51565951574344
12,55-59,MALE,851.7977814158888
13,55-59,FEMALE,604.238014205928
13,55-59,MALE,955.7145511565076
15,55-59,FEMALE,383.72882791007186
15,55-59,MALE,853.7844214366006
16,55-59,FEMALE,497.56181979045584
16,55-59,MALE,772.3216211614686
17,55-59,FEMALE,498.8340075561205
17,55-59,MALE,857.4940828941606
18,55-59,FEMALE,631.9505960478716
18,55-59,MALE,1012.6664042642019
19,55-59,FEMALE,507.9822488291187
19,55-59,MALE,791.7717577922186
20,55-59,FEMALE,567.9478155857664
20,55-59,MALE,897.2604296481468
21,55-59,FEMALE,838.9731182074797
21,55-59,MALE,1308.4503035256548
22,55-59,FEMALE,733.5642806988465
22,55-59,MALE,1197.3309086723011
23,55-59,FEMALE,531.6271660234669
23,55-59,MALE,916.9761932992591
24,55-59,FEMALE,485.2947768937713
24,55-59,MALE,836.447758057369
25,55-59,FEMALE,403.68060739001277
25,55-59,MALE,696.1509756450555
26,55-59,FEMALE,551.5195092368932
26,55-59,MALE,943.0381878563225
27,55-59,FEMALE,400.1059758442511
27,55-59,MALE,699.9416096192945
28,55-59,FEMALE,897.8716494633295
28,55-59,MALE,1282.322174809196
29,55-59,FEMALE,671.328641865733
29,55-59,MALE,1057.1940869027183
30,55-59,FEMALE,538.3629773098228
30,55-59,MALE,821.9745112406199
31,55-59,FEMALE,492.5366589969993
31,55-59,MALE,778.6190923238865
32,55-59,FEMALE,542.4220751439354
32,55-59,MALE,989.4999367569266
33,55-59,FEMALE,415.1840185550412
33,55-59,MALE,710.0248433260124
34,55-59,FEMALE,416.8961748930822
34,55-59,MALE,694.0401760369147
35,55-59,FEMALE,635.1081947364906
35,55-59,MALE,1152.2497966825888
36,55-59,FEMALE,441.37581202561176
36,55-59,MALE,762.1167802914346
37,55-59,FEMALE,600.6327674872911
37,55-59,MALE,979.6936023192316
38,55-59,FEMALE,532.4027451129912
38,55-59,MALE,813.8363487966977
39,55-59,FEMALE,611.1879313381594
39,55-59,MALE,995.2585857299011
40,55-59,FEMALE,788.982447960842
40,55-59,MALE,1291.9304504797462
41,55-59,FEMALE,515.112991586191
41,55-59,MALE,851.5910059878586
42,55-59,FEMALE,543.2086757903247
42,55-59,MALE,874.0453521125332
44,55-59,FEMALE,429.98584099354895
44,55-59,MALE,727.0652074971964
45,55-59,FEMALE,658.610466337148
45,55-59,MALE,1149.289943040634
46,55-59,FEMALE,506.09933797209817
46,55-59,MALE,728.1417827235138
47,55-59,FEMALE,732.6237438214713
47,55-59,MALE,1182.9935174847978
48,55-59,FEMALE,519.4147114839891
48,55-59,MALE,866.2744701541882
49,55-59,FEMALE,448.06612808268625
49,55-59,MALE,648.385918593405
50,55-59,FEMALE,499.51698734198635
50,55-59,MALE,778.0267494704544
51,55-59,FEMALE,511.00571472366465
51,55-59,MALE,824.1806182001831
53,55-59,FEMALE,502.1172087715868
53,55-59,MALE,822.4707479368119
54,55-59,FEMALE,980.5968059534158
54,55-59,MALE,1451.880447288089
55,55-59,FEMALE,483.87800040997615
55,55-59,MALE,795.0264552927282
56,55-59,FEMALE,593.0410349020025
56,55-59,MALE,831.1797827026578
01,60-64,FEMALE,1143.488470446079
01,60-64,MALE,1806.188676268723
02,60-64,FEMALE,875.2820642720676
02,60-64,MALE,1357.7906597382757
04,60-64,FEMALE,771.4315448453098
04,60-64,MALE,1314.860035382913
05,60-64,FEMALE,1211.4267811039103
05,60-64,MALE,1884.3870405306484
06,60-64,FEMALE,645.6165373073196
06,60-64,MALE,1120.4775712020223
08,60-64,FEMALE,675.6534150929776
08,60-64,MALE,1087.3328617122636
09,60-64,FEMALE,630.5173410328346
09,60-64,MALE,1043.6149092957262
10,60-64,FEMALE,755.6829421060233
10,60-64,MALE,1255.5372583604567
11,60-64,FEMALE,1070.1614895712507
11,60-64,MALE,1638.9825254691038
12,60-64,FEMALE,765.54223181296
12,60-64,MALE,1229.4807890592747
13,60-64,FEMALE,916.9336348476668
13,60-64,MALE,1457.7119678209465
15,60-64,FEMALE,604.9717164605158
15,60-64,MALE,1209.3568410821883
16,60-64,FEMALE,661.4587810783642
16,60-64,MALE,1035.9266442716926
17,60-64,FEMALE,773.0745046011915
17,60-64,MALE,1276.538290663461
18,60-64,FEMALE,1024.158216325897
18,60-64,MALE,1538.3177387413937
19,60-64,FEMALE,775.9246560584108
19,60-64,MALE,1290.6151872165647
20,60-64,FEMALE,919.2608510510503
20,60-64,MALE,1403.270121914928
21,60-64,FEMALE,1172.3098234397023
21,60-64,MALE,1850.048352750031
22,60-64,FEMALE,1093.7504987161567
22,60-64,MALE,1814.611521590193
23,60-64,FEMALE,787.0272318048344
23,60-64,MALE,1302.423000079562
24,60-64,FEMALE,755.7106801359567
24,60-64,MALE,1214.4484830195636
25,60-64,FEMALE,584.2643927447122
25,60-64,MALE,972.2924729932259
26,60-64,FEMALE,880.5964333675095
26,60-64,MALE,1398.2809950693902
27,60-64,FEMALE,634.2001596634132
27,60-64,MALE,984.3660429595764
28,60-64,FEMALE,1226.5990000727656
28,60-64,MALE,1941.844343641964
29,60-64,FEMALE,962.8318161507945
29,60-64,MALE,1574.2557635727562
30,60-64,FEMALE,814.7350308988196
30,60-64,MALE,1217.2110055767428
31,60-64,FEMALE,779.2947256009743
31,60-64,MALE,1188.3424153578396
32,60-64,FEMALE,824.8586546759685
32,60-64,MALE,1302.2600582070581
33,60-64,FEMALE,663.7315341042371
33,60-64,MALE,1003.021699805131
34,60-64,FEMALE,650.767159534684
34,60-64,MALE,995.1810317865296
35,60-64,FEMALE,842.5633566894802
35,60-64,MALE,1458.1713454164299
36,60-64,FEMALE,639.1184783681884
36,60-64,MALE,1089.2587810832867
37,60-64,FEMALE,922.2130658897979
37,60-64,MALE,1430.3138211857877
38,60-64,FEMALE,711.2243029175181
38,60-64,MALE,1249.3330901670518
39,60-64,FEMALE,959.6323462088944
39,60-64,MALE,1525.1988986048757
40,60-64,FEMALE,1190.4152996189416
40,60-64,MALE,1792.121494488367
41,60-64,FEMALE,789.8008745355071
41,60-64,MALE,1325.705806089077
42,60-64,FEMALE,789.6662829436565
42,60-64,MALE,1276.2948145648622
44,60-64,FEMALE,686.02198449376
44,60-64,MALE,1104.585419085409
45,60-64,FEMALE,896.2191160052898
45,60-64,MALE,1586.2432464871963
46,60-64,FEMALE,716.4300757370577
46,60-64,MALE,1028.806260441384
47,60-64,FEMALE,1091.8203817835056
47,60-64,MALE,1710.600382425753
48,60-64,FEMALE,821.5560035094876
48,60-64,MALE,1324.735967320292
49,60-64,FEMALE,647.4297382091056
49,60-64,MALE,1004.6587297833514
50,60-64,FEMALE,666.7002891132288
50,60-64,MALE,1141.2414270881159
51,60-64,FEMALE,795.34459514284
51,60-64,MALE,1240.4394000211491
53,60-64,FEMALE,760.5685871381162
53,60-64,MALE,1217.2448785081126
54,60-64,FEMALE,1339.4058625089451
54,60-64,MALE,1963.8163376505604
55,60-64,FEMALE,717.0922959884472
55,60-64,MALE,1170.5808757892066
56,60-64,FEMALE,840.697482964983
56,60-64,MALE,1203.9400228735226
01,65-69,FEMALE,1560.6026576438348
01,65-69,MALE,2483.876780316181
02,65-69,FEMALE,1086.2519720217497
02,65-69,MALE,1949.5758341494804
04,65-69,FEMALE,1122.8832258090995
04,65-69,MALE,1827.548741011706
05,65-69,FEMALE,1620.6102142279547
05,65-69,MALE,2397.1935727687587
06,65-69,FEMALE,931.6642516237483
06,65-69,MALE,1587.7979785660111
08,65-69,FEMALE,954.3302209459296
08,65-69,MALE,1545.5390503014455
09,65-69,FEMALE,928.9576658977651
09,65-69,MALE,1436.5304627768337
10,65-69,FEMALE,1018.1015402498306
10,65-69,MALE,1568.806836729282
11,65-69,FEMALE,1479.465108391205
11,65-69,MALE,2533.0265711852608
12,65-69,FEMALE,1042.0445722816746
12,65-69,MALE,1749.049329982085
13,65-69,FEMALE,1351.7499692195179
13,65-69,MALE,2064.006545770525
15,65-69,FEMALE,895.7257379139054
15,65-69,MALE,1522.2058217986798
16,65-69,FEMALE,1043.6567099085548
16,65-69,MALE,1585.1527002173814
17,65-69,FEMALE,1132.4241214188708
17,65-69,MALE,1821.2760595784189
18,65-69,FEMALE,1374.5594168622383
18,65-69,MALE,2130.9385986815673
19,65-69,FEMALE,1189.3104018998295
19,65-69,MALE,1793.055811513002
20,65-69,FEMALE,1267.4026546024022
20,65-69,MALE,1858.341901564176
21,65-69,FEMALE,1662.2377194819649
21,65-69,MALE,2502.099999025274
22,65-69,FEMALE,1516.9644190181023
22,65-69,MALE,2385.0855152920535
23,65-69,FEMALE,1104.4195034458448
23,65-69,MALE,1615.904091540153
24,65-69,FEMALE,1061.503574304091
24,65-69,MALE,1662.718573519602
25,65-69,FEMALE,926.0112353341029
25,65-69,MALE,1437.6169835701294
26,65-69,FEMALE,1264.3222231960758
26,65-69,MALE,1900.675711675274
27,65-69,FEMALE,942.6192468451591
27,65-69,MALE,1460.942785518087
28,65-69,FEMALE,1725.547850892958
28,65-69,MALE,2636.513461910961
29,65-69,FEMALE,1351.1726617846298
29,65-69,MALE,2209.5425727483525
30,65-69,FEMALE,1092.770208350122
30,65-69,MALE,1503.2683098932832
31,65-69,FEMALE,1102.343951088522
31,65-69,MALE,1730.7794178197512
32,65-69,FEMALE,1202.7366385784271
32,65-69,MALE,1966.9482094181985
33,65-69,FEMALE,991.9578900540149
33,65-69,MALE,1556.309238323665
34,65-69,FEMALE,905.6845658387342
34,65-69,MALE,1444.8270123506181
35,65-69,FEMALE,1153.6012961089928
35,65-69,MALE,1916.3296509673319
36,65-69,FEMALE,922.634980559562
36,65-69,MALE,1491.440578564902
37,65-69,FEMALE,1287.6805306201832
37,65-69,MALE,2031.9175436803328
38,65-69,FEMALE,1095.8502279519168
38,65-69,MALE,1596.1443969745335
39,65-69,FEMALE,1346.4739303411586
39,65-69,MALE,2147.5695106815733
40,65-69,FEMALE,1659.7874859947478
40,65-69,MALE,2451.428429661935
41,65-69,FEMALE,1143.5566982058417
41,65-69,MALE,1825.5908979808496
42,65-69,FEMALE,1167.456620572877
42,65-69,MALE,1847.4988741888656
44,65-69,FEMALE,1054.152590819394
44,65-69,MALE,1665.5417334837919
45,65-69,FEMALE,1305.477506825788
45,65-69,MALE,2115.382442844545
46,65-69,FEMALE,1033.4141451573664
46,65-69,MALE,1475.291089900456
47,65-69,FEMALE,1562.9960809244142
47,65-69,MALE,2337.5260991747896
48,65-69,FEMALE,1210.6066633183823
48,65-69,MALE,1891.2994968970634
49,65-69,FEMALE,933.7101452683379
49,65-69,MALE,1427.2904596436742
50,65-69,FEMALE,935.0454613829935
50,65-69,MALE,1527.302230483434
51,65-69,FEMALE,1223.2751005822545
51,65-69,MALE,1805.7823826828003
53,65-69,FEMALE,1041.0997171271104
53,65-69,MALE,1619.6089236996352
54,65-69,FEMALE,1741.994264171334
54,65-69,MALE,2630.0895506247725
55,65-69,FEMALE,1022.35892752748
55,65-69,MALE,1585.9356342448527
56,65-69,FEMALE,1199.0339918104685
56,65-69,MALE,1750.0794008127261
01,70-74,FEMALE,2226.339627159088
01,70-74,MALE,3367.8688952228385
02,70-74,FEMALE,1574.2049522040786
02,70-74,MALE,2616.5129618742817
04,70-74,FEMALE,1585.0568708871078
04,70-74,MALE,2512.341083168171
05,70-74,FEMALE,2361.2105990726027
05,70-74,MALE,3573.4238932627677
06,70-74,FEMALE,1471.0174861100843
06,70-74,MALE,2257.2270207071647
08,70-74,FEMALE,1460.8042769841302
08,70-74,MALE,2151.3539878429374
09,70-74,FEMALE,1423.6607721913483
09,70-74,MALE,2021.808891448568
10,70-74,FEMALE,1642.9686144655755
10,70-74,MALE,2330.4896043550852
11,70-74,FEMALE,1876.3923758861497
11,70-74,MALE,2898.128935273038
12,70-74,FEMALE,1516.1593460541774
12,70-74,MALE,2373.772108342174
13,70-74,FEMALE,1995.1606261616487
13,70-74,MALE,2923.454327402814
15,70-74,FEMALE,1238.6864330243593
15,70-74,MALE,2279.007059213168
16,70-74,FEMALE,1677.326394267059
16,70-74,MALE,2258.7447488776565
17,70-74,FEMALE,1726.0208294625481
17,70-74,MALE,2566.0793635144037
18,70-74,FEMALE,2122.9141437074527
18,70-74,MALE,2944.1824367372155
19,70-74,FEMALE,1824.944457946677
19,70-74,MALE,2811.839732179095
20,70-74,FEMALE,1966.6592916244172
20,70-74,MALE,2933.5877223817583
21,70-74,FEMALE,2387.200595295258
21,70-74,MALE,3385.2347969123043
22,70-74,FEMALE,2128.675141966654
22,70-74,MALE,3261.708022571839
23,70-74,FEMALE,1677.700738390775
23,70-74,MALE,2520.755626280113
24,70-74,FEMALE,1650.409319142628
24,70-74,MALE,2405.247689913287
25,70-74,FEMALE,1413.4618490925077
25,70-74,MALE,2125.7484545686143
26,70-74,FEMALE,1829.5532709384113
26,70-74,MALE,2684.1076455617713
27,70-74,FEMALE,1521.5146555812953
27,70-74,MALE,2264.178453747587
28,70-74,FEMALE,2426.6162736811566
28,70-74,MALE,3727.7425586929285
29,70-74,FEMALE,2034.5812585629913
29,70-74,MALE,3010.4831898651537
30,70-74,FEMALE,1693.0600918269658
30,70-74,MALE,2347.2547546055935
31,70-74,FEMALE,1799.6940120827057
31,70-74,MALE,2458.5329762828856
32,70-74,FEMALE,1778.4951716643748
32,70-74,MALE,2837.583749489758
33,70-74,FEMALE,1577.854552049523
33,70-74,MALE,2297.875644536631
34,70-74,FEMALE,1438.8277986991727
34,70-74,MALE,2088.1197417621893
35,70-74,FEMALE,1640.3341609610047
35,70-74,MALE,2571.420730079936
36,70-74,FEMALE,1437.8688601932079
36,70-74,MALE,2189.842465866472
37,70-74,FEMALE,1833.7456266998024
37,70-74,MALE,2811.7886055067024
38,70-74,FEMALE,1613.06909822699
38,70-74,MALE,2383.6749243959844
39,70-74,FEMALE,2021.6901310406831
39,70-74,MALE,2890.376604694563
40,70-74,FEMALE,2412.8310105179626
40,70-74,MALE,3340.6460120323786
41,70-74,FEMALE,1594.341575057278
41,70-74,MALE,2561.313205652845
42,70-74,FEMALE,1746.3225747197816
42,70-74,MALE,2645.121739906305
44,70-74,FEMALE,1404.762387325165
44,70-74,MALE,2379.1517334397677
45,70-74,FEMALE,1942.4604972252675
45,70-74,MALE,2914.326848071362
46,70-74,FEMALE,1631.5751798508686
46,70-74,MALE,2348.965231570423
47,70-74,FEMALE,2325.160313277736
47,70-74,MALE,3262.6046536638974
48,70-74,FEMALE,1861.163138940852
48,70-74,MALE,2733.756522860052
49,70-74,FEMALE,1634.2078948060584
49,70-74,MALE,2079.8835719279964
50,70-74,FEMALE,1554.4078034399759
50,70-74,MALE,2089.2588412431683
51,70-74,FEMALE,1773.8077448709166
51,70-74,MALE,2582.785697853793
53,70-74,FEMALE,1587.672140102856
53,70-74,MALE,2418.5213652178354
54,70-74,FEMALE,2421.7846021324563
54,70-74,MALE,3560.4510711790726
55,70-74,FEMALE,1644.3617461257982
55,70-74,MALE,2435.1728946888607
56,70-74,FEMALE,1807.5780848717225
56,70-74,MALE,2443.595951886081
01,75-79,FEMALE,3595.234331692071
01,75-79,MALE,4928.27563262844
02,75-79,FEMALE,2460.3757859083876
02,75-79,MALE,3636.4601057461314
04,75-79,FEMALE,2674.8507740873606
04,75-79,MALE,3565.912946826194
05,75-79,FEMALE,3851.751211661175
05,75-79,MALE,5171.716798668243
06,75-79,FEMALE,2387.7989222126866
06,75-79,MALE,3462.238984069297
08,75-79,FEMALE,2556.7460368987236
08,75-79,MALE,3347.603921193668
09,75-79,FEMALE,2438.3188776697325
09,75-79,MALE,3332.859871016919
10,75-79,FEMALE,2829.360342655456
10,75-79,MALE,3822.1839294858873
11,75-79,FEMALE,2560.9224741717894
11,75-79,MALE,3038.590700310843
12,75-79,FEMALE,2428.5298448878534
12,75-79,MALE,3448.5744062033878
13,75-79,FEMALE,3131.9507183662536
13,75-79,MALE,4416.127878865821
15,75-79,FEMALE,1911.1162109518687
15,75-79,MALE,2965.02621474055
16,75-79,FEMALE,2793.7827096670785
16,75-79,MALE,3775.5010455486213
17,75-79,FEMALE,2869.7731323326343
17,75-79,MALE,3938.8579435503625
18,75-79,FEMALE,3387.013470493915
18,75-79,MALE,4591.474255373993
19,75-79,FEMALE,3102.8236308863775
19,75-79,MALE,4335.203149768275
20,75-79,FEMALE,3374.983564402174
20,75-79,MALE,4536.7445558717145
21,75-79,FEMALE,3905.1965869648207
21,75-79,MALE,5312.640185879534
22,75-79,FEMALE,3427.241243765904
22,75-79,MALE,4719.357999284866
23,75-79,FEMALE,3109.094904919657
23,75-79,MALE,3937.385087627913
24,75-79,FEMALE,2707.3575000946107
24,75-79,MALE,3759.556441168863
25,75-79,FEMALE,2503.824619412348
25,75-79,MALE,3516.794338865889
26,75-79,FEMALE,3078.388360714671
26,75-79,MALE,4167.222619873467
27,75-79,FEMALE,2634.4374211548948
27,75-79,MALE,3613.341266492024
28,75-79,FEMALE,3815.4622560253656
28,75-79,MALE,5333.278837141172
29,75-79,FEMALE,3366.8418597876866
29,75-79,MALE,4500.7733651927565
30,75-79,FEMALE,2606.2129230480973
30,75-79,MALE,3619.544509269276
31,75-79,FEMALE,3105.403579574653
31,75-79,MALE,4097.5227874582815
32,75-79,FEMALE,3015.2486040611816
32,75-79,MALE,4193.590341929857
33,75-79,FEMALE,2857.762648520744
33,75-79,MALE,3658.6271929611835
34,75-79,FEMALE,2379.425821034025
34,75-79,MALE,3390.735886244113
35,75-79,FEMALE,2643.05019967934
35,75-79,MALE,3470.843598351693
36,75-79,FEMALE,2341.300743174681
36,75-79,MALE,3354.1410436395217
37,75-79,FEMALE,3151.1373805419566
37,75-79,MALE,4321.429450785137
38,75-79,FEMALE,2364.13898352172
38,75-79,MALE,3940.9408647791606
39,75-79,FEMALE,3265.2438138767116
39,75-79,MALE,4437.050208788491
40,75-79,FEMALE,3786.7809766786504
40,75-79,MALE,5122.4289121071815
41,75-79,FEMALE,2885.1013036424974
41,75-79,MALE,3905.46819791016
42,75-79,FEMALE,2986.9601109280643
42,75-79,MALE,4106.480776024327
44,75-79,FEMALE,2785.324761086983
44,75-79,MALE,3498.8379609887047
45,75-79,FEMALE,3202.4322288880876
45,75-79,MALE,4203.3635587092385
46,75-79,FEMALE,2596.2550446614937
46,75-79,MALE,4047.4507374012896
47,75-79,FEMALE,3698.0569713244286
47,75-79,MALE,4728.048423622667
48,75-79,FEMALE,3041.5362302451
48,75-79,MALE,4161.831033752772
49,75-79,FEMALE,2768.0465945082556
49,75-79,MALE,3553.74001628705
50,75-79,FEMALE,2679.289081136464
50,75-79,MALE,3447.6352688367256
51,75-79,FEMALE,2936.0760211617853
51,75-79,MALE,3986.9234736664575
53,75-79,FEMALE,2733.354966477444
53,75-79,MALE,3703.5826237092324
54,75-79,FEMALE,3847.3369179161896
54,75-79,MALE,5125.007851380439
55,75-79,FEMALE,2789.8468423151357
55,75-79,MALE,3795.050451756768
56,75-79,FEMALE,3095.3131183022124
56,75-79,MALE,3839.459909946287
01,80-84,FEMALE,5921.003479754335
01,80-84,MALE,8060.942281852732
02,80-84,FEMALE,4362.799359570036
02,80-84,MALE,6482.803879565228
04,80-84,FEMALE,4536.467811749595
04,80-84,MALE,5948.735764279854
05,80-84,FEMALE,6236.360575049857
05,80-84,MALE,8064.02035923438
06,80-84,FEMALE,4340.32509981692
06,80-84,MALE,5889.42775802795
08,80-84,FEMALE,4723.479966473913
08,80-84,MALE,6099.16255336759
09,80-84,FEMALE,4473.289952671638
09,80-84,MALE,5933.122355220676
10,80-84,FEMALE,5215.717174801277
10,80-84,MALE,6940.81454843105
11,80-84,FEMALE,4070.5426607913905
11,80-84,MALE,5685.165383652539
12,80-84,FEMALE,4157.323658165431
12,80-84,MALE,5575.791325568201
13,80-84,FEMALE,5601.687911276999
13,80-84,MALE,7210.90007488021
15,80-84,FEMALE,3429.6069511045403
15,80-84,MALE,5128.279151088616
16,80-84,FEMALE,5479.735896146531
16,80-84,MALE,6816.841553459525
17,80-84,FEMALE,4983.020755575418
17,80-84,MALE,6760.658690085242
18,80-84,FEMALE,5972.671184375315
18,80-84,MALE,7811.955518318689
19,80-84,FEMALE,5278.543199603478
19,80-84,MALE,6875.794944295074
20,80-84,FEMALE,5457.888325871662
20,80-84,MALE,7785.968954687022
21,80-84,FEMALE,6621.386876517133
21,80-84,MALE,8433.892861754348
22,80-84,FEMALE,5813.499367472556
22,80-84,MALE,7844.359424188171
23,80-84,FEMALE,5769.088545622691
23,80-84,MALE,7119.912400434939
24,80-84,FEMALE,4671.216651167428
24,80-84,MALE,6418.161540069631
25,80-84,FEMALE,4649.863386942165
25,80-84,MALE,6306.325888879545
26,80-84,FEMALE,5422.765512659583
26,80-84,MALE,7082.749469275294
27,80-84,FEMALE,4867.988552519474
27,80-84,MALE,6432.713092864056
28,80-84,FEMALE,6332.554850524153
28,80-84,MALE,8560.595782432552
29,80-84,FEMALE,5708.273776336209
29,80-84,MALE,7717.704964835204
30,80-84,FEMALE,5439.002014631457
30,80-84,MALE,6264.596266042978
31,80-84,FEMALE,5329.395289668491
31,80-84,MALE,7441.038837686588
32,80-84,FEMALE,5115.931408605353
32,80-84,MALE,6806.85763389727
33,80-84,FEMALE,5036.8479146769705
33,80-84,MALE,7181.868292915288
34,80-84,FEMALE,4314.909831861073
34,80-84,MALE,5954.760461766064
35,80-84,FEMALE,4845.704657697657
35,80-84,MALE,6246.919955858497
36,80-84,FEMALE,4104.342055690194
36,80-84,MALE,5756.103879676269
37,80-84,FEMALE,5543.085040912052
37,80-84,MALE,7047.3856336505905
38,80-84,FEMALE,4610.868896640685
38,80-84,MALE,6453.3402312724
39,80-84,FEMALE,5695.844005197394
39,80-84,MALE,7706.252493723091
40,80-84,FEMALE,6462.9015249287095
40,80-84,MALE,8187.4775359151245
41,80-84,FEMALE,5215.946104304818
41,80-84,MALE,7059.693344229013
42,80-84,FEMALE,5201.051169212679
42,80-84,MALE,6957.589603296329
44,80-84,FEMALE,4648.048205084926
44,80-84,MALE,6216.305884044063
45,80-84,FEMALE,5732.161880420817
45,80-84,MALE,7281.413335485215
46,80-84,FEMALE,5139.903405482184
46,80-84,MALE,7307.625171557289
47,80-84,FEMALE,6418.039162886664
47,80-84,MALE,8068.380874353758
48,80-84,FEMALE,5299.624367686631
48,80-84,MALE,6848.924808809658
49,80-84,FEMALE,5350.402958385573
49,80-84,MALE,6721.565629470873
50,80-84,FEMALE,5389.071931849038
50,80-84,MALE,5951.125348226476
51,80-84,FEMALE,5104.074162860803
51,80-84,MALE,6789.216040915943
53,80-84,FEMALE,5129.599439433328
53,80-84,MALE,6485.631328139791
54,80-84,FEMALE,6620.062399372988
54,80-84,MALE,8065.991276704154
55,80-84,FEMALE,5175.220299360506
55,80-84,MALE,7001.820538752541
56,80-84,FEMALE,5509.0804013249235
56,80-84,MALE,6547.196574267211
01,85+,FEMALE,14190.306934967712
01,85+,MALE,15960.152407044241
02,85+,FEMALE,12226.046428138829
02,85+,MALE,15203.055435144825
04,85+,FEMALE,12187.541537110044
04,85+,MALE,12054.792657057984
05,85+,FEMALE,14158.415322215253
05,85+,MALE,15627.130196660253
06,85+,FEMALE,12455.626747187487
06,85+,MALE,14191.459130803833
08,85+,FEMALE,13869.999025079753
08,85+,MALE,15772.081881828259
09,85+,FEMALE,13569.138769275352
09,85+,MALE,15420.131767498387
10,85+,FEMALE,14184.472748917864
10,85+,MALE,15404.109411955049
11,85+,FEMALE,10225.616494752223
11,85+,MALE,9762.976695222109
12,85+,FEMALE,11419.847102036298
12,85+,MALE,11872.737195625607
13,85+,FEMALE,13931.554525916841
13,85+,MALE,14952.88325365649
15,85+,FEMALE,9775.748524938575
15,85+,MALE,11549.993306826978
16,85+,FEMALE,14748.867386201613
16,85+,MALE,16012.488495498357
17,85+,FEMALE,13036.37270813281
17,85+,MALE,15174.640836493929
18,85+,FEMALE,14420.242790520175
18,85+,MALE,17476.074125477477
19,85+,FEMALE,13949.143942106084
19,85+,MALE,16534.457618826455
20,85+,FEMALE,14564.378069719449
20,85+,MALE,16930.909885491234
21,85+,FEMALE,14957.274399922231
21,85+,MALE,16887.544864304913
22,85+,FEMALE,14030.161963295546
22,85+,MALE,15138.374632458412
23,85+,FEMALE,15542.54113946297
23,85+,MALE,17686.845673377746
24,85+,FEMALE,12227.548066424508
24,85+,MALE,14115.419379453642
25,85+,FEMALE,13759.827424370298
25,85+,MALE,16302.976602712215
26,85+,FEMALE,14978.82005349571
26,85+,MALE,16870.716434761023
27,85+,FEMALE,13240.07441908203
27,85+,MALE,15680.603824640053
28,85+,FEMALE,14541.484236916902
28,85+,MALE,16284.753238786112
29,85+,FEMALE,13892.54224566571
29,85+,MALE,16610.73013305481
30,85+,FEMALE,14268.526599611185
30,85+,MALE,16171.531621350357
31,85+,FEMALE,14635.471529236132
31,85+,MALE,16724.529621991584
32,85+,FEMALE,12997.330963805498
32,85+,MALE,13527.021038977411
33,85+,FEMALE,14604.811177249632
33,85+,MALE,16606.196130648896
34,85+,FEMALE,12999.509200564453
34,85+,MALE,14365.559653328055
35,85+,FEMALE,12897.06941915191
35,85+,MALE,14515.296910923882
36,85+,FEMALE,11516.934675679451
36,85+,MALE,13277.415575184552
37,85+,FEMALE,14601.02720808339
37,85+,MALE,16124.45561446483
38,85+,FEMALE,11170.10940146417
38,85+,MALE,15318.885597623497
39,85+,FEMALE,15112.947690140383
39,85+,MALE,17521.18251998399
40,85+,FEMALE,14875.366567843776
40,85+,MALE,16378.302807164166
41,85+,FEMALE,15087.724925436425
41,85+,MALE,16497.379409328067
42,85+,FEMALE,14161.145666661188
42,85+,MALE,16688.981482716925
44,85+,FEMALE,13544.941191513806
44,85+,MALE,16394.63798867929
45,85+,FEMALE,14582.888356794963
45,85+,MALE,16318.762420968562
46,85+,FEMALE,12243.053692767742
46,85+,MALE,16821.755138882534
47,85+,FEMALE,15449.87178447356
47,85+,MALE,16591.84229795067
48,85+,FEMALE,13631.938486347344
48,85+,MALE,15141.672805895605
49,85+,FEMALE,15884.737870250197
49,85+,MALE,16781.730688761436
50,85+,FEMALE,15023.360616781049
50,85+,MALE,16772.831739890422
51,85+,FEMALE,13887.879880287388
51,85+,MALE,15746.332141819825
53,85+,FEMALE,13802.604732993277
53,85+,MALE,15990.274409372665
54,85+,FEMALE,15630.234943819552
54,85+,MALE,16613.757097717895
55,85+,FEMALE,15195.592578109803
55,85+,MALE,17703.896143038906
56,85+,FEMALE,14339.838194201384
56,85+,MALE,14253.197685627845
